team,opponent,round_of_32,round_of_16,quarter_final,semi_final,final,any_knockout
Algeria,Spain,0.17494,0.00086,0.02184,2e-05,0.00056,0.19822
Algeria,United States,0.03562,0.05342,0.00526,0.0,0.0,0.0943
Algeria,Canada,0.08102,0.00048,0.00014,0.00042,4e-05,0.08209999999999999
Algeria,Belgium,0.07232,0.00468,0.00312,2e-05,4e-05,0.08018
Algeria,Switzerland,0.06054,0.00068,0.0002,0.00084,6e-05,0.06231999999999999
Algeria,Iran,0.04448,0.0029,0.0011,2e-05,4e-05,0.04854
Algeria,Colombia,0.00334,0.03772,0.00322,0.00016,0.00044,0.044879999999999996
Algeria,Portugal,0.0015,0.02432,0.00444,0.0001,0.00022,0.030580000000000003
Algeria,Egypt,0.02552,0.00176,0.00066,2e-05,0.0,0.027960000000000002
Algeria,Uruguay,0.02034,0.00288,0.00084,2e-05,2e-05,0.0241
Algeria,England,0.01574,0.00112,0.00054,0.00168,0.00074,0.01982
Algeria,Croatia,0.00036,0.01348,0.00332,0.0,2e-05,0.01718
Algeria,Argentina,0.0,0.0,0.01532,8e-05,0.00144,0.01684
Algeria,New Zealand,0.01008,0.00054,4e-05,0.0,0.0,0.010660000000000001
Algeria,Cape Verde,0.00794,0.00046,0.00038,0.0,0.0,0.00878
Algeria,Bosnia and Herzegovina,0.0,0.00728,0.0003,0.0,0.0,0.00758
Algeria,Austria,0.0,0.0,0.0071,0.0,0.0001,0.007200000000000001
Algeria,Senegal,0.0,0.00536,0.0004,0.00012,4e-05,0.00592
Algeria,France,0.0,0.00038,0.0003,0.00458,0.00044,0.0057
Algeria,DR Congo,0.00032,0.00422,0.00024,2e-05,0.0,0.0048
Algeria,Norway,0.0,0.00306,0.00044,0.00082,0.00012,0.0044399999999999995
Algeria,Ghana,0.00038,0.00354,4e-05,0.0,0.0,0.00396
Algeria,Australia,0.00024,0.00152,0.00144,0.0001,4e-05,0.00334
Algeria,Germany,0.0,0.0,0.0,0.0027,0.00022,0.0029200000000000003
Algeria,Mexico,0.0,0.00178,0.0,0.00072,0.0002,0.0027
Algeria,Panama,4e-05,0.00236,0.00018,0.0,0.0,0.0025800000000000003
Algeria,Ecuador,0.0,0.00212,0.00022,6e-05,4e-05,0.00244
Algeria,South Korea,0.0,0.00152,0.00044,0.00038,0.0,0.00234
Algeria,Brazil,0.0,0.00026,0.00026,0.00144,0.00028,0.00224
Algeria,Paraguay,2e-05,0.00094,0.00092,0.00026,2e-05,0.00216
Algeria,Netherlands,0.0,0.0,0.0001,0.0019,0.0001,0.0021
Algeria,Uzbekistan,2e-05,0.00164,0.00012,0.0,0.0,0.00178
Algeria,Saudi Arabia,0.0016,0.0001,4e-05,0.0,0.0,0.00174
Algeria,Japan,0.0,0.0,0.00014,0.00136,0.00018,0.00168
Algeria,Czechia,0.0,0.001,0.00024,0.0,0.0,0.00124
Algeria,Qatar,0.0,0.00116,2e-05,0.0,0.0,0.00118
Algeria,Morocco,0.0,6e-05,0.00012,0.00068,6e-05,0.00092
Algeria,Ivory Coast,0.0,0.00064,0.00014,8e-05,0.0,0.0008600000000000001
Algeria,Scotland,0.0,0.0004,2e-05,0.00028,4e-05,0.00074
Algeria,Iraq,0.0,0.0005,0.0,0.0,0.0,0.0005
Algeria,South Africa,0.0,0.00018,2e-05,0.0,0.0,0.0002
Algeria,Sweden,0.0,0.0,0.0,0.00014,0.0,0.00014
Algeria,Turkey,0.0,6e-05,0.0,6e-05,0.0,0.00012
Algeria,Curacao,0.0,6e-05,0.0,0.0,0.0,6e-05
Algeria,Haiti,0.0,2e-05,0.0,0.0,0.0,2e-05
Argentina,Cape Verde,0.50412,2e-05,0.00028,8e-05,2e-05,0.50452
Argentina,Spain,0.18916,2e-05,0.00326,0.00452,0.10522,0.30218
Argentina,Colombia,8e-05,0.01624,0.23826,0.00458,0.01226,0.27142
Argentina,Australia,0.0,0.24992,0.00108,0.00042,0.00122,0.25264
Argentina,Saudi Arabia,0.22704,4e-05,0.0001,0.0,0.0,0.22718
Argentina,Belgium,0.00162,0.1654,0.02684,2e-05,0.0075,0.20138
Argentina,Paraguay,0.0,0.16688,0.00174,0.00064,0.00228,0.17154
Argentina,England,0.00044,0.00238,0.00172,0.1553,0.0086,0.16844
Argentina,Portugal,6e-05,0.02606,0.10492,0.00884,0.01562,0.1555
Argentina,France,0.0,0.0,0.00228,0.05948,0.06712,0.12888
Argentina,Iran,0.00088,0.09622,0.02102,0.0,0.00142,0.11954000000000001
Argentina,Switzerland,0.00134,2e-05,0.08158,0.00292,0.00688,0.09274
Argentina,Canada,0.00182,6e-05,0.08188,0.00112,0.0033,0.08818
Argentina,Egypt,0.00046,0.06502,0.01444,0.0,0.00076,0.08067999999999999
Argentina,Brazil,0.0,2e-05,2e-05,0.06614,0.01144,0.07762000000000001
Argentina,Uruguay,0.0716,8e-05,0.00238,0.0016,0.0016,0.07726
Argentina,Mexico,0.0,0.00018,0.0,0.07024,0.0042,0.07461999999999999
Argentina,Norway,0.0,0.00012,0.01232,0.04074,0.00868,0.06186
Argentina,Japan,0.0,0.0,0.00016,0.03776,0.01058,0.0485
Argentina,Croatia,0.0,0.02344,0.01848,0.00098,0.00512,0.04802
Argentina,United States,0.00068,0.00626,0.0255,0.0,0.01504,0.047479999999999994
Argentina,Netherlands,0.0,0.0,8e-05,0.02672,0.0204,0.0472
Argentina,Germany,0.0,0.0,0.0,0.00992,0.02954,0.03946
Argentina,Senegal,0.0,0.00014,0.0181,0.00944,0.00156,0.029240000000000002
Argentina,New Zealand,0.00014,0.02512,0.00198,0.0,0.0,0.02724
Argentina,Austria,0.0,0.0,0.01472,0.00046,0.0106,0.02578
Argentina,Morocco,0.0,0.0,4e-05,0.01848,0.00684,0.02536
Argentina,Algeria,0.0,0.0,0.01532,8e-05,0.00144,0.01684
Argentina,Ecuador,0.0,8e-05,0.00814,0.00392,0.00096,0.013099999999999999
Argentina,DR Congo,0.0,0.00538,0.00568,0.00084,0.00012,0.012020000000000001
Argentina,Ivory Coast,0.0,4e-05,0.0018,0.00824,0.00022,0.0103
Argentina,Ghana,0.0,0.00276,0.00396,0.0,2e-05,0.0067399999999999995
Argentina,Scotland,0.0,2e-05,0.0,0.00518,0.00088,0.0060799999999999995
Argentina,Panama,0.0,0.00156,0.00434,6e-05,2e-05,0.00598
Argentina,South Korea,0.0,4e-05,0.00154,0.00196,0.00208,0.00562
Argentina,Uzbekistan,0.0,0.00274,0.0012,0.00066,0.0001,0.004699999999999999
Argentina,Sweden,0.0,0.0,0.00036,0.00174,0.00078,0.00288
Argentina,Jordan,0.0,0.0,0.00208,2e-05,4e-05,0.00214
Argentina,Bosnia and Herzegovina,0.0,0.00028,0.00166,0.0,8e-05,0.00202
Argentina,Czechia,0.0,2e-05,0.00124,4e-05,0.00026,0.00156
Argentina,Turkey,0.0,0.0,0.00062,0.00012,0.00054,0.00128
Argentina,Iraq,0.0,0.0,0.0007,4e-05,2e-05,0.00076
Argentina,Qatar,0.0,6e-05,0.00012,0.0,0.0,0.00018
Argentina,Curacao,0.0,0.0,6e-05,2e-05,0.0,8e-05
Argentina,South Africa,0.0,0.0,2e-05,0.0,0.0,2e-05
Australia,Germany,0.25248,0.00312,0.0,0.00014,0.0006,0.25633999999999996
Australia,Argentina,0.0,0.24992,0.00108,0.00042,0.00122,0.25264
Australia,Belgium,0.21972,0.00192,0.00214,0.00026,0.0002,0.22424
Australia,Iran,0.16216,0.00112,0.00212,4e-05,0.0,0.16544
Australia,Egypt,0.13194,0.0012,0.00122,0.00018,2e-05,0.13456
Australia,New Zealand,0.09154,6e-05,0.00016,0.0,0.0,0.09176
Australia,France,0.0167,0.04418,0.00018,0.00226,0.0013,0.06462
Australia,Austria,0.00012,0.0358,0.00136,0.00046,0.00014,0.03788
Australia,Colombia,0.00774,0.0,0.02422,0.00072,0.00028,0.032959999999999996
Australia,Norway,0.0055,0.01226,0.00116,0.002,0.00014,0.02106
Australia,Spain,0.0,0.01272,0.00154,0.00318,0.00192,0.019360000000000002
Australia,Portugal,0.00298,0.0,0.0108,0.00106,0.00036,0.0152
Australia,Cape Verde,0.0,0.01464,0.0,0.0,0.0,0.01464
Australia,Switzerland,6e-05,0.00094,0.01126,8e-05,0.00018,0.01252
Australia,Canada,0.0,0.00092,0.0101,0.0,0.00012,0.011139999999999999
Australia,England,0.0,0.0,0.00018,0.00822,0.00026,0.00866
Australia,Sweden,0.00014,0.00826,4e-05,6e-05,0.0,0.0085
Australia,Japan,0.0,0.00408,0.0023,0.00162,0.00038,0.00838
Australia,Netherlands,0.0,0.00012,0.00542,0.001,0.00058,0.0071200000000000005
Australia,Brazil,0.0,0.00056,0.00212,0.00326,0.00034,0.00628
Australia,Uruguay,0.0,0.00486,0.0001,0.00012,8e-05,0.00516
Australia,Saudi Arabia,0.0,0.00484,0.0,0.0,0.0,0.00484
Australia,Mexico,0.0,0.0,0.00026,0.00354,0.00012,0.00392
Australia,Senegal,0.0009,0.00068,0.00166,0.00054,2e-05,0.0038
Australia,Morocco,0.0,2e-05,0.00298,0.00054,0.00022,0.00376
Australia,Bosnia and Herzegovina,0.00356,0.0,0.0,0.0,0.0,0.00356
Australia,Algeria,0.00024,0.00152,0.00144,0.0001,4e-05,0.00334
Australia,Croatia,0.0,0.0,0.00184,0.00048,4e-05,0.00236
Australia,Ivory Coast,0.00132,0.0001,0.00018,0.00052,2e-05,0.00214
Australia,South Korea,0.0,0.00022,0.0016,6e-05,4e-05,0.00192
Australia,Qatar,0.00176,0.0,0.0,0.0,0.0,0.00176
Australia,Scotland,0.0,0.00076,0.0004,0.0003,0.0,0.00146
Australia,United States,0.0,0.0,0.0,0.00092,0.00042,0.00134
Australia,Ecuador,0.00024,0.00024,0.00068,0.0001,2e-05,0.00128
Australia,DR Congo,0.00034,0.0,0.0006,0.00012,0.0,0.00106
Australia,Jordan,0.00016,0.0004,0.0001,0.0,0.0,0.00066
Australia,Paraguay,0.0,0.0,0.0005,0.0,8e-05,0.00058
Australia,Ghana,0.0,0.0,0.00048,0.0,2e-05,0.0005
Australia,Panama,0.0,0.0,0.00034,0.0,0.0,0.00034
Australia,Czechia,0.0,0.00024,6e-05,0.0,0.0,0.00030000000000000003
Australia,Uzbekistan,8e-05,0.0,0.0001,6e-05,2e-05,0.00026000000000000003
Australia,Iraq,0.00012,6e-05,2e-05,2e-05,2e-05,0.00024
Australia,Turkey,0.0,0.0,4e-05,2e-05,0.0,6.000000000000001e-05
Australia,Curacao,6e-05,0.0,0.0,0.0,0.0,6e-05
Australia,South Africa,0.0,0.0,4e-05,0.0,0.0,4e-05
Austria,Spain,0.56518,0.00062,0.02352,0.00018,0.00412,0.59362
Austria,Cape Verde,0.10454,0.00038,0.00074,2e-05,0.0,0.10568
Austria,United States,0.01836,0.0375,0.03476,0.0,0.00066,0.09128
Austria,Colombia,0.00148,0.05308,0.02736,0.0005,0.00172,0.08414
Austria,Belgium,0.03984,0.02678,0.01532,2e-05,0.00042,0.08238000000000001
Austria,Uruguay,0.07512,0.00192,0.00342,0.0001,0.00014,0.08070000000000001
Austria,Portugal,0.00114,0.06206,0.014,0.00056,0.00112,0.07887999999999999
Austria,Croatia,8e-05,0.05436,0.00452,6e-05,0.00024,0.05926
Austria,Canada,0.04246,0.00054,0.00848,0.0016,0.00036,0.053439999999999994
Austria,Iran,0.0228,0.01578,0.00744,6e-05,0.00014,0.04622
Austria,Switzerland,0.03092,0.0006,0.00822,0.00242,0.00056,0.04272
Austria,Saudi Arabia,0.0402,0.00014,0.00014,0.0,0.0,0.04048
Austria,Australia,0.00012,0.0358,0.00136,0.00046,0.00014,0.03788
Austria,England,0.00976,0.00506,0.00058,0.01172,0.00374,0.03086
Austria,Egypt,0.01442,0.0103,0.00558,2e-05,8e-05,0.0304
Austria,Argentina,0.0,0.0,0.01472,0.00046,0.0106,0.02578
Austria,France,0.0,0.00024,0.0008,0.02038,0.00392,0.025339999999999998
Austria,Paraguay,4e-05,0.02354,0.00076,0.00068,0.00022,0.02524
Austria,DR Congo,0.00016,0.0132,0.00088,0.00012,0.0,0.01436
Austria,Germany,0.0,0.0,0.0,0.01104,0.00146,0.012499999999999999
Austria,Norway,0.0,0.00228,0.00344,0.00576,0.001,0.01248
Austria,New Zealand,0.00566,0.00422,0.00068,0.0,0.0,0.01056
Austria,Netherlands,0.0,0.0,0.0002,0.00912,0.00112,0.01044
Austria,Brazil,0.0,0.00014,0.00026,0.00808,0.0013,0.00978
Austria,Senegal,0.0,0.00362,0.00466,0.00084,0.0002,0.00932
Austria,Mexico,0.0,0.00192,0.0,0.00542,0.00118,0.00852
Austria,Ghana,0.00022,0.00696,0.00048,0.0,0.0,0.00766
Austria,Japan,0.0,0.0,0.00044,0.00632,0.00064,0.0074
Austria,Algeria,0.0,0.0,0.0071,0.0,0.0001,0.007200000000000001
Austria,Uzbekistan,4e-05,0.00644,0.00028,4e-05,0.0,0.0068000000000000005
Austria,Bosnia and Herzegovina,0.0,0.00454,0.0018,0.0,0.0,0.00634
Austria,South Korea,0.0,0.00158,0.00208,0.0012,6e-05,0.00492
Austria,Panama,4e-05,0.00418,0.00056,0.0,0.0,0.0047799999999999995
Austria,Morocco,0.0,2e-05,8e-05,0.00392,0.00062,0.00464
Austria,Ecuador,0.0,0.00144,0.00246,0.00024,8e-05,0.00422
Austria,Czechia,0.0,0.00088,0.00168,8e-05,0.0,0.00264
Austria,Ivory Coast,0.0,0.00042,0.00086,0.00084,0.00012,0.0022400000000000002
Austria,Scotland,0.0,0.00064,4e-05,0.00122,6e-05,0.00196
Austria,Qatar,0.0,0.00074,0.0002,0.0,0.0,0.00094
Austria,Jordan,0.0,0.0,0.00086,0.0,2e-05,0.00088
Austria,Sweden,0.0,0.0,0.0002,0.00056,2e-05,0.00078
Austria,Iraq,0.0,0.00018,0.00024,0.0,0.0,0.00042
Austria,Turkey,0.0,2e-05,0.0001,0.00026,0.0,0.00037999999999999997
Austria,South Africa,0.0,6e-05,8e-05,0.0,0.0,0.00014000000000000001
Austria,Curacao,0.0,4e-05,0.0,0.0,0.0,4e-05
Belgium,Australia,0.21972,0.00192,0.00214,0.00026,0.0002,0.22424
Belgium,Argentina,0.00162,0.1654,0.02684,2e-05,0.0075,0.20138
Belgium,United States,0.00296,0.1942,2e-05,0.00016,0.0007,0.19804000000000002
Belgium,Paraguay,0.1411,0.0008,0.00206,0.00076,0.0002,0.14492
Belgium,Spain,0.01072,0.00808,0.0785,0.0005,0.00508,0.10288
Belgium,Austria,0.03984,0.02678,0.01532,2e-05,0.00042,0.08238000000000001
Belgium,Algeria,0.07232,0.00468,0.00312,2e-05,4e-05,0.08018
Belgium,Canada,0.0686,0.00012,0.00782,0.00124,0.00028,0.07805999999999999
Belgium,Colombia,0.0,0.03326,0.03374,0.00046,0.00198,0.06944
Belgium,Switzerland,0.05092,0.00164,0.00748,0.00302,0.00046,0.06352
Belgium,South Korea,0.04906,0.0,6e-05,0.00082,0.00012,0.05006
Belgium,Uruguay,0.04192,0.00306,0.0033,0.00014,0.0001,0.04852
Belgium,Czechia,0.04736,0.0,0.0,0.00012,0.0,0.04748
Belgium,Senegal,0.03386,0.00994,0.00134,0.00068,0.00016,0.04598
Belgium,Portugal,0.0,0.01428,0.02894,0.00076,0.00148,0.04546
Belgium,France,0.00764,0.0007,0.00016,0.01954,0.00438,0.03242
Belgium,Norway,0.017,0.00538,0.0008,0.00534,0.0011,0.02962
Belgium,Jordan,0.0278,0.00118,0.00028,0.0,0.0,0.029259999999999998
Belgium,Cape Verde,0.01646,0.00982,0.00056,0.0,4e-05,0.02688
Belgium,Bosnia and Herzegovina,0.0,0.0258,0.0,0.0,0.0,0.0258
Belgium,Ecuador,0.01248,0.0054,0.0007,0.00018,8e-05,0.01884
Belgium,Croatia,0.0,0.00316,0.01398,0.00012,0.00032,0.01758
Belgium,England,0.0,0.00022,0.00226,0.01162,0.00308,0.01718
Belgium,Germany,0.0,0.0017,0.0,0.00926,0.00082,0.011779999999999999
Belgium,Saudi Arabia,0.00734,0.00326,6e-05,0.0,0.0,0.01066
Belgium,Brazil,0.0,6e-05,6e-05,0.0077,0.00148,0.009300000000000001
Belgium,Netherlands,0.0,0.0,0.0002,0.0079,0.00116,0.009260000000000001
Belgium,South Africa,0.00826,0.0,0.0,0.0,0.0,0.00826
Belgium,Ivory Coast,0.00522,0.0016,0.00018,0.00078,0.00012,0.007899999999999999
Belgium,Japan,0.0,0.0004,0.00018,0.00568,0.0009,0.0071600000000000006
Belgium,Mexico,0.0,0.0,8e-05,0.00598,0.00092,0.00698
Belgium,Iraq,0.00606,0.00088,0.0,0.0,0.0,0.00694
Belgium,Qatar,0.0,0.0048,0.0,0.0,0.0,0.0048
Belgium,Morocco,0.0,0.0,0.0002,0.00378,0.00052,0.0045
Belgium,Ghana,0.0,0.00248,0.00078,0.0,0.0,0.00326
Belgium,DR Congo,0.0,0.00138,0.00154,6e-05,0.0,0.00298
Belgium,Iran,0.0,0.0,0.00226,2e-05,0.00024,0.0025199999999999997
Belgium,Panama,0.0,0.00136,0.00108,0.0,0.0,0.0024400000000000003
Belgium,Egypt,0.0,0.0,0.00182,6e-05,8e-05,0.00196
Belgium,Curacao,0.00164,0.0001,0.0,0.0,0.0,0.00174
Belgium,Uzbekistan,0.0,0.00034,0.001,2e-05,0.0,0.00136
Belgium,Sweden,0.0,0.0008,2e-05,0.00038,2e-05,0.0012200000000000002
Belgium,Scotland,0.0,8e-05,0.0,0.00078,2e-05,0.00088
Belgium,Turkey,0.0,0.00024,6e-05,0.00026,4e-05,0.0006
Belgium,New Zealand,0.0,0.0,0.0003,0.0,0.0,0.0003
Bosnia and Herzegovina,United States,0.5295,0.0,0.0,2e-05,0.0,0.52952
Bosnia and Herzegovina,Belgium,0.0,0.0258,0.0,0.0,0.0,0.0258
Bosnia and Herzegovina,South Korea,0.00894,0.00562,0.0,0.0,0.0,0.01456
Bosnia and Herzegovina,Spain,0.0,0.00186,0.0126,0.0,0.0,0.01446
Bosnia and Herzegovina,Egypt,0.0,0.01236,0.0,0.0,0.0,0.01236
Bosnia and Herzegovina,Iran,0.0,0.01202,0.0,0.0,0.0,0.01202
Bosnia and Herzegovina,Algeria,0.0,0.00728,0.0003,0.0,0.0,0.00758
Bosnia and Herzegovina,Austria,0.0,0.00454,0.0018,0.0,0.0,0.00634
Bosnia and Herzegovina,Senegal,0.0,0.00594,0.0,0.0,0.0,0.00594
Bosnia and Herzegovina,Uruguay,0.0,0.0051,0.00052,0.0,0.0,0.00562
Bosnia and Herzegovina,Czechia,0.00054,0.0044,0.0,2e-05,0.0,0.00496
Bosnia and Herzegovina,Australia,0.00356,0.0,0.0,0.0,0.0,0.00356
Bosnia and Herzegovina,Norway,0.0,0.00332,4e-05,0.00012,0.0,0.00348
Bosnia and Herzegovina,Ecuador,0.0,0.00286,0.0,0.0,0.0,0.00286
Bosnia and Herzegovina,Portugal,0.0,0.0,0.00284,0.0,0.0,0.00284
Bosnia and Herzegovina,New Zealand,0.0,0.00228,0.0,0.0,0.0,0.00228
Bosnia and Herzegovina,Croatia,0.0,0.0,0.00222,0.0,0.0,0.00222
Bosnia and Herzegovina,Argentina,0.0,0.00028,0.00166,0.0,8e-05,0.00202
Bosnia and Herzegovina,South Africa,0.00146,0.00046,0.0,0.0,0.0,0.0019199999999999998
Bosnia and Herzegovina,Jordan,0.0,0.00188,2e-05,0.0,0.0,0.0019
Bosnia and Herzegovina,Colombia,0.0,0.0,0.00158,0.0,2e-05,0.0016
Bosnia and Herzegovina,Netherlands,0.0,0.00128,0.0,0.0003,0.0,0.00158
Bosnia and Herzegovina,France,0.0,0.00038,0.00024,0.00054,2e-05,0.00118
Bosnia and Herzegovina,Ivory Coast,0.0,0.00108,0.0,0.0,0.0,0.00108
Bosnia and Herzegovina,Cape Verde,0.0,0.00098,0.0,0.0,0.0,0.00098
Bosnia and Herzegovina,Morocco,0.0,0.00086,0.0,8e-05,0.0,0.00094
Bosnia and Herzegovina,Paraguay,0.00094,0.0,0.0,0.0,0.0,0.00094
Bosnia and Herzegovina,Germany,0.0003,0.0,0.0001,0.00052,0.0,0.0009199999999999999
Bosnia and Herzegovina,Saudi Arabia,0.0,0.00072,0.0,0.0,0.0,0.00072
Bosnia and Herzegovina,Japan,0.0,0.0006,0.0,0.0001,0.0,0.0007
Bosnia and Herzegovina,Brazil,0.0,0.00054,4e-05,8e-05,2e-05,0.00068
Bosnia and Herzegovina,Iraq,0.0,0.00068,0.0,0.0,0.0,0.00068
Bosnia and Herzegovina,Mexico,0.00054,0.0,0.0,4e-05,0.0,0.00058
Bosnia and Herzegovina,England,0.0,0.0,0.00028,0.0,0.0,0.00028
Bosnia and Herzegovina,DR Congo,0.0,0.0,0.00028,0.0,0.0,0.00028
Bosnia and Herzegovina,Curacao,0.0,0.00014,0.0,0.0,0.0,0.00014
Bosnia and Herzegovina,Uzbekistan,0.0,0.0,0.00014,0.0,0.0,0.00014
Bosnia and Herzegovina,Switzerland,0.0,0.0,0.0,0.0001,2e-05,0.00012
Bosnia and Herzegovina,Scotland,0.0,0.0001,0.0,0.0,0.0,0.0001
Bosnia and Herzegovina,Ghana,0.0,0.0,6e-05,0.0,0.0,6e-05
Bosnia and Herzegovina,Canada,0.0,0.0,0.0,6e-05,0.0,6e-05
Bosnia and Herzegovina,Panama,0.0,0.0,4e-05,0.0,0.0,4e-05
Bosnia and Herzegovina,Turkey,0.0,0.0,2e-05,2e-05,0.0,4e-05
Bosnia and Herzegovina,Sweden,0.0,0.0,2e-05,0.0,0.0,2e-05
Brazil,Japan,0.40006,0.00098,0.0108,8e-05,0.00218,0.4141
Brazil,Netherlands,0.35666,4e-05,0.0067,0.0,0.00434,0.36773999999999996
Brazil,Mexico,0.10686,0.00512,0.06668,0.0,0.00162,0.18028
Brazil,England,0.0,0.048,0.11182,0.00072,0.005,0.16554
Brazil,Norway,2e-05,0.14408,0.01674,0.00152,0.00204,0.16440000000000002
Brazil,France,0.00014,0.08688,0.0476,0.00036,0.01494,0.14992
Brazil,Sweden,0.08906,0.0018,0.0035,0.0,6e-05,0.09442
Brazil,Ivory Coast,0.00028,0.08816,0.00276,0.00014,6e-05,0.09140000000000001
Brazil,Germany,0.04242,0.001,0.03246,0.0,0.00546,0.08134
Brazil,Argentina,0.0,2e-05,2e-05,0.06614,0.01144,0.07762000000000001
Brazil,Switzerland,0.0,0.05052,0.00186,0.00512,0.00152,0.05902
Brazil,Senegal,0.0,0.04668,0.00554,0.00118,0.00054,0.05394
Brazil,South Korea,0.0045,0.04228,0.00236,0.00044,0.00032,0.0499
Brazil,Spain,0.0,4e-05,0.00268,0.0265,0.01848,0.0477
Brazil,Canada,0.0,0.03348,0.00108,0.00444,0.00054,0.039540000000000006
Brazil,Colombia,0.0,0.00174,0.00358,0.02346,0.00406,0.03284
Brazil,Portugal,0.0,0.00364,0.00746,0.01372,0.00334,0.028159999999999998
Brazil,Scotland,0.0,0.0,0.01208,0.0,0.00012,0.0122
Brazil,Ecuador,0.0,0.0075,0.00332,0.00074,0.00026,0.011819999999999999
Brazil,Austria,0.0,0.00014,0.00026,0.00808,0.0013,0.00978
Brazil,Belgium,0.0,6e-05,6e-05,0.0077,0.00148,0.009300000000000001
Brazil,Morocco,0.0,0.0,0.0064,0.0,0.00244,0.00884
Brazil,United States,0.0,0.0,0.0,0.00644,0.00234,0.00878
Brazil,Paraguay,0.0,0.00078,0.00328,0.00272,0.00048,0.00726
Brazil,Australia,0.0,0.00056,0.00212,0.00326,0.00034,0.00628
Brazil,Croatia,0.0,0.00082,0.00128,0.00282,0.00116,0.00608
Brazil,DR Congo,0.0,0.0022,0.00174,0.00022,4e-05,0.0042
Brazil,Uruguay,0.0,4e-05,0.00184,0.00142,0.00046,0.0037600000000000003
Brazil,Iran,0.0,4e-05,8e-05,0.00294,0.0004,0.00346
Brazil,Uzbekistan,0.0,0.00172,0.00148,4e-05,4e-05,0.00328
Brazil,South Africa,0.0,0.00268,0.0,0.0,0.0,0.00268
Brazil,Algeria,0.0,0.00026,0.00026,0.00144,0.00028,0.00224
Brazil,Czechia,0.0,0.00176,6e-05,0.0002,2e-05,0.00204
Brazil,Curacao,0.0,0.00178,4e-05,0.0,0.0,0.00182
Brazil,Egypt,0.0,2e-05,0.0,0.00154,0.00016,0.00172
Brazil,Turkey,0.0,0.00036,0.00098,2e-05,8e-05,0.00144
Brazil,Iraq,0.0,0.00128,0.0001,6e-05,0.0,0.00144
Brazil,Cape Verde,0.0,2e-05,0.0002,0.00058,2e-05,0.00082
Brazil,Bosnia and Herzegovina,0.0,0.00054,4e-05,8e-05,2e-05,0.00068
Brazil,Ghana,0.0,0.00028,0.0001,6e-05,2e-05,0.00045999999999999996
Brazil,Panama,0.0,8e-05,8e-05,0.00014,0.0,0.00030000000000000003
Brazil,Jordan,0.0,6e-05,0.00012,4e-05,2e-05,0.00024
Brazil,Saudi Arabia,0.0,2e-05,8e-05,0.00014,0.0,0.00024
Brazil,New Zealand,0.0,4e-05,0.0,8e-05,0.0,0.00012000000000000002
Brazil,Haiti,0.0,0.0,2e-05,0.0,0.0,2e-05
Canada,South Korea,0.32656,0.0,0.0,0.00016,8e-05,0.32680000000000003
Canada,Colombia,0.0,0.1779,2e-05,0.00156,0.00112,0.1806
Canada,Egypt,0.12996,6e-05,0.00134,0.00014,2e-05,0.13152
Canada,Iran,0.11536,2e-05,0.003,0.00038,4e-05,0.1188
Canada,Netherlands,0.0,0.104,4e-05,0.00134,0.00064,0.10601999999999999
Canada,Argentina,0.00182,6e-05,0.08188,0.00112,0.0033,0.08818
Canada,Portugal,0.0,0.07962,0.0,0.00306,0.00092,0.0836
Canada,Algeria,0.08102,0.00048,0.00014,0.00042,4e-05,0.08209999999999999
Canada,Belgium,0.0686,0.00012,0.00782,0.00124,0.00028,0.07805999999999999
Canada,New Zealand,0.06998,0.0,0.00034,4e-05,0.0,0.07036
Canada,Morocco,0.0,0.0616,8e-05,0.00134,0.00022,0.06324
Canada,South Africa,0.05544,2e-05,0.0,0.0,0.0,0.05546
Canada,Austria,0.04246,0.00054,0.00848,0.0016,0.00036,0.053439999999999994
Canada,Japan,0.00068,0.04112,0.00268,0.00274,0.00048,0.0477
Canada,France,0.00034,0.00118,0.03794,0.00356,0.0028,0.04582
Canada,Brazil,0.0,0.03348,0.00108,0.00444,0.00054,0.039540000000000006
Canada,Mexico,0.0251,0.0,0.0,0.00458,0.00038,0.03006
Canada,Germany,0.0,0.0,0.0287,0.0,0.00106,0.029759999999999998
Canada,Jordan,0.02942,8e-05,0.0,2e-05,0.0,0.02952
Canada,Norway,0.00352,0.00816,0.00872,0.00348,0.00042,0.024300000000000002
Canada,Senegal,0.00864,0.01342,0.00014,0.00102,8e-05,0.0233
Canada,Croatia,0.0,0.01796,2e-05,0.0013,0.00014,0.01942
Canada,Spain,0.0,2e-05,0.00438,0.01128,0.00316,0.01884
Canada,Czechia,0.01776,2e-05,0.0,0.0001,0.0,0.01788
Canada,Ecuador,0.01084,0.00456,0.0,0.00046,6e-05,0.01592
Canada,England,0.0,0.00148,0.0,0.00992,0.00138,0.01278
Canada,Ghana,0.0,0.01248,0.0,4e-05,0.0,0.01252
Canada,Paraguay,0.0,0.00172,0.00948,0.0,6e-05,0.011260000000000001
Canada,Australia,0.0,0.00092,0.0101,0.0,0.00012,0.011139999999999999
Canada,Scotland,0.0,0.00942,0.00118,0.00028,8e-05,0.01096
Canada,DR Congo,0.0,0.00806,0.0,0.00016,0.0,0.00822
Canada,Sweden,0.00354,0.00262,0.00174,6e-05,0.0,0.00796
Canada,Panama,0.0,0.00714,0.0,4e-05,0.0,0.00718
Canada,Ivory Coast,0.00504,0.00134,0.0,0.00076,0.0,0.0071400000000000005
Canada,United States,0.00076,0.0,8e-05,0.00306,0.00072,0.00462
Canada,Iraq,0.0015,0.00096,2e-05,2e-05,0.0,0.0025
Canada,Uzbekistan,0.0,0.0019,0.0,4e-05,2e-05,0.00196
Canada,Turkey,0.0,0.00064,0.0012,0.0,0.0,0.00184
Canada,Cape Verde,0.0,0.0,0.00178,4e-05,0.0,0.00182
Canada,Curacao,0.00166,4e-05,0.0,0.0,0.0,0.0017000000000000001
Canada,Uruguay,0.0,2e-05,0.00094,0.00042,6e-05,0.00144
Canada,Saudi Arabia,0.0,0.0,0.00054,0.0,0.0,0.00054
Canada,Switzerland,0.0,0.0,0.0,0.0,0.00046,0.00046
Canada,Bosnia and Herzegovina,0.0,0.0,0.0,6e-05,0.0,6e-05
Canada,Haiti,0.0,0.0,2e-05,0.0,0.0,2e-05
Cape Verde,Argentina,0.50412,2e-05,0.00028,8e-05,2e-05,0.50452
Cape Verde,Austria,0.10454,0.00038,0.00074,2e-05,0.0,0.10568
Cape Verde,Mexico,0.03226,6e-05,0.0,0.00036,0.0,0.032679999999999994
Cape Verde,Belgium,0.01646,0.00982,0.00056,0.0,4e-05,0.02688
Cape Verde,Egypt,0.01522,0.00368,0.00026,0.0,0.0,0.01916
Cape Verde,Iran,0.0105,0.00566,0.0005,0.0,0.0,0.01666
Cape Verde,Australia,0.0,0.01464,0.0,0.0,0.0,0.01464
Cape Verde,United States,0.0,0.01084,0.0005,0.0,2e-05,0.01136
Cape Verde,Paraguay,0.0,0.01042,2e-05,0.0,0.0,0.01044
Cape Verde,Algeria,0.00794,0.00046,0.00038,0.0,0.0,0.00878
Cape Verde,England,0.00086,0.00512,8e-05,0.00084,2e-05,0.006920000000000001
Cape Verde,Colombia,0.0,0.0011,0.00534,4e-05,4e-05,0.006520000000000001
Cape Verde,Portugal,0.0,0.0023,0.00312,0.00012,4e-05,0.00558
Cape Verde,New Zealand,0.0038,0.00132,2e-05,0.0,0.0,0.00514
Cape Verde,South Korea,0.00408,0.0,2e-05,2e-05,0.0,0.00412
Cape Verde,Croatia,4e-05,0.00198,0.0008,0.0,0.0,0.00282
Cape Verde,France,0.00144,4e-05,0.00024,0.0006,0.00012,0.00244
Cape Verde,Spain,0.0,0.0,0.0018,0.0,0.0001,0.0019
Cape Verde,Canada,0.0,0.0,0.00178,4e-05,0.0,0.00182
Cape Verde,Switzerland,0.0,2e-05,0.00162,0.0,0.0,0.00164
Cape Verde,Norway,0.00046,0.00048,0.00042,0.00024,2e-05,0.0016200000000000001
Cape Verde,Jordan,0.00132,0.0001,2e-05,0.0,0.0,0.00144
Cape Verde,Bosnia and Herzegovina,0.0,0.00098,0.0,0.0,0.0,0.00098
Cape Verde,Senegal,4e-05,0.00064,0.00022,6e-05,0.0,0.00096
Cape Verde,Brazil,0.0,2e-05,0.0002,0.00058,2e-05,0.00082
Cape Verde,DR Congo,0.0,0.00052,0.00014,2e-05,0.0,0.0006799999999999999
Cape Verde,Uzbekistan,0.0,0.0004,6e-05,0.0,0.0,0.00046
Cape Verde,Ecuador,0.0,0.00022,0.0002,0.0,0.0,0.00042
Cape Verde,Japan,0.0,2e-05,0.00018,0.00014,2e-05,0.00036
Cape Verde,Qatar,0.0,0.00032,0.0,0.0,0.0,0.00032
Cape Verde,Germany,0.0,0.00012,0.0,0.00016,4e-05,0.00032
Cape Verde,Ghana,0.0,0.00016,0.0001,0.0,0.0,0.00026000000000000003
Cape Verde,Morocco,0.0,0.0,4e-05,0.00016,2e-05,0.00022
Cape Verde,Netherlands,0.0,0.0,0.00016,4e-05,2e-05,0.00022
Cape Verde,Uruguay,0.0,0.0,0.0002,0.0,0.0,0.0002
Cape Verde,Ivory Coast,0.0,8e-05,4e-05,6e-05,0.0,0.00018
Cape Verde,Panama,0.0,8e-05,8e-05,0.0,0.0,0.00016
Cape Verde,Iraq,2e-05,6e-05,2e-05,0.0,0.0,0.0001
Cape Verde,Czechia,0.0,0.0,8e-05,0.0,0.0,8e-05
Cape Verde,Scotland,0.0,4e-05,0.0,2e-05,0.0,6.000000000000001e-05
Cape Verde,Sweden,0.0,2e-05,0.0,2e-05,0.0,4e-05
Cape Verde,Curacao,0.0,2e-05,0.0,0.0,0.0,2e-05
Cape Verde,Turkey,0.0,0.0,2e-05,0.0,0.0,2e-05
Colombia,Ghana,0.33706,0.0,0.0,2e-05,0.0,0.33708000000000005
Colombia,Croatia,0.27386,0.0,0.0,0.00046,0.00136,0.27568
Colombia,Argentina,8e-05,0.01624,0.23826,0.00458,0.01226,0.27142
Colombia,Canada,0.0,0.1779,2e-05,0.00156,0.00112,0.1806
Colombia,Spain,0.0,0.1286,0.01348,0.0016,0.02378,0.16746
Colombia,Switzerland,0.0,0.14676,0.00018,0.00358,0.00174,0.15226
Colombia,England,0.08668,0.0,0.0,0.0498,0.00444,0.14092
Colombia,Panama,0.10008,0.0,0.0,2e-05,2e-05,0.10012
Colombia,Senegal,0.07834,0.00426,0.00368,0.00336,0.00054,0.09018000000000001
Colombia,Austria,0.00148,0.05308,0.02736,0.0005,0.00172,0.08414
Colombia,Belgium,0.0,0.03326,0.03374,0.00046,0.00198,0.06944
Colombia,Norway,0.03322,0.00228,0.0054,0.01464,0.00272,0.05826
Colombia,Iran,0.0,0.04372,0.01376,0.00024,0.00036,0.05808
Colombia,France,0.00356,0.00022,0.00256,0.0286,0.01808,0.05302
Colombia,Egypt,0.0,0.03748,0.00854,4e-05,0.00024,0.0463
Colombia,Algeria,0.00334,0.03772,0.00322,0.00016,0.00044,0.044879999999999996
Colombia,Mexico,0.0,0.01942,0.0,0.02222,0.00174,0.04338
Colombia,United States,0.0,0.0,0.03152,0.0,0.0033,0.03482
Colombia,Ecuador,0.02288,0.00638,0.00196,0.00158,0.0002,0.033
Colombia,Australia,0.00774,0.0,0.02422,0.00072,0.00028,0.032959999999999996
Colombia,Brazil,0.0,0.00174,0.00358,0.02346,0.00406,0.03284
Colombia,Paraguay,0.01042,0.0,0.01748,0.0009,0.00046,0.029259999999999998
Colombia,Japan,0.0,0.00056,0.00312,0.01424,0.00296,0.02088
Colombia,Netherlands,0.0,0.0,0.00158,0.01256,0.00506,0.019200000000000002
Colombia,Ivory Coast,0.00974,0.00198,0.0016,0.00282,2e-05,0.01616
Colombia,Germany,0.0,0.0,0.0,0.00938,0.0067,0.01608
Colombia,Uruguay,0.0,0.0084,0.00526,0.0005,0.00056,0.014719999999999999
Colombia,Iraq,0.01238,0.00038,0.00022,2e-05,0.0,0.013000000000000001
Colombia,New Zealand,0.0,0.01156,0.00114,0.0,0.0,0.012700000000000001
Colombia,Portugal,0.0,0.0,0.0,0.00488,0.00712,0.012
Colombia,Morocco,0.0,0.00012,0.00136,0.00746,0.00154,0.01048
Colombia,Jordan,0.00106,0.00654,0.00052,0.0,2e-05,0.00814
Colombia,Scotland,0.0,0.00472,6e-05,0.00232,0.0002,0.0073
Colombia,Cape Verde,0.0,0.0011,0.00534,4e-05,4e-05,0.006520000000000001
Colombia,Turkey,0.00466,0.0,0.0,0.00032,8e-05,0.00506
Colombia,South Korea,0.0,0.00096,0.00196,0.00148,0.00062,0.00502
Colombia,Curacao,0.00292,0.00034,2e-05,0.0,0.0,0.00328
Colombia,Sweden,0.0,0.00116,0.00038,0.00082,0.00018,0.00254
Colombia,Bosnia and Herzegovina,0.0,0.0,0.00158,0.0,2e-05,0.0016
Colombia,Czechia,0.0,0.0,0.00144,2e-05,0.0001,0.0015600000000000002
Colombia,Saudi Arabia,0.0,2e-05,0.00134,2e-05,0.0,0.0013800000000000002
Colombia,DR Congo,0.0,0.0,0.0,0.00028,2e-05,0.0003
Colombia,Uzbekistan,0.0,0.0,0.0,0.00022,6e-05,0.00028000000000000003
Colombia,Qatar,0.0,0.0,8e-05,0.0,0.0,8e-05
Colombia,South Africa,0.0,0.0,6e-05,0.0,0.0,6e-05
Colombia,Haiti,0.0,2e-05,0.0,0.0,0.0,2e-05
Croatia,Portugal,0.34468,0.0,0.0,0.00034,0.00094,0.34596
Croatia,Colombia,0.27386,0.0,0.0,0.00046,0.00136,0.27568
Croatia,Spain,2e-05,0.20174,0.00366,0.00022,0.00154,0.20718
Croatia,DR Congo,0.13994,0.0,0.0,4e-05,0.0,0.13998000000000002
Croatia,Uzbekistan,0.07268,0.0,0.0,0.0,0.0,0.07268
Croatia,Austria,8e-05,0.05436,0.00452,6e-05,0.00024,0.05926
Croatia,Argentina,0.0,0.02344,0.01848,0.00098,0.00512,0.04802
Croatia,United States,0.0,0.0,0.0349,0.0,0.0001,0.035
Croatia,Canada,0.0,0.01796,2e-05,0.0013,0.00014,0.01942
Croatia,France,4e-05,2e-05,0.00144,0.01478,0.00144,0.01772
Croatia,Belgium,0.0,0.00316,0.01398,0.00012,0.00032,0.01758
Croatia,Algeria,0.00036,0.01348,0.00332,0.0,2e-05,0.01718
Croatia,Switzerland,0.0,0.01386,0.00014,0.00234,0.00024,0.01658
Croatia,Uruguay,0.0001,0.01344,0.00228,4e-05,6e-05,0.01592
Croatia,Mexico,0.0,0.0092,0.0,0.00166,0.00078,0.01164
Croatia,Iran,0.0,0.00418,0.00548,6e-05,2e-05,0.009739999999999999
Croatia,Germany,0.0,0.0,0.0,0.00842,0.00034,0.00876
Croatia,Egypt,0.0,0.00342,0.00438,2e-05,4e-05,0.00786
Croatia,Senegal,0.0034,0.0009,0.0027,0.00016,0.0001,0.00726
Croatia,Norway,0.00146,0.00026,0.00256,0.00222,0.00052,0.00702
Croatia,Netherlands,0.0,0.0,0.00056,0.00598,0.00028,0.00682
Croatia,Brazil,0.0,0.00082,0.00128,0.00282,0.00116,0.00608
Croatia,Japan,0.0,4e-05,0.0011,0.0035,0.00052,0.0051600000000000005
Croatia,England,0.0,0.0,0.0,0.00234,0.00256,0.0049
Croatia,South Korea,0.0,0.00034,0.00214,0.00086,2e-05,0.00336
Croatia,Morocco,0.0,2e-05,0.00058,0.00226,0.0002,0.00306
Croatia,Ecuador,0.00038,0.00104,0.00142,6e-05,6e-05,0.00296
Croatia,Cape Verde,4e-05,0.00198,0.0008,0.0,0.0,0.00282
Croatia,Australia,0.0,0.0,0.00184,0.00048,4e-05,0.00236
Croatia,Bosnia and Herzegovina,0.0,0.0,0.00222,0.0,0.0,0.00222
Croatia,Paraguay,0.0,0.0,0.00132,0.00076,0.0001,0.00218
Croatia,Scotland,0.0,0.00162,2e-05,0.00044,6e-05,0.00214
Croatia,Jordan,0.00016,0.0011,0.00048,0.0,0.0,0.00174
Croatia,Czechia,0.0,0.0,0.0016,0.0,0.0,0.0016
Croatia,Ivory Coast,0.00016,0.00038,0.00072,0.00022,8e-05,0.0015600000000000002
Croatia,New Zealand,0.0,0.00094,0.00036,0.0,0.0,0.0013
Croatia,Iraq,0.00066,6e-05,0.00016,0.0,0.0,0.00088
Croatia,Sweden,0.0,0.0001,0.00022,0.00026,2e-05,0.0006
Croatia,Saudi Arabia,2e-05,8e-05,0.00036,0.0,0.0,0.00046
Croatia,Turkey,0.0,0.0,0.0,0.00022,2e-05,0.00024
Croatia,Qatar,0.0,0.0,0.00012,0.0,0.0,0.00012
Croatia,Curacao,6e-05,0.0,0.0,0.0,0.0,6e-05
Croatia,South Africa,0.0,0.0,4e-05,0.0,0.0,4e-05
Croatia,Panama,0.0,0.0,0.0,2e-05,0.0,2e-05
Croatia,Ghana,0.0,0.0,0.0,2e-05,0.0,2e-05
Curacao,Norway,0.04404,6e-05,4e-05,0.0,0.0,0.044140000000000006
Curacao,France,0.02044,0.0,2e-05,0.0,0.0,0.02046
Curacao,Senegal,0.01782,0.0001,0.0,0.0,0.0,0.01792
Curacao,Mexico,0.00998,2e-05,0.0001,0.0,0.0,0.0101
Curacao,United States,0.00374,0.0007,0.0,0.0,0.0,0.0044399999999999995
Curacao,Colombia,0.00292,0.00034,2e-05,0.0,0.0,0.00328
Curacao,England,0.0017,0.00042,0.00014,0.0,0.0,0.00226
Curacao,Brazil,0.0,0.00178,4e-05,0.0,0.0,0.00182
Curacao,Belgium,0.00164,0.0001,0.0,0.0,0.0,0.00174
Curacao,Canada,0.00166,4e-05,0.0,0.0,0.0,0.0017000000000000001
Curacao,Egypt,0.00156,0.00012,0.0,0.0,0.0,0.00168
Curacao,Portugal,0.00136,0.0001,2e-05,0.0,0.0,0.0014800000000000002
Curacao,Japan,0.0,0.00138,2e-05,0.0,0.0,0.0014
Curacao,Switzerland,0.00106,0.0001,0.0,0.0,0.0,0.00116
Curacao,Iran,0.0009,8e-05,0.0,0.0,0.0,0.00098
Curacao,Morocco,0.0,0.00088,0.0,0.0,0.0,0.00088
Curacao,South Korea,0.0008,4e-05,0.0,0.0,0.0,0.00084
Curacao,Netherlands,0.0,0.00078,0.0,0.0,0.0,0.00078
Curacao,Iraq,0.00062,0.0,0.0,0.0,0.0,0.00062
Curacao,New Zealand,0.00032,2e-05,0.0,0.0,0.0,0.00034
Curacao,DR Congo,0.00012,2e-05,2e-05,0.0,0.0,0.00016
Curacao,Bosnia and Herzegovina,0.0,0.00014,0.0,0.0,0.0,0.00014
Curacao,Sweden,0.0,0.00014,0.0,0.0,0.0,0.00014
Curacao,Uzbekistan,6e-05,2e-05,0.0,0.0,0.0,8e-05
Curacao,Argentina,0.0,0.0,6e-05,2e-05,0.0,8e-05
Curacao,Scotland,0.0,6e-05,2e-05,0.0,0.0,8e-05
Curacao,Spain,0.0,2e-05,6e-05,0.0,0.0,8e-05
Curacao,Ghana,2e-05,4e-05,0.0,0.0,0.0,6.000000000000001e-05
Curacao,Croatia,6e-05,0.0,0.0,0.0,0.0,6e-05
Curacao,Algeria,0.0,6e-05,0.0,0.0,0.0,6e-05
Curacao,Australia,6e-05,0.0,0.0,0.0,0.0,6e-05
Curacao,Austria,0.0,4e-05,0.0,0.0,0.0,4e-05
Curacao,Ivory Coast,0.0,0.0,2e-05,0.0,0.0,2e-05
Curacao,Cape Verde,0.0,2e-05,0.0,0.0,0.0,2e-05
Curacao,Uruguay,0.0,0.0,2e-05,0.0,0.0,2e-05
Curacao,Paraguay,0.0,0.0,2e-05,0.0,0.0,2e-05
Curacao,Ecuador,0.0,0.0,2e-05,0.0,0.0,2e-05
Curacao,Panama,2e-05,0.0,0.0,0.0,0.0,2e-05
Czechia,Belgium,0.04736,0.0,0.0,0.00012,0.0,0.04748
Czechia,Egypt,0.0387,4e-05,0.0,0.0,0.0,0.03874
Czechia,United States,0.0,0.03786,0.0,4e-05,0.0,0.037899999999999996
Czechia,Iran,0.02958,0.0,0.0,2e-05,0.0,0.029599999999999998
Czechia,Switzerland,0.0244,0.0003,2e-05,8e-05,2e-05,0.024820000000000002
Czechia,Canada,0.01776,2e-05,0.0,0.0001,0.0,0.01788
Czechia,New Zealand,0.00984,0.0,0.0,2e-05,0.0,0.009859999999999999
Czechia,Spain,0.0,0.0,0.00864,0.00018,4e-05,0.00886
Czechia,Netherlands,0.0,0.00518,0.0,0.00038,2e-05,0.00558
Czechia,Bosnia and Herzegovina,0.00054,0.0044,0.0,2e-05,0.0,0.00496
Czechia,Germany,0.00198,0.0,0.00098,0.0006,0.0,0.00356
Czechia,Morocco,0.0,0.0031,6e-05,0.0001,2e-05,0.00328
Czechia,Japan,0.0,0.0027,0.00014,0.00022,0.0,0.0030600000000000002
Czechia,France,0.0,0.0005,0.00136,0.00082,4e-05,0.00272
Czechia,Austria,0.0,0.00088,0.00168,8e-05,0.0,0.00264
Czechia,Portugal,0.0,0.0,0.00206,8e-05,2e-05,0.00216
Czechia,Brazil,0.0,0.00176,6e-05,0.0002,2e-05,0.00204
Czechia,Croatia,0.0,0.0,0.0016,0.0,0.0,0.0016
Czechia,Colombia,0.0,0.0,0.00144,2e-05,0.0001,0.0015600000000000002
Czechia,Argentina,0.0,2e-05,0.00124,4e-05,0.00026,0.00156
Czechia,Algeria,0.0,0.001,0.00024,0.0,0.0,0.00124
Czechia,Senegal,0.0,0.00108,0.0,2e-05,0.0,0.0011
Czechia,Norway,0.0,0.00066,0.00018,0.0001,2e-05,0.00096
Czechia,Qatar,0.0,0.00092,0.0,0.0,0.0,0.00092
Czechia,Sweden,0.0,0.00078,8e-05,4e-05,0.0,0.0009
Czechia,Ecuador,0.0,0.00056,0.0,0.0,0.0,0.00056
Czechia,Scotland,0.0,0.00044,6e-05,2e-05,0.0,0.0005200000000000001
Czechia,England,0.0,0.0,0.00028,0.0,0.0001,0.00037999999999999997
Czechia,Uruguay,0.0,0.0,0.00034,0.0,0.0,0.00034
Czechia,Australia,0.0,0.00024,6e-05,0.0,0.0,0.00030000000000000003
Czechia,Mexico,0.0,0.0,2e-05,0.00018,6e-05,0.00026000000000000003
Czechia,Jordan,0.0,0.00022,0.0,0.0,0.0,0.00022
Czechia,DR Congo,0.0,0.0,0.0002,0.0,0.0,0.0002
Czechia,Iraq,0.0,0.00016,0.0,0.0,0.0,0.00016
Czechia,Ivory Coast,0.0,0.00014,0.0,0.0,0.0,0.00014
Czechia,Paraguay,0.0,6e-05,4e-05,2e-05,0.0,0.00012
Czechia,Cape Verde,0.0,0.0,8e-05,0.0,0.0,8e-05
Czechia,Uzbekistan,0.0,0.0,6e-05,0.0,0.0,6e-05
Czechia,South Korea,0.0,0.0,0.0,4e-05,0.0,4e-05
Czechia,Turkey,0.0,0.0,2e-05,2e-05,0.0,4e-05
Czechia,Ghana,0.0,0.0,2e-05,0.0,0.0,2e-05
Czechia,Panama,0.0,0.0,2e-05,0.0,0.0,2e-05
DR Congo,England,0.26888,0.0,0.0,0.00036,0.0001,0.26934
DR Congo,Croatia,0.13994,0.0,0.0,4e-05,0.0,0.13998000000000002
DR Congo,Ghana,0.06548,0.0,0.0,0.0,0.0,0.06548
DR Congo,Spain,0.0,0.04898,0.0008,8e-05,0.0002,0.05006
DR Congo,Mexico,0.0,0.02206,0.0,0.00026,0.0,0.02232
DR Congo,Panama,0.02086,0.0,0.0,0.0,0.0,0.02086
DR Congo,Austria,0.00016,0.0132,0.00088,0.00012,0.0,0.01436
DR Congo,Argentina,0.0,0.00538,0.00568,0.00084,0.00012,0.012020000000000001
DR Congo,Senegal,0.00822,0.00084,0.00098,2e-05,2e-05,0.01008
DR Congo,Canada,0.0,0.00806,0.0,0.00016,0.0,0.00822
DR Congo,Switzerland,0.0,0.00728,0.0,0.00022,0.0,0.0075
DR Congo,Norway,0.00408,0.00034,0.00172,0.00026,2e-05,0.00642
DR Congo,Scotland,0.0,0.00514,4e-05,0.0,0.0,0.00518
DR Congo,Algeria,0.00032,0.00422,0.00024,2e-05,0.0,0.0048
DR Congo,Uruguay,0.0,0.00428,0.00024,0.0,0.0,0.00452
DR Congo,United States,0.0,0.0,0.00422,2e-05,2e-05,0.00426
DR Congo,Brazil,0.0,0.0022,0.00174,0.00022,4e-05,0.0042
DR Congo,Ecuador,0.00148,0.0016,0.00026,2e-05,0.0,0.00336
DR Congo,France,0.00044,0.0,0.00126,0.00132,0.0001,0.00312
DR Congo,Belgium,0.0,0.00138,0.00154,6e-05,0.0,0.00298
DR Congo,Egypt,0.0,0.00198,0.00066,0.0,2e-05,0.00266
DR Congo,Iran,0.0,0.00156,0.00072,4e-05,0.0,0.00232
DR Congo,Japan,0.0,6e-05,0.00132,0.0003,0.0,0.00168
DR Congo,Ivory Coast,0.00078,0.00022,0.00056,0.0,2e-05,0.00158
DR Congo,Netherlands,0.0,0.0,0.00094,0.00044,4e-05,0.00142
DR Congo,Iraq,0.0013,4e-05,4e-05,0.0,0.0,0.00138
DR Congo,South Korea,0.0,0.00092,0.00034,8e-05,2e-05,0.00136
DR Congo,Paraguay,0.00052,0.0,0.00048,0.00016,2e-05,0.00118
DR Congo,Australia,0.00034,0.0,0.0006,0.00012,0.0,0.00106
DR Congo,Morocco,0.0,0.00024,0.00058,0.0002,0.0,0.00102
DR Congo,Cape Verde,0.0,0.00052,0.00014,2e-05,0.0,0.0006799999999999999
DR Congo,Jordan,8e-05,0.00054,4e-05,0.0,0.0,0.00066
DR Congo,Germany,0.0,0.0,2e-05,0.0005,6e-05,0.00058
DR Congo,New Zealand,0.0,0.00038,4e-05,0.0,0.0,0.00042
DR Congo,Colombia,0.0,0.0,0.0,0.00028,2e-05,0.0003
DR Congo,Bosnia and Herzegovina,0.0,0.0,0.00028,0.0,0.0,0.00028
DR Congo,Portugal,0.0,0.0,0.0,0.0002,6e-05,0.00026000000000000003
DR Congo,Turkey,0.00018,0.0,0.0,2e-05,0.0,0.0002
DR Congo,Czechia,0.0,0.0,0.0002,0.0,0.0,0.0002
DR Congo,Sweden,0.0,6e-05,0.0001,2e-05,0.0,0.00018
DR Congo,Saudi Arabia,0.0,0.0001,8e-05,0.0,0.0,0.00018
DR Congo,Curacao,0.00012,2e-05,2e-05,0.0,0.0,0.00016
DR Congo,Qatar,0.0,0.0,4e-05,0.0,0.0,4e-05
DR Congo,South Africa,0.0,0.0,2e-05,0.0,0.0,2e-05
DR Congo,Uzbekistan,0.0,0.0,0.0,2e-05,0.0,2e-05
Ecuador,Mexico,0.07176,0.00314,0.0025,0.0005,0.00022,0.07812000000000001
Ecuador,United States,0.03626,0.0177,0.0,0.0,0.0002,0.05416
Ecuador,England,0.01446,0.02228,0.0044,0.00106,0.0004,0.0426
Ecuador,Colombia,0.02288,0.00638,0.00196,0.00158,0.0002,0.033
Ecuador,Norway,0.027,0.00176,0.0025,0.00068,0.00018,0.03212
Ecuador,Belgium,0.01248,0.0054,0.0007,0.00018,8e-05,0.01884
Ecuador,France,0.01284,0.00012,0.00168,0.00276,0.00092,0.01832
Ecuador,Portugal,0.00954,0.00466,0.00244,0.00056,0.0002,0.0174
Ecuador,Egypt,0.01276,0.0039,0.0002,6e-05,0.0,0.01692
Ecuador,Canada,0.01084,0.00456,0.0,0.00046,6e-05,0.01592
Ecuador,Spain,0.0,0.00046,0.01336,0.00022,0.00114,0.01518
Ecuador,Senegal,0.01014,0.00292,0.00074,6e-05,2e-05,0.01388
Ecuador,Switzerland,0.00876,0.00404,0.0,0.00068,0.00012,0.013600000000000001
Ecuador,Argentina,0.0,8e-05,0.00814,0.00392,0.00096,0.013099999999999999
Ecuador,Brazil,0.0,0.0075,0.00332,0.00074,0.00026,0.011819999999999999
Ecuador,Iran,0.0076,0.00316,0.0002,0.0001,2e-05,0.01108
Ecuador,Japan,0.0,0.0056,0.00178,0.00048,0.0002,0.00806
Ecuador,South Korea,0.00584,0.00098,4e-05,0.00024,4e-05,0.00714
Ecuador,Netherlands,0.0,0.00318,0.00108,0.0008,0.0002,0.00526
Ecuador,Morocco,0.0,0.00344,0.00078,0.00054,0.00012,0.00488
Ecuador,Austria,0.0,0.00144,0.00246,0.00024,8e-05,0.00422
Ecuador,New Zealand,0.00276,0.0007,2e-05,0.0,0.0,0.00348
Ecuador,DR Congo,0.00148,0.0016,0.00026,2e-05,0.0,0.00336
Ecuador,Croatia,0.00038,0.00104,0.00142,6e-05,6e-05,0.00296
Ecuador,Bosnia and Herzegovina,0.0,0.00286,0.0,0.0,0.0,0.00286
Ecuador,Algeria,0.0,0.00212,0.00022,6e-05,4e-05,0.00244
Ecuador,Uruguay,0.0,0.0017,0.00024,2e-05,0.0,0.00196
Ecuador,Uzbekistan,0.00044,0.00116,0.00022,0.0,0.0,0.00182
Ecuador,Australia,0.00024,0.00024,0.00068,0.0001,2e-05,0.00128
Ecuador,Ivory Coast,0.0,0.0,0.00118,8e-05,0.0,0.00126
Ecuador,Germany,0.0,0.0,6e-05,0.0008,0.0003,0.00116
Ecuador,Ghana,0.00042,0.00058,0.00012,0.0,0.0,0.0011200000000000001
Ecuador,Scotland,0.0,0.00068,0.00024,0.0001,2e-05,0.0010400000000000001
Ecuador,Sweden,0.0,0.00074,0.00012,4e-05,2e-05,0.00092
Ecuador,Paraguay,0.0001,0.0001,0.00052,0.00018,0.0,0.0009
Ecuador,Iraq,0.0004,0.00036,0.0,0.0,0.0,0.00076
Ecuador,Czechia,0.0,0.00056,0.0,0.0,0.0,0.00056
Ecuador,Qatar,0.0,0.00056,0.0,0.0,0.0,0.00056
Ecuador,Panama,0.00012,0.00032,0.0001,0.0,0.0,0.00054
Ecuador,Jordan,0.0,0.00046,0.0,2e-05,0.0,0.00048
Ecuador,Cape Verde,0.0,0.00022,0.0002,0.0,0.0,0.00042
Ecuador,Saudi Arabia,0.0,0.00012,0.0,0.0,0.0,0.00012
Ecuador,South Africa,0.0,0.0001,0.0,0.0,0.0,0.0001
Ecuador,Turkey,0.0,2e-05,0.0,4e-05,0.0,6.000000000000001e-05
Ecuador,Curacao,0.0,0.0,2e-05,0.0,0.0,2e-05
Egypt,Australia,0.13194,0.0012,0.00122,0.00018,2e-05,0.13456
Egypt,Canada,0.12996,6e-05,0.00134,0.00014,2e-05,0.13152
Egypt,United States,0.00198,0.0965,4e-05,0.0,8e-05,0.09860000000000001
Egypt,Switzerland,0.09522,0.00084,0.0014,0.00036,6e-05,0.09788
Egypt,Paraguay,0.08158,0.00068,0.00084,0.0001,0.0,0.0832
Egypt,Argentina,0.00046,0.06502,0.01444,0.0,0.00076,0.08067999999999999
Egypt,Colombia,0.0,0.03748,0.00854,4e-05,0.00024,0.0463
Egypt,Uruguay,0.04264,0.00144,0.001,0.0,0.0,0.045079999999999995
Egypt,Senegal,0.03338,0.0071,0.00034,0.00012,0.0,0.04094
Egypt,South Korea,0.03946,0.0,4e-05,0.00022,4e-05,0.039760000000000004
Egypt,Czechia,0.0387,4e-05,0.0,0.0,0.0,0.03874
Egypt,Spain,0.00846,0.00308,0.02606,0.00016,0.00036,0.03812
Egypt,Austria,0.01442,0.0103,0.00558,2e-05,8e-05,0.0304
Egypt,Algeria,0.02552,0.00176,0.00066,2e-05,0.0,0.027960000000000002
Egypt,Portugal,0.0,0.01592,0.00808,8e-05,0.0003,0.02438
Egypt,Norway,0.01814,0.00358,0.0002,0.00114,2e-05,0.02308
Egypt,Cape Verde,0.01522,0.00368,0.00026,0.0,0.0,0.01916
Egypt,France,0.01368,0.00052,4e-05,0.00336,0.00036,0.01796
Egypt,Ecuador,0.01276,0.0039,0.0002,6e-05,0.0,0.01692
Egypt,Bosnia and Herzegovina,0.0,0.01236,0.0,0.0,0.0,0.01236
Egypt,Jordan,0.01066,0.00042,2e-05,0.0,0.0,0.011099999999999999
Egypt,Croatia,0.0,0.00342,0.00438,2e-05,4e-05,0.00786
Egypt,Iraq,0.00708,0.00074,2e-05,0.0,0.0,0.00784
Egypt,Saudi Arabia,0.00636,0.00112,6e-05,0.0,0.0,0.00754
Egypt,Ivory Coast,0.00616,0.0012,0.0,8e-05,2e-05,0.00746
Egypt,South Africa,0.00666,0.0,0.0,0.0,0.0,0.00666
Egypt,Germany,0.0,0.00154,0.0,0.00184,8e-05,0.00346
Egypt,England,0.0,0.00026,0.00078,0.0021,0.00022,0.0033599999999999997
Egypt,Ghana,0.0,0.00262,0.00022,0.0,0.0,0.00284
Egypt,DR Congo,0.0,0.00198,0.00066,0.0,2e-05,0.00266
Egypt,Belgium,0.0,0.0,0.00182,6e-05,8e-05,0.00196
Egypt,Netherlands,0.0,2e-05,0.00012,0.00166,0.0001,0.0019
Egypt,Qatar,0.0,0.0019,0.0,0.0,0.0,0.0019
Egypt,Brazil,0.0,2e-05,0.0,0.00154,0.00016,0.00172
Egypt,Curacao,0.00156,0.00012,0.0,0.0,0.0,0.00168
Egypt,Iran,0.0,0.0,0.00158,0.0,0.0,0.00158
Egypt,Panama,0.0,0.00138,0.00016,0.0,0.0,0.00154
Egypt,Japan,0.0,0.00034,0.0001,0.00098,0.0001,0.00152
Egypt,Mexico,0.0,0.0,0.0,0.00088,0.00016,0.0010400000000000001
Egypt,Morocco,0.0,2e-05,8e-05,0.00076,2e-05,0.00088
Egypt,Uzbekistan,0.0,0.00048,0.00034,2e-05,0.0,0.00084
Egypt,Sweden,0.0,0.0006,0.0,8e-05,0.0,0.0006799999999999999
Egypt,Turkey,0.0,0.00022,0.0,2e-05,0.0,0.00024
Egypt,Scotland,0.0,4e-05,0.0,0.0001,0.0,0.00014000000000000001
Egypt,New Zealand,0.0,0.0,6e-05,0.0,0.0,6e-05
England,Mexico,0.0,0.48346,0.0,0.00036,0.00096,0.48478
England,DR Congo,0.26888,0.0,0.0,0.00036,0.0001,0.26934
England,Uzbekistan,0.22536,0.0,0.0,0.0001,0.0,0.22546
England,Portugal,0.14384,0.0,0.0,0.02242,0.0066,0.17285999999999999
England,Argentina,0.00044,0.00238,0.00172,0.1553,0.0086,0.16844
England,Brazil,0.0,0.048,0.11182,0.00072,0.005,0.16554
England,Senegal,0.12934,0.00718,0.02248,0.002,0.00062,0.16162
England,Norway,0.05414,0.00428,0.08928,0.0025,0.0039,0.1541
England,Colombia,0.08668,0.0,0.0,0.0498,0.00444,0.14092
England,Scotland,0.0,0.1139,0.002,0.0001,0.00038,0.11638
England,France,0.00492,0.00058,0.07062,0.00414,0.03382,0.11408
England,Spain,0.00066,0.03086,0.00038,0.00738,0.04684,0.08612
England,Japan,0.0,0.00038,0.07746,0.00074,0.00502,0.08360000000000001
England,Netherlands,0.0,0.0,0.04566,0.00138,0.00974,0.05678
England,Morocco,0.0,0.00466,0.0405,0.00044,0.00336,0.048960000000000004
England,Ivory Coast,0.00624,0.00652,0.03384,0.00024,6e-05,0.046900000000000004
England,Ecuador,0.01446,0.02228,0.0044,0.00106,0.0004,0.0426
England,Austria,0.00976,0.00506,0.00058,0.01172,0.00374,0.03086
England,Iraq,0.02698,0.0003,0.00028,2e-05,0.0,0.02758
England,Uruguay,0.00254,0.02156,0.00056,0.00092,0.00082,0.0264
England,South Korea,0.0,0.0207,0.00026,0.0001,0.00102,0.02208
England,Algeria,0.01574,0.00112,0.00054,0.00168,0.00074,0.01982
England,Belgium,0.0,0.00022,0.00226,0.01162,0.00308,0.01718
England,Germany,0.0,0.0,0.0004,0.00166,0.01494,0.017
England,Switzerland,0.0,0.00078,4e-05,0.01292,0.0032,0.01694
England,Canada,0.0,0.00148,0.0,0.00992,0.00138,0.01278
England,United States,0.0,0.0,0.00502,0.0001,0.00682,0.01194
England,Australia,0.0,0.0,0.00018,0.00822,0.00026,0.00866
England,Paraguay,0.0,0.0,0.0002,0.00656,0.00058,0.00734
England,Cape Verde,0.00086,0.00512,8e-05,0.00084,2e-05,0.006920000000000001
England,Sweden,0.0,0.00098,0.00534,0.0001,0.00028,0.0067
England,Iran,0.0,0.00022,0.00078,0.00508,0.00048,0.006560000000000001
England,Jordan,0.00604,8e-05,6e-05,8e-05,0.0,0.00626
England,Croatia,0.0,0.0,0.0,0.00234,0.00256,0.0049
England,Egypt,0.0,0.00026,0.00078,0.0021,0.00022,0.0033599999999999997
England,Curacao,0.0017,0.00042,0.00014,0.0,0.0,0.00226
England,Saudi Arabia,0.00038,0.00142,6e-05,0.00018,0.0,0.00204
England,Haiti,0.0,0.00066,0.0,0.0,0.0,0.00066
England,Turkey,0.0,0.0,0.0,0.00018,0.00024,0.00042
England,Czechia,0.0,0.0,0.00028,0.0,0.0001,0.00037999999999999997
England,New Zealand,0.0,8e-05,4e-05,0.0002,0.0,0.00032
England,Bosnia and Herzegovina,0.0,0.0,0.00028,0.0,0.0,0.00028
England,Panama,0.0,0.0,0.0,0.00014,6e-05,0.00019999999999999998
England,Ghana,0.0,0.0,0.0,0.00016,2e-05,0.00018
England,South Africa,0.0,0.0,2e-05,0.0,0.0,2e-05
France,Sweden,0.53232,0.00934,0.00156,0.00012,0.0002,0.54354
France,Germany,0.00154,0.44102,0.0,0.00068,0.00592,0.44916
France,Japan,0.11404,0.05846,0.04874,0.00036,0.00772,0.22932
France,Ivory Coast,0.20726,0.00118,0.00066,0.0004,0.0007,0.2102
France,Spain,0.001,0.00024,0.00356,0.13938,0.02018,0.16436
France,Netherlands,0.0019,0.03242,0.12248,0.0004,0.00706,0.16426000000000002
France,Brazil,0.00014,0.08688,0.0476,0.00036,0.01494,0.14992
France,Argentina,0.0,0.0,0.00228,0.05948,0.06712,0.12888
France,England,0.00492,0.00058,0.07062,0.00414,0.03382,0.11408
France,Morocco,2e-05,0.03714,0.06188,0.00022,0.00334,0.1026
France,Paraguay,0.02268,0.07104,0.00022,0.00154,0.0015,0.09698000000000001
France,Switzerland,0.00018,0.00118,0.06654,0.0036,0.00432,0.07582
France,Australia,0.0167,0.04418,0.00018,0.00226,0.0013,0.06462
France,Mexico,0.00102,0.00164,0.04498,0.00036,0.01152,0.059519999999999997
France,Colombia,0.00356,0.00022,0.00256,0.0286,0.01808,0.05302
France,Portugal,0.00166,0.00024,0.00498,0.03188,0.01096,0.04972
France,United States,0.00214,0.00268,0.0,0.0386,0.00268,0.0461
France,Canada,0.00034,0.00118,0.03794,0.00356,0.0028,0.04582
France,South Korea,0.0001,0.00046,0.03974,0.00174,0.0005,0.042539999999999994
France,Scotland,0.00022,0.02836,0.01208,4e-05,0.00072,0.04142
France,Turkey,0.00964,0.02648,0.0,0.0,0.00012,0.03624
France,Belgium,0.00764,0.0007,0.00016,0.01954,0.00438,0.03242
France,Austria,0.0,0.00024,0.0008,0.02038,0.00392,0.025339999999999998
France,Curacao,0.02044,0.0,2e-05,0.0,0.0,0.02046
France,Ecuador,0.01284,0.00012,0.00168,0.00276,0.00092,0.01832
France,Egypt,0.01368,0.00052,4e-05,0.00336,0.00036,0.01796
France,Iran,0.01118,0.00048,0.00014,0.0051,0.00088,0.01778
France,Croatia,4e-05,2e-05,0.00144,0.01478,0.00144,0.01772
France,Norway,0.0,0.0,0.00038,0.00402,0.01166,0.01606
France,Uruguay,0.003,0.0002,0.00146,0.00544,0.00074,0.01084
France,Senegal,0.0,0.0,0.00334,0.0038,0.00218,0.00932
France,New Zealand,0.00604,0.00018,0.0,0.00026,2e-05,0.006500000000000001
France,Algeria,0.0,0.00038,0.0003,0.00458,0.00044,0.0057
France,DR Congo,0.00044,0.0,0.00126,0.00132,0.0001,0.00312
France,Czechia,0.0,0.0005,0.00136,0.00082,4e-05,0.00272
France,Cape Verde,0.00144,4e-05,0.00024,0.0006,0.00012,0.00244
France,Uzbekistan,2e-05,4e-05,0.00092,0.0005,4e-05,0.00152
France,Bosnia and Herzegovina,0.0,0.00038,0.00024,0.00054,2e-05,0.00118
France,Saudi Arabia,0.00064,2e-05,0.0,0.00014,2e-05,0.0008200000000000001
France,South Africa,0.0,0.0,0.0007,2e-05,0.0,0.00072
France,Ghana,0.00018,6e-05,0.00014,0.00018,2e-05,0.00058
France,Panama,2e-05,2e-05,0.00012,0.00028,8e-05,0.00052
France,Jordan,0.0,2e-05,0.0,0.00018,4e-05,0.00024
France,Iraq,0.0,0.0,0.00016,4e-05,2e-05,0.00022
France,Qatar,0.0,4e-05,0.0,8e-05,0.0,0.00012000000000000002
France,Haiti,0.0,8e-05,0.0,0.0,0.0,8e-05
France,Tunisia,4e-05,0.0,0.0,0.0,0.0,4e-05
Germany,France,0.00154,0.44102,0.0,0.00068,0.00592,0.44916
Germany,Paraguay,0.36774,0.00468,0.0,2e-05,0.0005,0.37294
Germany,Australia,0.25248,0.00312,0.0,0.00014,0.0006,0.25633999999999996
Germany,Scotland,0.1541,2e-05,0.00468,0.0,0.0003,0.1591
Germany,Turkey,0.14104,0.0022,0.0,0.0,0.0,0.14324
Germany,Norway,0.0023,0.1224,2e-05,0.00142,0.00276,0.1289
Germany,Sweden,0.01884,0.0764,0.0012,2e-05,0.0,0.09645999999999999
Germany,Netherlands,4e-05,0.00104,0.0887,0.0,0.0015,0.09128
Germany,Spain,0.0,0.00074,0.0,0.08212,0.00262,0.08548
Germany,Japan,0.00514,0.0404,0.03566,6e-05,0.0024,0.08366
Germany,Brazil,0.04242,0.001,0.03246,0.0,0.00546,0.08134
Germany,Morocco,0.0062,0.00036,0.04646,0.0,0.00094,0.05396
Germany,Switzerland,2e-05,0.0,0.05038,0.0002,0.0013,0.0519
Germany,Argentina,0.0,0.0,0.0,0.00992,0.02954,0.03946
Germany,South Korea,0.00194,0.0,0.0278,0.0008,4e-05,0.03058
Germany,Canada,0.0,0.0,0.0287,0.0,0.00106,0.029759999999999998
Germany,United States,0.0,0.0,0.0,0.0237,0.0,0.0237
Germany,Portugal,0.0,0.0,2e-05,0.01516,0.0037,0.01888
Germany,England,0.0,0.0,0.0004,0.00166,0.01494,0.017
Germany,Colombia,0.0,0.0,0.0,0.00938,0.0067,0.01608
Germany,Austria,0.0,0.0,0.0,0.01104,0.00146,0.012499999999999999
Germany,Belgium,0.0,0.0017,0.0,0.00926,0.00082,0.011779999999999999
Germany,Mexico,0.0,0.0,0.00568,0.0,0.00512,0.0108
Germany,Croatia,0.0,0.0,0.0,0.00842,0.00034,0.00876
Germany,Senegal,0.0009,0.00482,2e-05,0.0019,0.00058,0.00822
Germany,Iran,0.0,0.00182,0.0,0.00262,0.00042,0.00486
Germany,Uruguay,0.0,0.00058,0.0,0.00348,0.00016,0.00422
Germany,Czechia,0.00198,0.0,0.00098,0.0006,0.0,0.00356
Germany,Egypt,0.0,0.00154,0.0,0.00184,8e-05,0.00346
Germany,Algeria,0.0,0.0,0.0,0.0027,0.00022,0.0029200000000000003
Germany,Haiti,0.00236,0.0,0.0,0.0,0.0,0.00236
Germany,South Africa,0.00052,0.0,0.00064,0.0,0.0,0.00116
Germany,Ecuador,0.0,0.0,6e-05,0.0008,0.0003,0.00116
Germany,Bosnia and Herzegovina,0.0003,0.0,0.0001,0.00052,0.0,0.0009199999999999999
Germany,DR Congo,0.0,0.0,2e-05,0.0005,6e-05,0.00058
Germany,New Zealand,0.0,0.00042,0.0,0.0001,4e-05,0.0005600000000000001
Germany,Ivory Coast,0.0,0.0,0.0,0.00012,0.00026,0.00037999999999999997
Germany,Uzbekistan,0.0,0.0,2e-05,0.00032,2e-05,0.00036
Germany,Cape Verde,0.0,0.00012,0.0,0.00016,4e-05,0.00032
Germany,Iraq,2e-05,0.00022,0.0,6e-05,0.0,0.00030000000000000003
Germany,Panama,0.0,0.0,0.0,0.00014,0.0,0.00014
Germany,Qatar,0.00012,0.0,0.0,0.0,0.0,0.00012
Germany,Ghana,0.0,0.0,0.0,0.0001,0.0,0.0001
Germany,Jordan,0.0,0.0,0.0,0.0001,0.0,0.0001
Germany,Saudi Arabia,0.0,4e-05,0.0,4e-05,2e-05,0.0001
Ghana,Colombia,0.33706,0.0,0.0,2e-05,0.0,0.33708000000000005
Ghana,Portugal,0.21618,0.0,0.0,0.0,0.0,0.21618
Ghana,DR Congo,0.06548,0.0,0.0,0.0,0.0,0.06548
Ghana,Uzbekistan,0.0288,0.0,0.0,0.0,0.0,0.0288
Ghana,Spain,0.0,0.02226,0.00024,0.0,2e-05,0.02252
Ghana,Canada,0.0,0.01248,0.0,4e-05,0.0,0.01252
Ghana,Switzerland,0.0,0.00958,0.0,2e-05,0.0,0.0096
Ghana,Austria,0.00022,0.00696,0.00048,0.0,0.0,0.00766
Ghana,Argentina,0.0,0.00276,0.00396,0.0,2e-05,0.0067399999999999995
Ghana,Algeria,0.00038,0.00354,4e-05,0.0,0.0,0.00396
Ghana,Belgium,0.0,0.00248,0.00078,0.0,0.0,0.00326
Ghana,Iran,0.0,0.00286,0.00028,0.0,0.0,0.00314
Ghana,Mexico,0.0,0.0029,0.0,0.00018,2e-05,0.0031
Ghana,Senegal,0.00254,0.00036,0.0001,2e-05,0.0,0.00302
Ghana,Egypt,0.0,0.00262,0.00022,0.0,0.0,0.00284
Ghana,Uruguay,4e-05,0.00184,0.0001,0.0,0.0,0.00198
Ghana,Norway,0.00122,0.00014,0.0001,0.0001,0.0,0.00156
Ghana,Ecuador,0.00042,0.00058,0.00012,0.0,0.0,0.0011200000000000001
Ghana,Scotland,0.0,0.00084,0.0,0.0,0.0,0.00084
Ghana,Jordan,0.00012,0.00062,2e-05,0.0,0.0,0.00076
Ghana,Iraq,0.0007,6e-05,0.0,0.0,0.0,0.00076
Ghana,New Zealand,0.0,0.00072,0.0,0.0,0.0,0.00072
Ghana,United States,0.0,0.0,0.00066,0.0,0.0,0.00066
Ghana,France,0.00018,6e-05,0.00014,0.00018,2e-05,0.00058
Ghana,Australia,0.0,0.0,0.00048,0.0,2e-05,0.0005
Ghana,Brazil,0.0,0.00028,0.0001,6e-05,2e-05,0.00045999999999999996
Ghana,Paraguay,0.0,0.0,0.00042,0.0,0.0,0.00042
Ghana,Ivory Coast,0.00016,0.0001,8e-05,0.0,0.0,0.00034
Ghana,Cape Verde,0.0,0.00016,0.0001,0.0,0.0,0.00026000000000000003
Ghana,South Korea,0.0,0.00016,6e-05,0.0,0.0,0.00022
Ghana,England,0.0,0.0,0.0,0.00016,2e-05,0.00018
Ghana,Morocco,0.0,2e-05,8e-05,4e-05,0.0,0.00014000000000000001
Ghana,Japan,0.0,0.0,0.0001,2e-05,0.0,0.00012
Ghana,Netherlands,0.0,0.0,6e-05,6e-05,0.0,0.00012
Ghana,Germany,0.0,0.0,0.0,0.0001,0.0,0.0001
Ghana,Sweden,0.0,6e-05,2e-05,0.0,0.0,8e-05
Ghana,Curacao,2e-05,4e-05,0.0,0.0,0.0,6.000000000000001e-05
Ghana,Bosnia and Herzegovina,0.0,0.0,6e-05,0.0,0.0,6e-05
Ghana,Saudi Arabia,2e-05,2e-05,0.0,0.0,0.0,4e-05
Ghana,Czechia,0.0,0.0,2e-05,0.0,0.0,2e-05
Ghana,Turkey,0.0,0.0,0.0,0.0,2e-05,2e-05
Ghana,Qatar,0.0,0.0,2e-05,0.0,0.0,2e-05
Ghana,Croatia,0.0,0.0,0.0,2e-05,0.0,2e-05
Haiti,Mexico,0.0098,0.0,0.0,0.0,0.0,0.0098
Haiti,Germany,0.00236,0.0,0.0,0.0,0.0,0.00236
Haiti,England,0.0,0.00066,0.0,0.0,0.0,0.00066
Haiti,South Korea,0.00042,0.0,0.0,0.0,0.0,0.00042
Haiti,France,0.0,8e-05,0.0,0.0,0.0,8e-05
Haiti,Norway,0.0,4e-05,2e-05,0.0,0.0,6.000000000000001e-05
Haiti,Portugal,0.0,4e-05,0.0,0.0,0.0,4e-05
Haiti,Senegal,0.0,4e-05,0.0,0.0,0.0,4e-05
Haiti,Paraguay,0.0,4e-05,0.0,0.0,0.0,4e-05
Haiti,Colombia,0.0,2e-05,0.0,0.0,0.0,2e-05
Haiti,Uzbekistan,0.0,2e-05,0.0,0.0,0.0,2e-05
Haiti,Algeria,0.0,2e-05,0.0,0.0,0.0,2e-05
Haiti,Ivory Coast,2e-05,0.0,0.0,0.0,0.0,2e-05
Haiti,Canada,0.0,0.0,2e-05,0.0,0.0,2e-05
Haiti,Brazil,0.0,0.0,2e-05,0.0,0.0,2e-05
Haiti,Japan,0.0,0.0,2e-05,0.0,0.0,2e-05
Iran,Australia,0.16216,0.00112,0.00212,4e-05,0.0,0.16544
Iran,Argentina,0.00088,0.09622,0.02102,0.0,0.00142,0.11954000000000001
Iran,Canada,0.11536,2e-05,0.003,0.00038,4e-05,0.1188
Iran,Paraguay,0.10414,0.00074,0.0016,0.00014,2e-05,0.10664
Iran,United States,0.00266,0.09436,4e-05,4e-05,0.00018,0.09728
Iran,Switzerland,0.08474,0.00056,0.00292,0.00054,0.00012,0.08888
Iran,Colombia,0.0,0.04372,0.01376,0.00024,0.00036,0.05808
Iran,Algeria,0.04448,0.0029,0.0011,2e-05,4e-05,0.04854
Iran,Austria,0.0228,0.01578,0.00744,6e-05,0.00014,0.04622
Iran,Spain,0.0058,0.0047,0.02984,0.00024,0.00108,0.041659999999999996
Iran,South Korea,0.03132,0.0,6e-05,0.00034,2e-05,0.03174
Iran,Portugal,0.0,0.01968,0.01102,0.00024,0.00024,0.03118
Iran,Czechia,0.02958,0.0,0.0,2e-05,0.0,0.029599999999999998
Iran,Uruguay,0.0249,0.0017,0.00122,2e-05,2e-05,0.02786
Iran,Senegal,0.0188,0.00676,0.0008,0.00034,4e-05,0.02674
Iran,France,0.01118,0.00048,0.00014,0.0051,0.00088,0.01778
Iran,Norway,0.01132,0.00398,0.0005,0.00178,0.00012,0.0177
Iran,Jordan,0.0162,0.00074,4e-05,0.0,0.0,0.01698
Iran,Cape Verde,0.0105,0.00566,0.0005,0.0,0.0,0.01666
Iran,Bosnia and Herzegovina,0.0,0.01202,0.0,0.0,0.0,0.01202
Iran,Ecuador,0.0076,0.00316,0.0002,0.0001,2e-05,0.01108
Iran,Croatia,0.0,0.00418,0.00548,6e-05,2e-05,0.009739999999999999
Iran,Saudi Arabia,0.0046,0.00196,0.00014,0.0,0.0,0.0067
Iran,England,0.0,0.00022,0.00078,0.00508,0.00048,0.006560000000000001
Iran,Ivory Coast,0.00388,0.00108,4e-05,0.00018,0.0,0.005180000000000001
Iran,Germany,0.0,0.00182,0.0,0.00262,0.00042,0.00486
Iran,South Africa,0.00476,0.0,0.0,0.0,0.0,0.00476
Iran,Iraq,0.00384,0.00048,0.0,0.0,0.0,0.00432
Iran,Brazil,0.0,4e-05,8e-05,0.00294,0.0004,0.00346
Iran,Ghana,0.0,0.00286,0.00028,0.0,0.0,0.00314
Iran,Netherlands,0.0,0.0,0.00026,0.00218,0.00042,0.00286
Iran,Belgium,0.0,0.0,0.00226,2e-05,0.00024,0.0025199999999999997
Iran,DR Congo,0.0,0.00156,0.00072,4e-05,0.0,0.00232
Iran,Mexico,0.0,0.0,0.0,0.00198,0.00024,0.00222
Iran,Panama,0.0,0.00186,0.00022,0.0,0.0,0.0020800000000000003
Iran,Japan,0.0,0.00026,0.0001,0.00156,0.00016,0.00208
Iran,Qatar,0.0,0.002,0.0,0.0,0.0,0.002
Iran,Egypt,0.0,0.0,0.00158,0.0,0.0,0.00158
Iran,Morocco,0.0,0.0,0.00012,0.0013,0.00012,0.00154
Iran,Curacao,0.0009,8e-05,0.0,0.0,0.0,0.00098
Iran,Sweden,0.0,0.00046,0.0,0.00012,0.0,0.00058
Iran,Uzbekistan,0.0,0.00034,0.00022,2e-05,0.0,0.00058
Iran,Scotland,0.0,0.00012,2e-05,0.0003,0.0,0.00043999999999999996
Iran,Turkey,0.0,0.00032,8e-05,0.0,0.0,0.0004
Iran,New Zealand,0.0,0.0,0.00016,0.0,0.0,0.00016
Iraq,England,0.02698,0.0003,0.00028,2e-05,0.0,0.02758
Iraq,United States,0.01312,0.00446,0.0,0.0,0.0,0.01758
Iraq,Colombia,0.01238,0.00038,0.00022,2e-05,0.0,0.013000000000000001
Iraq,Ivory Coast,0.00798,0.00014,0.0,0.0,0.0,0.008119999999999999
Iraq,Egypt,0.00708,0.00074,2e-05,0.0,0.0,0.00784
Iraq,Portugal,0.00672,0.0002,0.00032,2e-05,0.0,0.00726
Iraq,Belgium,0.00606,0.00088,0.0,0.0,0.0,0.00694
Iraq,Mexico,0.00302,0.00166,0.0001,2e-05,0.0,0.0048000000000000004
Iraq,Iran,0.00384,0.00048,0.0,0.0,0.0,0.00432
Iraq,Canada,0.0015,0.00096,2e-05,2e-05,0.0,0.0025
Iraq,Switzerland,0.0013,0.00074,0.0,2e-05,0.0,0.0020599999999999998
Iraq,New Zealand,0.00184,0.0001,0.0,0.0,0.0,0.00194
Iraq,Brazil,0.0,0.00128,0.0001,6e-05,0.0,0.00144
Iraq,DR Congo,0.0013,4e-05,4e-05,0.0,0.0,0.00138
Iraq,Spain,0.0,0.0002,0.00104,0.0,2e-05,0.0012599999999999998
Iraq,Japan,0.0002,0.00082,0.00012,4e-05,0.0,0.00118
Iraq,Croatia,0.00066,6e-05,0.00016,0.0,0.0,0.00088
Iraq,Ghana,0.0007,6e-05,0.0,0.0,0.0,0.00076
Iraq,Argentina,0.0,0.0,0.0007,4e-05,2e-05,0.00076
Iraq,Ecuador,0.0004,0.00036,0.0,0.0,0.0,0.00076
Iraq,Sweden,0.00056,0.00014,2e-05,0.0,0.0,0.0007199999999999999
Iraq,Bosnia and Herzegovina,0.0,0.00068,0.0,0.0,0.0,0.00068
Iraq,Netherlands,0.0,0.0005,4e-05,8e-05,0.0,0.00062
Iraq,Curacao,0.00062,0.0,0.0,0.0,0.0,0.00062
Iraq,South Korea,0.00038,0.00022,0.0,0.0,0.0,0.0006000000000000001
Iraq,Scotland,0.0,0.00054,4e-05,0.0,0.0,0.00058
Iraq,Algeria,0.0,0.0005,0.0,0.0,0.0,0.0005
Iraq,Morocco,0.0,0.00042,2e-05,0.0,0.0,0.00044
Iraq,Uzbekistan,0.00036,4e-05,2e-05,0.0,0.0,0.00042
Iraq,Austria,0.0,0.00018,0.00024,0.0,0.0,0.00042
Iraq,Germany,2e-05,0.00022,0.0,6e-05,0.0,0.00030000000000000003
Iraq,Uruguay,0.0,0.00028,2e-05,0.0,0.0,0.0003
Iraq,Australia,0.00012,6e-05,2e-05,2e-05,2e-05,0.00024
Iraq,France,0.0,0.0,0.00016,4e-05,2e-05,0.00022
Iraq,Czechia,0.0,0.00016,0.0,0.0,0.0,0.00016
Iraq,Panama,0.00012,0.0,2e-05,0.0,0.0,0.00014000000000000001
Iraq,Qatar,0.0,0.00014,0.0,0.0,0.0,0.00014
Iraq,Norway,0.0,0.0,0.0001,2e-05,0.0,0.00012
Iraq,Cape Verde,2e-05,6e-05,2e-05,0.0,0.0,0.0001
Iraq,Paraguay,2e-05,2e-05,2e-05,0.0,0.0,6.000000000000001e-05
Iraq,Jordan,0.0,6e-05,0.0,0.0,0.0,6e-05
Iraq,Turkey,2e-05,2e-05,0.0,0.0,0.0,4e-05
Iraq,Saudi Arabia,0.0,4e-05,0.0,0.0,0.0,4e-05
Iraq,South Africa,0.0,2e-05,0.0,0.0,0.0,2e-05
Ivory Coast,Norway,0.47204,0.00088,0.00146,0.0002,8e-05,0.47466
Ivory Coast,France,0.20726,0.00118,0.00066,0.0004,0.0007,0.2102
Ivory Coast,Senegal,0.17466,0.00096,0.00112,0.0001,2e-05,0.17686000000000002
Ivory Coast,Brazil,0.00028,0.08816,0.00276,0.00014,6e-05,0.09140000000000001
Ivory Coast,Japan,2e-05,0.06798,0.00038,0.0001,0.00014,0.06862
Ivory Coast,Mexico,0.03094,0.00078,0.01878,6e-05,6e-05,0.05062
Ivory Coast,England,0.00624,0.00652,0.03384,0.00024,6e-05,0.046900000000000004
Ivory Coast,Morocco,4e-05,0.0423,0.00026,6e-05,8e-05,0.04274
Ivory Coast,Netherlands,0.0,0.03922,0.00046,0.00014,0.00032,0.040139999999999995
Ivory Coast,United States,0.0157,0.00632,2e-05,0.0,0.00018,0.02222
Ivory Coast,Colombia,0.00974,0.00198,0.0016,0.00282,2e-05,0.01616
Ivory Coast,Argentina,0.0,4e-05,0.0018,0.00824,0.00022,0.0103
Ivory Coast,Portugal,0.00436,0.00128,0.00252,0.00112,0.00012,0.0094
Ivory Coast,Sweden,0.00026,0.00852,4e-05,0.0,0.0,0.00882
Ivory Coast,Iraq,0.00798,0.00014,0.0,0.0,0.0,0.008119999999999999
Ivory Coast,Belgium,0.00522,0.0016,0.00018,0.00078,0.00012,0.007899999999999999
Ivory Coast,Egypt,0.00616,0.0012,0.0,8e-05,2e-05,0.00746
Ivory Coast,Canada,0.00504,0.00134,0.0,0.00076,0.0,0.0071400000000000005
Ivory Coast,Scotland,0.00084,0.00344,0.00238,2e-05,0.0,0.00668
Ivory Coast,Spain,0.0,0.00024,0.0042,0.00044,0.00112,0.005999999999999999
Ivory Coast,Switzerland,0.00332,0.00124,0.0001,0.00056,6e-05,0.00528
Ivory Coast,Iran,0.00388,0.00108,4e-05,0.00018,0.0,0.005180000000000001
Ivory Coast,South Korea,0.00254,0.00036,0.00036,4e-05,2e-05,0.00332
Ivory Coast,Austria,0.0,0.00042,0.00086,0.00084,0.00012,0.0022400000000000002
Ivory Coast,Australia,0.00132,0.0001,0.00018,0.00052,2e-05,0.00214
Ivory Coast,Paraguay,0.00144,4e-05,0.00018,0.00028,6e-05,0.002
Ivory Coast,DR Congo,0.00078,0.00022,0.00056,0.0,2e-05,0.00158
Ivory Coast,Croatia,0.00016,0.00038,0.00072,0.00022,8e-05,0.0015600000000000002
Ivory Coast,Uruguay,0.0,0.00048,0.00076,6e-05,0.0,0.0013000000000000002
Ivory Coast,Ecuador,0.0,0.0,0.00118,8e-05,0.0,0.00126
Ivory Coast,New Zealand,0.00112,0.0001,0.0,2e-05,0.0,0.00124
Ivory Coast,Bosnia and Herzegovina,0.0,0.00108,0.0,0.0,0.0,0.00108
Ivory Coast,Algeria,0.0,0.00064,0.00014,8e-05,0.0,0.0008600000000000001
Ivory Coast,Uzbekistan,0.00018,0.00028,0.0003,0.0,0.0,0.0007599999999999999
Ivory Coast,Turkey,0.00066,0.0,0.0,2e-05,2e-05,0.0007
Ivory Coast,Germany,0.0,0.0,0.0,0.00012,0.00026,0.00037999999999999997
Ivory Coast,Ghana,0.00016,0.0001,8e-05,0.0,0.0,0.00034
Ivory Coast,Panama,8e-05,8e-05,6e-05,6e-05,0.0,0.00028000000000000003
Ivory Coast,Jordan,0.0,0.00018,0.0,0.0,0.0,0.00018
Ivory Coast,Cape Verde,0.0,8e-05,4e-05,6e-05,0.0,0.00018
Ivory Coast,Czechia,0.0,0.00014,0.0,0.0,0.0,0.00014
Ivory Coast,Qatar,0.0,8e-05,0.0,0.0,0.0,8e-05
Ivory Coast,Saudi Arabia,0.0,2e-05,4e-05,2e-05,0.0,8e-05
Ivory Coast,Curacao,0.0,0.0,2e-05,0.0,0.0,2e-05
Ivory Coast,Haiti,2e-05,0.0,0.0,0.0,0.0,2e-05
Japan,Brazil,0.40006,0.00098,0.0108,8e-05,0.00218,0.4141
Japan,Morocco,0.37488,8e-05,0.00524,4e-05,0.00078,0.38101999999999997
Japan,France,0.11404,0.05846,0.04874,0.00036,0.00772,0.22932
Japan,Norway,0.03928,0.1057,0.01244,0.00112,0.00138,0.15992
Japan,Germany,0.00514,0.0404,0.03566,6e-05,0.0024,0.08366
Japan,England,0.0,0.00038,0.07746,0.00074,0.00502,0.08360000000000001
Japan,Switzerland,0.00066,0.0616,0.0045,0.0027,0.00092,0.07038
Japan,Scotland,0.06024,0.0015,0.00712,2e-05,6e-05,0.06894
Japan,Ivory Coast,2e-05,0.06798,0.00038,0.0001,0.00014,0.06862
Japan,South Korea,0.00032,0.04932,0.00386,0.00028,8e-05,0.053860000000000005
Japan,Mexico,0.0008,0.00628,0.04208,0.0,0.00188,0.05104
Japan,Argentina,0.0,0.0,0.00016,0.03776,0.01058,0.0485
Japan,Canada,0.00068,0.04112,0.00268,0.00274,0.00048,0.0477
Japan,Senegal,0.0018,0.03564,0.0031,0.00124,0.00022,0.041999999999999996
Japan,Spain,0.0,2e-05,0.00212,0.0292,0.00846,0.0398
Japan,Colombia,0.0,0.00056,0.00312,0.01424,0.00296,0.02088
Japan,Portugal,0.0,0.00016,0.00476,0.0103,0.00208,0.0173
Japan,Netherlands,0.0,0.0,0.01006,2e-05,0.00382,0.0139
Japan,Paraguay,0.0,0.0066,0.00402,0.00148,0.0003,0.0124
Japan,United States,0.00188,0.0,0.0,0.00782,0.00114,0.01084
Japan,Australia,0.0,0.00408,0.0023,0.00162,0.00038,0.00838
Japan,Ecuador,0.0,0.0056,0.00178,0.00048,0.0002,0.00806
Japan,Austria,0.0,0.0,0.00044,0.00632,0.00064,0.0074
Japan,Belgium,0.0,0.0004,0.00018,0.00568,0.0009,0.0071600000000000006
Japan,Croatia,0.0,4e-05,0.0011,0.0035,0.00052,0.0051600000000000005
Japan,Sweden,0.0,0.0,0.00396,2e-05,4e-05,0.00402
Japan,Turkey,0.0,0.0023,0.00154,2e-05,2e-05,0.0038799999999999998
Japan,Uruguay,0.0,2e-05,0.00136,0.0017,0.00026,0.00334
Japan,South Africa,0.0,0.00324,8e-05,0.0,0.0,0.00332
Japan,Czechia,0.0,0.0027,0.00014,0.00022,0.0,0.0030600000000000002
Japan,Iran,0.0,0.00026,0.0001,0.00156,0.00016,0.00208
Japan,Algeria,0.0,0.0,0.00014,0.00136,0.00018,0.00168
Japan,DR Congo,0.0,6e-05,0.00132,0.0003,0.0,0.00168
Japan,Egypt,0.0,0.00034,0.0001,0.00098,0.0001,0.00152
Japan,Curacao,0.0,0.00138,2e-05,0.0,0.0,0.0014
Japan,Iraq,0.0002,0.00082,0.00012,4e-05,0.0,0.00118
Japan,Uzbekistan,0.0,0.0,0.00098,0.00016,0.0,0.00114
Japan,Bosnia and Herzegovina,0.0,0.0006,0.0,0.0001,0.0,0.0007
Japan,Cape Verde,0.0,2e-05,0.00018,0.00014,2e-05,0.00036
Japan,Panama,0.0,2e-05,0.0001,6e-05,2e-05,0.0002
Japan,Saudi Arabia,0.0,0.0,8e-05,0.00012,0.0,0.0002
Japan,Jordan,0.0,0.0,4e-05,0.0001,0.0,0.00014000000000000001
Japan,Ghana,0.0,0.0,0.0001,2e-05,0.0,0.00012
Japan,New Zealand,0.0,4e-05,0.0,4e-05,0.0,8e-05
Japan,Haiti,0.0,0.0,2e-05,0.0,0.0,2e-05
Jordan,Canada,0.02942,8e-05,0.0,2e-05,0.0,0.02952
Jordan,Belgium,0.0278,0.00118,0.00028,0.0,0.0,0.029259999999999998
Jordan,United States,0.01508,0.01264,0.0001,0.0,0.0,0.02782
Jordan,Switzerland,0.02238,0.00024,4e-05,2e-05,0.0,0.022680000000000002
Jordan,Spain,0.01474,0.00018,0.00284,0.0,0.0,0.017759999999999998
Jordan,Iran,0.0162,0.00074,4e-05,0.0,0.0,0.01698
Jordan,Egypt,0.01066,0.00042,2e-05,0.0,0.0,0.011099999999999999
Jordan,Colombia,0.00106,0.00654,0.00052,0.0,2e-05,0.00814
Jordan,England,0.00604,8e-05,6e-05,8e-05,0.0,0.00626
Jordan,Portugal,0.0008,0.0032,0.00088,0.0,2e-05,0.0049
Jordan,New Zealand,0.00374,6e-05,0.0,0.0,0.0,0.0038
Jordan,Uruguay,0.0018,0.00082,8e-05,0.0,0.0,0.0027
Jordan,Argentina,0.0,0.0,0.00208,2e-05,4e-05,0.00214
Jordan,Bosnia and Herzegovina,0.0,0.00188,2e-05,0.0,0.0,0.0019
Jordan,Croatia,0.00016,0.0011,0.00048,0.0,0.0,0.00174
Jordan,Cape Verde,0.00132,0.0001,2e-05,0.0,0.0,0.00144
Jordan,Senegal,0.0,0.0012,2e-05,4e-05,0.0,0.0012599999999999998
Jordan,Austria,0.0,0.0,0.00086,0.0,2e-05,0.00088
Jordan,Norway,0.0,0.00066,2e-05,0.0001,0.0,0.00078
Jordan,Ghana,0.00012,0.00062,2e-05,0.0,0.0,0.00076
Jordan,Australia,0.00016,0.0004,0.0001,0.0,0.0,0.00066
Jordan,DR Congo,8e-05,0.00054,4e-05,0.0,0.0,0.00066
Jordan,Mexico,0.0,0.0004,0.0,8e-05,4e-05,0.0005200000000000001
Jordan,Ecuador,0.0,0.00046,0.0,2e-05,0.0,0.00048
Jordan,South Korea,0.0,0.00042,0.0,2e-05,0.0,0.00044
Jordan,Saudi Arabia,0.00036,4e-05,0.0,0.0,0.0,0.0004
Jordan,Paraguay,4e-05,0.00018,8e-05,2e-05,0.0,0.00032
Jordan,Panama,0.0,0.00024,2e-05,0.0,0.0,0.00026000000000000003
Jordan,France,0.0,2e-05,0.0,0.00018,4e-05,0.00024
Jordan,Brazil,0.0,6e-05,0.00012,4e-05,2e-05,0.00024
Jordan,Qatar,0.0,0.00022,0.0,0.0,0.0,0.00022
Jordan,Czechia,0.0,0.00022,0.0,0.0,0.0,0.00022
Jordan,Ivory Coast,0.0,0.00018,0.0,0.0,0.0,0.00018
Jordan,Japan,0.0,0.0,4e-05,0.0001,0.0,0.00014000000000000001
Jordan,Uzbekistan,0.0,0.00012,0.0,0.0,0.0,0.00012
Jordan,Scotland,0.0,0.0001,0.0,0.0,0.0,0.0001
Jordan,Germany,0.0,0.0,0.0,0.0001,0.0,0.0001
Jordan,Netherlands,0.0,0.0,0.0,8e-05,0.0,8e-05
Jordan,Iraq,0.0,6e-05,0.0,0.0,0.0,6e-05
Jordan,South Africa,0.0,2e-05,0.0,0.0,0.0,2e-05
Jordan,Morocco,0.0,0.0,2e-05,0.0,0.0,2e-05
Jordan,Turkey,0.0,2e-05,0.0,0.0,0.0,2e-05
Mexico,Scotland,0.51948,0.0014,0.00142,0.0,8e-05,0.5223800000000001
Mexico,England,0.0,0.48346,0.0,0.00036,0.00096,0.48478
Mexico,Brazil,0.10686,0.00512,0.06668,0.0,0.00162,0.18028
Mexico,Ecuador,0.07176,0.00314,0.0025,0.0005,0.00022,0.07812000000000001
Mexico,Norway,0.01088,0.01248,0.05168,0.0008,0.00136,0.07719999999999999
Mexico,Argentina,0.0,0.00018,0.0,0.07024,0.0042,0.07461999999999999
Mexico,Uruguay,0.06244,0.00036,0.0,0.00052,0.00028,0.0636
Mexico,France,0.00102,0.00164,0.04498,0.00036,0.01152,0.059519999999999997
Mexico,Senegal,0.02386,0.02192,0.01226,0.00116,0.00014,0.05934
Mexico,Japan,0.0008,0.00628,0.04208,0.0,0.00188,0.05104
Mexico,Ivory Coast,0.03094,0.00078,0.01878,6e-05,6e-05,0.05062
Mexico,Portugal,0.0,0.03588,0.0,0.00978,0.00264,0.0483
Mexico,Spain,0.02332,0.00022,2e-05,0.00668,0.01644,0.04668
Mexico,Morocco,0.0149,0.00894,0.02168,0.0,0.00098,0.0465
Mexico,Colombia,0.0,0.01942,0.0,0.02222,0.00174,0.04338
Mexico,Netherlands,2e-05,0.01426,0.02464,0.0,0.00306,0.041979999999999996
Mexico,Switzerland,0.0331,0.0,0.0,0.00494,0.00138,0.03942
Mexico,Cape Verde,0.03226,6e-05,0.0,0.00036,0.0,0.032679999999999994
Mexico,Canada,0.0251,0.0,0.0,0.00458,0.00038,0.03006
Mexico,DR Congo,0.0,0.02206,0.0,0.00026,0.0,0.02232
Mexico,Uzbekistan,0.0,0.01834,0.0,4e-05,2e-05,0.0184
Mexico,Saudi Arabia,0.01544,2e-05,0.0,8e-05,0.0,0.01554
Mexico,Croatia,0.0,0.0092,0.0,0.00166,0.00078,0.01164
Mexico,Germany,0.0,0.0,0.00568,0.0,0.00512,0.0108
Mexico,Curacao,0.00998,2e-05,0.0001,0.0,0.0,0.0101
Mexico,Haiti,0.0098,0.0,0.0,0.0,0.0,0.0098
Mexico,Austria,0.0,0.00192,0.0,0.00542,0.00118,0.00852
Mexico,Sweden,0.00446,0.0003,0.00336,4e-05,0.0001,0.00826
Mexico,Belgium,0.0,0.0,8e-05,0.00598,0.00092,0.00698
Mexico,Iraq,0.00302,0.00166,0.0001,2e-05,0.0,0.0048000000000000004
Mexico,Paraguay,0.0,0.0,0.00074,0.00304,0.00038,0.0041600000000000005
Mexico,Australia,0.0,0.0,0.00026,0.00354,0.00012,0.00392
Mexico,United States,0.0,0.0,0.0,0.00104,0.00228,0.00332
Mexico,Ghana,0.0,0.0029,0.0,0.00018,2e-05,0.0031
Mexico,Algeria,0.0,0.00178,0.0,0.00072,0.0002,0.0027
Mexico,Iran,0.0,0.0,0.0,0.00198,0.00024,0.00222
Mexico,Panama,0.0,0.001,0.0,0.00014,2e-05,0.00116
Mexico,Egypt,0.0,0.0,0.0,0.00088,0.00016,0.0010400000000000001
Mexico,Bosnia and Herzegovina,0.00054,0.0,0.0,4e-05,0.0,0.00058
Mexico,Jordan,0.0,0.0004,0.0,8e-05,4e-05,0.0005200000000000001
Mexico,South Korea,0.0,0.0,0.0,0.0,0.00048,0.00048
Mexico,Czechia,0.0,0.0,2e-05,0.00018,6e-05,0.00026000000000000003
Mexico,Turkey,0.0,0.0,0.00018,4e-05,4e-05,0.00026000000000000003
Mexico,New Zealand,0.0,0.0,0.0,6e-05,0.0,6e-05
Mexico,Qatar,2e-05,0.0,0.0,0.0,0.0,2e-05
Morocco,Netherlands,0.53502,0.0,0.00074,0.0,0.001,0.53676
Morocco,Japan,0.37488,8e-05,0.00524,4e-05,0.00078,0.38101999999999997
Morocco,France,2e-05,0.03714,0.06188,0.00022,0.00334,0.1026
Morocco,Switzerland,0.0,0.09288,0.00018,0.00114,0.00054,0.09474
Morocco,Norway,2e-05,0.06508,0.0137,0.00054,0.00056,0.0799
Morocco,South Korea,0.00048,0.07356,0.0007,0.00044,6e-05,0.07524
Morocco,Sweden,0.06844,0.00018,0.00434,2e-05,8e-05,0.07306
Morocco,Canada,0.0,0.0616,8e-05,0.00134,0.00022,0.06324
Morocco,Germany,0.0062,0.00036,0.04646,0.0,0.00094,0.05396
Morocco,England,0.0,0.00466,0.0405,0.00044,0.00336,0.048960000000000004
Morocco,Mexico,0.0149,0.00894,0.02168,0.0,0.00098,0.0465
Morocco,Ivory Coast,4e-05,0.0423,0.00026,6e-05,8e-05,0.04274
Morocco,Spain,0.0,0.0,0.00096,0.02176,0.00368,0.026400000000000003
Morocco,Argentina,0.0,0.0,4e-05,0.01848,0.00684,0.02536
Morocco,Senegal,0.0,0.02136,0.00172,0.00066,0.00018,0.02392
Morocco,Portugal,0.0,0.00034,0.00268,0.00644,0.00106,0.01052
Morocco,Colombia,0.0,0.00012,0.00136,0.00746,0.00154,0.01048
Morocco,Brazil,0.0,0.0,0.0064,0.0,0.00244,0.00884
Morocco,United States,0.0,0.0,0.0,0.00674,0.00028,0.00702
Morocco,Paraguay,0.0,6e-05,0.00456,0.00058,0.0001,0.0053
Morocco,Ecuador,0.0,0.00344,0.00078,0.00054,0.00012,0.00488
Morocco,South Africa,0.0,0.00472,0.0,0.0,0.0,0.00472
Morocco,Austria,0.0,2e-05,8e-05,0.00392,0.00062,0.00464
Morocco,Belgium,0.0,0.0,0.0002,0.00378,0.00052,0.0045
Morocco,Scotland,0.0,0.0,0.0038,0.0,0.0001,0.0039
Morocco,Australia,0.0,2e-05,0.00298,0.00054,0.00022,0.00376
Morocco,Czechia,0.0,0.0031,6e-05,0.0001,2e-05,0.00328
Morocco,Croatia,0.0,2e-05,0.00058,0.00226,0.0002,0.00306
Morocco,Uruguay,0.0,0.0,0.00082,0.00134,0.00014,0.0023
Morocco,Turkey,0.0,2e-05,0.00198,2e-05,4e-05,0.00206
Morocco,Iran,0.0,0.0,0.00012,0.0013,0.00012,0.00154
Morocco,DR Congo,0.0,0.00024,0.00058,0.0002,0.0,0.00102
Morocco,Bosnia and Herzegovina,0.0,0.00086,0.0,8e-05,0.0,0.00094
Morocco,Algeria,0.0,6e-05,0.00012,0.00068,6e-05,0.00092
Morocco,Curacao,0.0,0.00088,0.0,0.0,0.0,0.00088
Morocco,Egypt,0.0,2e-05,8e-05,0.00076,2e-05,0.00088
Morocco,Uzbekistan,0.0,0.00018,0.0005,0.0001,0.0,0.00078
Morocco,Iraq,0.0,0.00042,2e-05,0.0,0.0,0.00044
Morocco,Cape Verde,0.0,0.0,4e-05,0.00016,2e-05,0.00022
Morocco,Ghana,0.0,2e-05,8e-05,4e-05,0.0,0.00014000000000000001
Morocco,Panama,0.0,4e-05,0.0,8e-05,0.0,0.00012000000000000002
Morocco,New Zealand,0.0,0.0,2e-05,4e-05,0.0,6.000000000000001e-05
Morocco,Saudi Arabia,0.0,0.0,0.0,2e-05,2e-05,4e-05
Morocco,Jordan,0.0,0.0,2e-05,0.0,0.0,2e-05
Netherlands,Morocco,0.53502,0.0,0.00074,0.0,0.001,0.53676
Netherlands,Brazil,0.35666,4e-05,0.0067,0.0,0.00434,0.36773999999999996
Netherlands,France,0.0019,0.03242,0.12248,0.0004,0.00706,0.16426000000000002
Netherlands,Switzerland,0.0,0.15082,4e-05,0.00162,0.00136,0.15384
Netherlands,South Korea,0.0,0.12356,0.00074,0.00064,0.0001,0.12504
Netherlands,Scotland,0.10576,2e-05,0.00526,0.0,0.00018,0.11122000000000001
Netherlands,Canada,0.0,0.104,4e-05,0.00134,0.00064,0.10601999999999999
Netherlands,Germany,4e-05,0.00104,0.0887,0.0,0.0015,0.09128
Netherlands,Norway,0.00052,0.062,0.02452,0.00118,0.00226,0.09048
Netherlands,Spain,0.0,0.0,0.00152,0.0569,0.00616,0.06458
Netherlands,England,0.0,0.0,0.04566,0.00138,0.00974,0.05678
Netherlands,Argentina,0.0,0.0,8e-05,0.02672,0.0204,0.0472
Netherlands,Mexico,2e-05,0.01426,0.02464,0.0,0.00306,0.041979999999999996
Netherlands,Ivory Coast,0.0,0.03922,0.00046,0.00014,0.00032,0.040139999999999995
Netherlands,Senegal,4e-05,0.01908,0.0022,0.00144,0.00034,0.0231
Netherlands,Portugal,0.0,0.0,0.00304,0.01362,0.00278,0.01944
Netherlands,Colombia,0.0,0.0,0.00158,0.01256,0.00506,0.019200000000000002
Netherlands,United States,4e-05,0.0,0.0,0.01498,0.00084,0.01586
Netherlands,Japan,0.0,0.0,0.01006,2e-05,0.00382,0.0139
Netherlands,Paraguay,0.0,0.0001,0.00942,0.0008,0.0004,0.01072
Netherlands,Austria,0.0,0.0,0.0002,0.00912,0.00112,0.01044
Netherlands,Belgium,0.0,0.0,0.0002,0.0079,0.00116,0.009260000000000001
Netherlands,Sweden,0.0,0.0,0.00788,4e-05,8e-05,0.008
Netherlands,South Africa,0.0,0.00764,0.0,2e-05,0.0,0.00766
Netherlands,Australia,0.0,0.00012,0.00542,0.001,0.00058,0.0071200000000000005
Netherlands,Croatia,0.0,0.0,0.00056,0.00598,0.00028,0.00682
Netherlands,Czechia,0.0,0.00518,0.0,0.00038,2e-05,0.00558
Netherlands,Ecuador,0.0,0.00318,0.00108,0.0008,0.0002,0.00526
Netherlands,Turkey,0.0,4e-05,0.00356,0.0,2e-05,0.00362
Netherlands,Uruguay,0.0,0.0,0.00078,0.00224,0.00016,0.0031799999999999997
Netherlands,Iran,0.0,0.0,0.00026,0.00218,0.00042,0.00286
Netherlands,Algeria,0.0,0.0,0.0001,0.0019,0.0001,0.0021
Netherlands,Egypt,0.0,2e-05,0.00012,0.00166,0.0001,0.0019
Netherlands,Bosnia and Herzegovina,0.0,0.00128,0.0,0.0003,0.0,0.00158
Netherlands,DR Congo,0.0,0.0,0.00094,0.00044,4e-05,0.00142
Netherlands,Curacao,0.0,0.00078,0.0,0.0,0.0,0.00078
Netherlands,Uzbekistan,0.0,0.0,0.0005,0.00014,4e-05,0.00068
Netherlands,Iraq,0.0,0.0005,4e-05,8e-05,0.0,0.00062
Netherlands,Cape Verde,0.0,0.0,0.00016,4e-05,2e-05,0.00022
Netherlands,Panama,0.0,0.0,2e-05,0.00018,2e-05,0.00022
Netherlands,New Zealand,0.0,0.0,4e-05,0.0001,0.0,0.00014000000000000001
Netherlands,Saudi Arabia,0.0,0.0,6e-05,4e-05,2e-05,0.00012
Netherlands,Ghana,0.0,0.0,6e-05,6e-05,0.0,0.00012
Netherlands,Jordan,0.0,0.0,0.0,8e-05,0.0,8e-05
Netherlands,Qatar,0.0,0.0,0.0,4e-05,0.0,4e-05
New Zealand,Australia,0.09154,6e-05,0.00016,0.0,0.0,0.09176
New Zealand,Canada,0.06998,0.0,0.00034,4e-05,0.0,0.07036
New Zealand,Paraguay,0.05876,0.00018,0.00016,4e-05,0.0,0.05914
New Zealand,Switzerland,0.05264,8e-05,0.00032,4e-05,0.0,0.05308
New Zealand,Argentina,0.00014,0.02512,0.00198,0.0,0.0,0.02724
New Zealand,United States,0.00146,0.01646,0.0,0.0,0.0,0.01792
New Zealand,Colombia,0.0,0.01156,0.00114,0.0,0.0,0.012700000000000001
New Zealand,South Korea,0.0109,0.0,2e-05,0.0,0.0,0.01092
New Zealand,Algeria,0.01008,0.00054,4e-05,0.0,0.0,0.010660000000000001
New Zealand,Austria,0.00566,0.00422,0.00068,0.0,0.0,0.01056
New Zealand,Uruguay,0.0097,0.0005,8e-05,0.0,0.0,0.010280000000000001
New Zealand,Czechia,0.00984,0.0,0.0,2e-05,0.0,0.009859999999999999
New Zealand,Senegal,0.00836,0.0014,8e-05,0.0,0.0,0.00984
New Zealand,France,0.00604,0.00018,0.0,0.00026,2e-05,0.006500000000000001
New Zealand,Spain,0.0026,0.00116,0.00272,0.0,2e-05,0.0065
New Zealand,Portugal,0.0,0.0048,0.00122,0.0,0.0,0.006019999999999999
New Zealand,Norway,0.00512,0.0008,4e-05,2e-05,0.0,0.00598
New Zealand,Cape Verde,0.0038,0.00132,2e-05,0.0,0.0,0.00514
New Zealand,Jordan,0.00374,6e-05,0.0,0.0,0.0,0.0038
New Zealand,Ecuador,0.00276,0.0007,2e-05,0.0,0.0,0.00348
New Zealand,Bosnia and Herzegovina,0.0,0.00228,0.0,0.0,0.0,0.00228
New Zealand,Saudi Arabia,0.00156,0.00052,2e-05,0.0,0.0,0.0021
New Zealand,Iraq,0.00184,0.0001,0.0,0.0,0.0,0.00194
New Zealand,South Africa,0.0016,0.0,0.0,0.0,0.0,0.0016
New Zealand,Croatia,0.0,0.00094,0.00036,0.0,0.0,0.0013
New Zealand,Ivory Coast,0.00112,0.0001,0.0,2e-05,0.0,0.00124
New Zealand,Ghana,0.0,0.00072,0.0,0.0,0.0,0.00072
New Zealand,Germany,0.0,0.00042,0.0,0.0001,4e-05,0.0005600000000000001
New Zealand,DR Congo,0.0,0.00038,4e-05,0.0,0.0,0.00042
New Zealand,Qatar,0.0,0.00042,0.0,0.0,0.0,0.00042
New Zealand,Panama,0.0,0.00036,4e-05,0.0,0.0,0.0004
New Zealand,Curacao,0.00032,2e-05,0.0,0.0,0.0,0.00034
New Zealand,England,0.0,8e-05,4e-05,0.0002,0.0,0.00032
New Zealand,Belgium,0.0,0.0,0.0003,0.0,0.0,0.0003
New Zealand,Iran,0.0,0.0,0.00016,0.0,0.0,0.00016
New Zealand,Netherlands,0.0,0.0,4e-05,0.0001,0.0,0.00014000000000000001
New Zealand,Brazil,0.0,4e-05,0.0,8e-05,0.0,0.00012000000000000002
New Zealand,Uzbekistan,0.0,8e-05,2e-05,0.0,0.0,0.0001
New Zealand,Turkey,0.0,0.0001,0.0,0.0,0.0,0.0001
New Zealand,Japan,0.0,4e-05,0.0,4e-05,0.0,8e-05
New Zealand,Morocco,0.0,0.0,2e-05,4e-05,0.0,6.000000000000001e-05
New Zealand,Egypt,0.0,0.0,6e-05,0.0,0.0,6e-05
New Zealand,Mexico,0.0,0.0,0.0,6e-05,0.0,6e-05
New Zealand,Sweden,0.0,6e-05,0.0,0.0,0.0,6e-05
New Zealand,Scotland,0.0,2e-05,0.0,0.0,0.0,2e-05
Norway,Ivory Coast,0.47204,0.00088,0.00146,0.0002,8e-05,0.47466
Norway,Sweden,0.18118,0.01316,0.00058,0.00018,2e-05,0.19512000000000002
Norway,Brazil,2e-05,0.14408,0.01674,0.00152,0.00204,0.16440000000000002
Norway,Japan,0.03928,0.1057,0.01244,0.00112,0.00138,0.15992
Norway,England,0.05414,0.00428,0.08928,0.0025,0.0039,0.1541
Norway,Germany,0.0023,0.1224,2e-05,0.00142,0.00276,0.1289
Norway,Netherlands,0.00052,0.062,0.02452,0.00118,0.00226,0.09048
Norway,Morocco,2e-05,0.06508,0.0137,0.00054,0.00056,0.0799
Norway,Mexico,0.01088,0.01248,0.05168,0.0008,0.00136,0.07719999999999999
Norway,Argentina,0.0,0.00012,0.01232,0.04074,0.00868,0.06186
Norway,Colombia,0.03322,0.00228,0.0054,0.01464,0.00272,0.05826
Norway,United States,0.02498,0.02092,0.0,0.00584,0.00132,0.053059999999999996
Norway,Spain,0.00038,0.00104,0.01654,0.02256,0.00992,0.05044
Norway,Curacao,0.04404,6e-05,4e-05,0.0,0.0,0.044140000000000006
Norway,Portugal,0.0178,0.00112,0.0089,0.0098,0.00224,0.03986
Norway,Ecuador,0.027,0.00176,0.0025,0.00068,0.00018,0.03212
Norway,Paraguay,0.00694,0.02066,0.00066,0.0017,0.00026,0.03022
Norway,Belgium,0.017,0.00538,0.0008,0.00534,0.0011,0.02962
Norway,Switzerland,0.0025,0.00682,0.01316,0.00386,0.00068,0.02702
Norway,Canada,0.00352,0.00816,0.00872,0.00348,0.00042,0.024300000000000002
Norway,Egypt,0.01814,0.00358,0.0002,0.00114,2e-05,0.02308
Norway,Scotland,0.00012,0.01402,0.0079,0.0001,6e-05,0.0222
Norway,Australia,0.0055,0.01226,0.00116,0.002,0.00014,0.02106
Norway,Iran,0.01132,0.00398,0.0005,0.00178,0.00012,0.0177
Norway,France,0.0,0.0,0.00038,0.00402,0.01166,0.01606
Norway,Austria,0.0,0.00228,0.00344,0.00576,0.001,0.01248
Norway,South Korea,0.00092,0.00128,0.00866,0.00064,0.00022,0.01172
Norway,Turkey,0.00296,0.0077,0.0,4e-05,6e-05,0.01076
Norway,Senegal,0.0,0.0,0.0056,0.00148,0.00022,0.0073
Norway,Croatia,0.00146,0.00026,0.00256,0.00222,0.00052,0.00702
Norway,DR Congo,0.00408,0.00034,0.00172,0.00026,2e-05,0.00642
Norway,Uruguay,0.00066,0.00226,0.00202,0.001,0.0002,0.00614
Norway,New Zealand,0.00512,0.0008,4e-05,2e-05,0.0,0.00598
Norway,Algeria,0.0,0.00306,0.00044,0.00082,0.00012,0.0044399999999999995
Norway,Bosnia and Herzegovina,0.0,0.00332,4e-05,0.00012,0.0,0.00348
Norway,Uzbekistan,0.00074,0.00026,0.0012,8e-05,2e-05,0.0023
Norway,Cape Verde,0.00046,0.00048,0.00042,0.00024,2e-05,0.0016200000000000001
Norway,Ghana,0.00122,0.00014,0.0001,0.0001,0.0,0.00156
Norway,Czechia,0.0,0.00066,0.00018,0.0001,2e-05,0.00096
Norway,Qatar,0.0,0.00082,0.0,0.0,0.0,0.00082
Norway,Jordan,0.0,0.00066,2e-05,0.0001,0.0,0.00078
Norway,Panama,0.00042,6e-05,0.0001,0.00014,0.0,0.00072
Norway,Saudi Arabia,0.00014,0.00018,0.00012,6e-05,0.0,0.0005
Norway,South Africa,0.0,2e-05,0.0002,0.0,0.0,0.00022
Norway,Iraq,0.0,0.0,0.0001,2e-05,0.0,0.00012
Norway,Haiti,0.0,4e-05,2e-05,0.0,0.0,6.000000000000001e-05
Norway,Tunisia,2e-05,0.0,0.0,0.0,0.0,2e-05
Panama,Colombia,0.10008,0.0,0.0,2e-05,2e-05,0.10012
Panama,Portugal,0.0688,0.0,0.0,4e-05,2e-05,0.06886
Panama,DR Congo,0.02086,0.0,0.0,0.0,0.0,0.02086
Panama,Spain,4e-05,0.01372,0.00034,2e-05,8e-05,0.014199999999999999
Panama,Uzbekistan,0.01006,0.0,0.0,0.0,0.0,0.01006
Panama,Canada,0.0,0.00714,0.0,4e-05,0.0,0.00718
Panama,Argentina,0.0,0.00156,0.00434,6e-05,2e-05,0.00598
Panama,Switzerland,0.0,0.0057,0.0,2e-05,0.0,0.00572
Panama,Austria,4e-05,0.00418,0.00056,0.0,0.0,0.0047799999999999995
Panama,Algeria,4e-05,0.00236,0.00018,0.0,0.0,0.0025800000000000003
Panama,Belgium,0.0,0.00136,0.00108,0.0,0.0,0.0024400000000000003
Panama,Iran,0.0,0.00186,0.00022,0.0,0.0,0.0020800000000000003
Panama,Egypt,0.0,0.00138,0.00016,0.0,0.0,0.00154
Panama,Mexico,0.0,0.001,0.0,0.00014,2e-05,0.00116
Panama,United States,0.0,0.0,0.00104,0.0,0.0,0.00104
Panama,Uruguay,2e-05,0.00094,8e-05,0.0,0.0,0.00104
Panama,Senegal,0.00054,0.00028,4e-05,2e-05,2e-05,0.0009
Panama,Norway,0.00042,6e-05,0.0001,0.00014,0.0,0.00072
Panama,Ecuador,0.00012,0.00032,0.0001,0.0,0.0,0.00054
Panama,France,2e-05,2e-05,0.00012,0.00028,8e-05,0.00052
Panama,New Zealand,0.0,0.00036,4e-05,0.0,0.0,0.0004
Panama,Australia,0.0,0.0,0.00034,0.0,0.0,0.00034
Panama,Scotland,0.0,0.0003,0.0,4e-05,0.0,0.00033999999999999997
Panama,Brazil,0.0,8e-05,8e-05,0.00014,0.0,0.00030000000000000003
Panama,Ivory Coast,8e-05,8e-05,6e-05,6e-05,0.0,0.00028000000000000003
Panama,Jordan,0.0,0.00024,2e-05,0.0,0.0,0.00026000000000000003
Panama,Paraguay,0.0,0.0,0.00026,0.0,0.0,0.00026
Panama,Netherlands,0.0,0.0,2e-05,0.00018,2e-05,0.00022
Panama,Japan,0.0,2e-05,0.0001,6e-05,2e-05,0.0002
Panama,England,0.0,0.0,0.0,0.00014,6e-05,0.00019999999999999998
Panama,Cape Verde,0.0,8e-05,8e-05,0.0,0.0,0.00016
Panama,Iraq,0.00012,0.0,2e-05,0.0,0.0,0.00014000000000000001
Panama,South Korea,0.0,4e-05,8e-05,2e-05,0.0,0.00014000000000000001
Panama,Germany,0.0,0.0,0.0,0.00014,0.0,0.00014
Panama,Morocco,0.0,4e-05,0.0,8e-05,0.0,0.00012000000000000002
Panama,Sweden,0.0,8e-05,0.0,2e-05,0.0,0.0001
Panama,Saudi Arabia,0.0,2e-05,2e-05,0.0,0.0,4e-05
Panama,Bosnia and Herzegovina,0.0,0.0,4e-05,0.0,0.0,4e-05
Panama,Croatia,0.0,0.0,0.0,2e-05,0.0,2e-05
Panama,Czechia,0.0,0.0,2e-05,0.0,0.0,2e-05
Panama,Curacao,2e-05,0.0,0.0,0.0,0.0,2e-05
Paraguay,Germany,0.36774,0.00468,0.0,2e-05,0.0005,0.37294
Paraguay,Argentina,0.0,0.16688,0.00174,0.00064,0.00228,0.17154
Paraguay,Belgium,0.1411,0.0008,0.00206,0.00076,0.0002,0.14492
Paraguay,Iran,0.10414,0.00074,0.0016,0.00014,2e-05,0.10664
Paraguay,France,0.02268,0.07104,0.00022,0.00154,0.0015,0.09698000000000001
Paraguay,Egypt,0.08158,0.00068,0.00084,0.0001,0.0,0.0832
Paraguay,New Zealand,0.05876,0.00018,0.00016,4e-05,0.0,0.05914
Paraguay,Norway,0.00694,0.02066,0.00066,0.0017,0.00026,0.03022
Paraguay,Colombia,0.01042,0.0,0.01748,0.0009,0.00046,0.029259999999999998
Paraguay,Austria,4e-05,0.02354,0.00076,0.00068,0.00022,0.02524
Paraguay,Spain,0.0,0.0087,0.00046,0.00664,0.00168,0.01748
Paraguay,Portugal,0.00398,0.0,0.00736,0.00152,0.00056,0.01342
Paraguay,Sweden,0.0,0.0127,0.0002,4e-05,0.0,0.01294
Paraguay,Switzerland,6e-05,0.00126,0.01106,2e-05,8e-05,0.01248
Paraguay,Japan,0.0,0.0066,0.00402,0.00148,0.0003,0.0124
Paraguay,Canada,0.0,0.00172,0.00948,0.0,6e-05,0.011260000000000001
Paraguay,Netherlands,0.0,0.0001,0.00942,0.0008,0.0004,0.01072
Paraguay,Cape Verde,0.0,0.01042,2e-05,0.0,0.0,0.01044
Paraguay,England,0.0,0.0,0.0002,0.00656,0.00058,0.00734
Paraguay,Brazil,0.0,0.00078,0.00328,0.00272,0.00048,0.00726
Paraguay,Morocco,0.0,6e-05,0.00456,0.00058,0.0001,0.0053
Paraguay,Mexico,0.0,0.0,0.00074,0.00304,0.00038,0.0041600000000000005
Paraguay,South Korea,0.0,6e-05,0.003,4e-05,0.0,0.0031
Paraguay,Senegal,0.00042,0.00098,0.00106,0.00044,0.00014,0.00304
Paraguay,Saudi Arabia,0.0,0.00298,2e-05,0.0,0.0,0.003
Paraguay,Uruguay,0.0,0.00256,0.00018,0.00022,2e-05,0.0029800000000000004
Paraguay,United States,0.0,0.0,0.0,0.00206,0.00018,0.0022400000000000002
Paraguay,Croatia,0.0,0.0,0.00132,0.00076,0.0001,0.00218
Paraguay,Algeria,2e-05,0.00094,0.00092,0.00026,2e-05,0.00216
Paraguay,Scotland,0.0,0.00134,0.00054,0.00022,2e-05,0.00212
Paraguay,Ivory Coast,0.00144,4e-05,0.00018,0.00028,6e-05,0.002
Paraguay,DR Congo,0.00052,0.0,0.00048,0.00016,2e-05,0.00118
Paraguay,Bosnia and Herzegovina,0.00094,0.0,0.0,0.0,0.0,0.00094
Paraguay,Ecuador,0.0001,0.0001,0.00052,0.00018,0.0,0.0009
Paraguay,Australia,0.0,0.0,0.0005,0.0,8e-05,0.00058
Paraguay,Ghana,0.0,0.0,0.00042,0.0,0.0,0.00042
Paraguay,Qatar,0.00032,0.0,0.0,0.0,0.0,0.00032
Paraguay,Jordan,4e-05,0.00018,8e-05,2e-05,0.0,0.00032
Paraguay,Panama,0.0,0.0,0.00026,0.0,0.0,0.00026
Paraguay,Uzbekistan,0.0001,0.0,4e-05,6e-05,0.0,0.0002
Paraguay,Czechia,0.0,6e-05,4e-05,2e-05,0.0,0.00012
Paraguay,Iraq,2e-05,2e-05,2e-05,0.0,0.0,6.000000000000001e-05
Paraguay,Haiti,0.0,4e-05,0.0,0.0,0.0,4e-05
Paraguay,Turkey,0.0,0.0,0.0,2e-05,0.0,2e-05
Paraguay,Curacao,0.0,0.0,2e-05,0.0,0.0,2e-05
Portugal,Croatia,0.34468,0.0,0.0,0.00034,0.00094,0.34596
Portugal,Spain,0.0,0.2118,0.00808,0.00086,0.01258,0.23332
Portugal,Ghana,0.21618,0.0,0.0,0.0,0.0,0.21618
Portugal,England,0.14384,0.0,0.0,0.02242,0.0066,0.17285999999999999
Portugal,Argentina,6e-05,0.02606,0.10492,0.00884,0.01562,0.1555
Portugal,Canada,0.0,0.07962,0.0,0.00306,0.00092,0.0836
Portugal,Austria,0.00114,0.06206,0.014,0.00056,0.00112,0.07887999999999999
Portugal,Switzerland,0.0,0.06414,0.00042,0.00544,0.00118,0.07118000000000001
Portugal,Panama,0.0688,0.0,0.0,4e-05,2e-05,0.06886
Portugal,United States,0.0,0.0,0.05268,0.0,0.002,0.05468
Portugal,Senegal,0.04122,0.00278,0.00634,0.00166,0.00068,0.05268
Portugal,France,0.00166,0.00024,0.00498,0.03188,0.01096,0.04972
Portugal,Mexico,0.0,0.03588,0.0,0.00978,0.00264,0.0483
Portugal,Belgium,0.0,0.01428,0.02894,0.00076,0.00148,0.04546
Portugal,Norway,0.0178,0.00112,0.0089,0.0098,0.00224,0.03986
Portugal,Iran,0.0,0.01968,0.01102,0.00024,0.00024,0.03118
Portugal,Algeria,0.0015,0.02432,0.00444,0.0001,0.00022,0.030580000000000003
Portugal,Brazil,0.0,0.00364,0.00746,0.01372,0.00334,0.028159999999999998
Portugal,Egypt,0.0,0.01592,0.00808,8e-05,0.0003,0.02438
Portugal,Uruguay,0.0,0.0158,0.0054,0.00032,0.0003,0.021820000000000003
Portugal,Netherlands,0.0,0.0,0.00304,0.01362,0.00278,0.01944
Portugal,Germany,0.0,0.0,2e-05,0.01516,0.0037,0.01888
Portugal,Ecuador,0.00954,0.00466,0.00244,0.00056,0.0002,0.0174
Portugal,Japan,0.0,0.00016,0.00476,0.0103,0.00208,0.0173
Portugal,Australia,0.00298,0.0,0.0108,0.00106,0.00036,0.0152
Portugal,Paraguay,0.00398,0.0,0.00736,0.00152,0.00056,0.01342
Portugal,Colombia,0.0,0.0,0.0,0.00488,0.00712,0.012
Portugal,Morocco,0.0,0.00034,0.00268,0.00644,0.00106,0.01052
Portugal,Ivory Coast,0.00436,0.00128,0.00252,0.00112,0.00012,0.0094
Portugal,Scotland,0.0,0.0073,6e-05,0.00126,0.00018,0.0088
Portugal,South Korea,0.0,0.00156,0.00356,0.00188,0.00036,0.007359999999999999
Portugal,Iraq,0.00672,0.0002,0.00032,2e-05,0.0,0.00726
Portugal,New Zealand,0.0,0.0048,0.00122,0.0,0.0,0.006019999999999999
Portugal,Cape Verde,0.0,0.0023,0.00312,0.00012,4e-05,0.00558
Portugal,Jordan,0.0008,0.0032,0.00088,0.0,2e-05,0.0049
Portugal,Bosnia and Herzegovina,0.0,0.0,0.00284,0.0,0.0,0.00284
Portugal,Czechia,0.0,0.0,0.00206,8e-05,2e-05,0.00216
Portugal,Turkey,0.0016,0.0,0.0,0.00042,8e-05,0.0021000000000000003
Portugal,Sweden,0.0,0.00052,0.00044,0.00076,0.00014,0.00186
Portugal,Curacao,0.00136,0.0001,2e-05,0.0,0.0,0.0014800000000000002
Portugal,Saudi Arabia,0.0,0.00012,0.00066,2e-05,0.0,0.0008
Portugal,DR Congo,0.0,0.0,0.0,0.0002,6e-05,0.00026000000000000003
Portugal,Qatar,0.0,0.0,0.0002,0.0,0.0,0.0002
Portugal,South Africa,0.0,0.0,0.00014,0.0,0.0,0.00014
Portugal,Haiti,0.0,4e-05,0.0,0.0,0.0,4e-05
Portugal,Uzbekistan,0.0,0.0,0.0,4e-05,0.0,4e-05
Qatar,United States,0.21704,0.0,0.0,0.0,0.0,0.21704
Qatar,Belgium,0.0,0.0048,0.0,0.0,0.0,0.0048
Qatar,Iran,0.0,0.002,0.0,0.0,0.0,0.002
Qatar,Egypt,0.0,0.0019,0.0,0.0,0.0,0.0019
Qatar,Australia,0.00176,0.0,0.0,0.0,0.0,0.00176
Qatar,Spain,0.0,0.00022,0.00102,0.0,0.0,0.00124
Qatar,Senegal,0.0,0.00118,0.0,0.0,0.0,0.00118
Qatar,Algeria,0.0,0.00116,2e-05,0.0,0.0,0.00118
Qatar,Austria,0.0,0.00074,0.0002,0.0,0.0,0.00094
Qatar,South Korea,4e-05,0.0009,0.0,0.0,0.0,0.00094
Qatar,Czechia,0.0,0.00092,0.0,0.0,0.0,0.00092
Qatar,Uruguay,0.0,0.00084,6e-05,0.0,0.0,0.0009000000000000001
Qatar,Norway,0.0,0.00082,0.0,0.0,0.0,0.00082
Qatar,Ecuador,0.0,0.00056,0.0,0.0,0.0,0.00056
Qatar,New Zealand,0.0,0.00042,0.0,0.0,0.0,0.00042
Qatar,Cape Verde,0.0,0.00032,0.0,0.0,0.0,0.00032
Qatar,Paraguay,0.00032,0.0,0.0,0.0,0.0,0.00032
Qatar,Jordan,0.0,0.00022,0.0,0.0,0.0,0.00022
Qatar,Portugal,0.0,0.0,0.0002,0.0,0.0,0.0002
Qatar,Argentina,0.0,6e-05,0.00012,0.0,0.0,0.00018
Qatar,Iraq,0.0,0.00014,0.0,0.0,0.0,0.00014
Qatar,Saudi Arabia,0.0,0.00014,0.0,0.0,0.0,0.00014
Qatar,France,0.0,4e-05,0.0,8e-05,0.0,0.00012000000000000002
Qatar,Croatia,0.0,0.0,0.00012,0.0,0.0,0.00012
Qatar,Germany,0.00012,0.0,0.0,0.0,0.0,0.00012
Qatar,South Africa,0.0,0.00012,0.0,0.0,0.0,0.00012
Qatar,Colombia,0.0,0.0,8e-05,0.0,0.0,8e-05
Qatar,Ivory Coast,0.0,8e-05,0.0,0.0,0.0,8e-05
Qatar,Netherlands,0.0,0.0,0.0,4e-05,0.0,4e-05
Qatar,DR Congo,0.0,0.0,4e-05,0.0,0.0,4e-05
Qatar,Mexico,2e-05,0.0,0.0,0.0,0.0,2e-05
Qatar,Ghana,0.0,0.0,2e-05,0.0,0.0,2e-05
Saudi Arabia,Argentina,0.22704,4e-05,0.0001,0.0,0.0,0.22718
Saudi Arabia,Austria,0.0402,0.00014,0.00014,0.0,0.0,0.04048
Saudi Arabia,Mexico,0.01544,2e-05,0.0,8e-05,0.0,0.01554
Saudi Arabia,Belgium,0.00734,0.00326,6e-05,0.0,0.0,0.01066
Saudi Arabia,Egypt,0.00636,0.00112,6e-05,0.0,0.0,0.00754
Saudi Arabia,Iran,0.0046,0.00196,0.00014,0.0,0.0,0.0067
Saudi Arabia,Australia,0.0,0.00484,0.0,0.0,0.0,0.00484
Saudi Arabia,United States,0.0,0.004,0.0,0.0,0.0,0.004
Saudi Arabia,Paraguay,0.0,0.00298,2e-05,0.0,0.0,0.003
Saudi Arabia,New Zealand,0.00156,0.00052,2e-05,0.0,0.0,0.0021
Saudi Arabia,England,0.00038,0.00142,6e-05,0.00018,0.0,0.00204
Saudi Arabia,Algeria,0.0016,0.0001,4e-05,0.0,0.0,0.00174
Saudi Arabia,South Korea,0.00172,0.0,0.0,2e-05,0.0,0.00174
Saudi Arabia,Colombia,0.0,2e-05,0.00134,2e-05,0.0,0.0013800000000000002
Saudi Arabia,France,0.00064,2e-05,0.0,0.00014,2e-05,0.0008200000000000001
Saudi Arabia,Portugal,0.0,0.00012,0.00066,2e-05,0.0,0.0008
Saudi Arabia,Bosnia and Herzegovina,0.0,0.00072,0.0,0.0,0.0,0.00072
Saudi Arabia,Switzerland,0.0,0.0,0.0006,0.0,0.0,0.0006
Saudi Arabia,Canada,0.0,0.0,0.00054,0.0,0.0,0.00054
Saudi Arabia,Norway,0.00014,0.00018,0.00012,6e-05,0.0,0.0005
Saudi Arabia,Croatia,2e-05,8e-05,0.00036,0.0,0.0,0.00046
Saudi Arabia,Jordan,0.00036,4e-05,0.0,0.0,0.0,0.0004
Saudi Arabia,Senegal,0.0,0.00026,0.00014,0.0,0.0,0.00039999999999999996
Saudi Arabia,Uruguay,0.0,0.0,0.00038,0.0,0.0,0.00038
Saudi Arabia,Brazil,0.0,2e-05,8e-05,0.00014,0.0,0.00024
Saudi Arabia,Japan,0.0,0.0,8e-05,0.00012,0.0,0.0002
Saudi Arabia,DR Congo,0.0,0.0001,8e-05,0.0,0.0,0.00018
Saudi Arabia,Qatar,0.0,0.00014,0.0,0.0,0.0,0.00014
Saudi Arabia,Netherlands,0.0,0.0,6e-05,4e-05,2e-05,0.00012
Saudi Arabia,Ecuador,0.0,0.00012,0.0,0.0,0.0,0.00012
Saudi Arabia,Germany,0.0,4e-05,0.0,4e-05,2e-05,0.0001
Saudi Arabia,Ivory Coast,0.0,2e-05,4e-05,2e-05,0.0,8e-05
Saudi Arabia,Spain,0.0,0.0,0.0,2e-05,4e-05,6.000000000000001e-05
Saudi Arabia,Panama,0.0,2e-05,2e-05,0.0,0.0,4e-05
Saudi Arabia,Ghana,2e-05,2e-05,0.0,0.0,0.0,4e-05
Saudi Arabia,Morocco,0.0,0.0,0.0,2e-05,2e-05,4e-05
Saudi Arabia,Uzbekistan,0.0,0.0,4e-05,0.0,0.0,4e-05
Saudi Arabia,Iraq,0.0,4e-05,0.0,0.0,0.0,4e-05
Saudi Arabia,Scotland,0.0,2e-05,0.0,0.0,0.0,2e-05
Scotland,Mexico,0.51948,0.0014,0.00142,0.0,8e-05,0.5223800000000001
Scotland,Germany,0.1541,2e-05,0.00468,0.0,0.0003,0.1591
Scotland,England,0.0,0.1139,0.002,0.0001,0.00038,0.11638
Scotland,Netherlands,0.10576,2e-05,0.00526,0.0,0.00018,0.11122000000000001
Scotland,Japan,0.06024,0.0015,0.00712,2e-05,6e-05,0.06894
Scotland,France,0.00022,0.02836,0.01208,4e-05,0.00072,0.04142
Scotland,South Korea,0.02182,0.01146,0.00052,6e-05,0.0,0.03386
Scotland,Norway,0.00012,0.01402,0.0079,0.0001,6e-05,0.0222
Scotland,Switzerland,0.0,0.01378,0.00146,0.00028,4e-05,0.015560000000000001
Scotland,Sweden,0.00988,0.00288,0.00082,2e-05,0.0,0.0136
Scotland,Brazil,0.0,0.0,0.01208,0.0,0.00012,0.0122
Scotland,Canada,0.0,0.00942,0.00118,0.00028,8e-05,0.01096
Scotland,Senegal,0.0,0.00744,0.00142,0.0002,2e-05,0.009080000000000001
Scotland,Portugal,0.0,0.0073,6e-05,0.00126,0.00018,0.0088
Scotland,Colombia,0.0,0.00472,6e-05,0.00232,0.0002,0.0073
Scotland,Ivory Coast,0.00084,0.00344,0.00238,2e-05,0.0,0.00668
Scotland,Argentina,0.0,2e-05,0.0,0.00518,0.00088,0.0060799999999999995
Scotland,DR Congo,0.0,0.00514,4e-05,0.0,0.0,0.00518
Scotland,Uzbekistan,0.0,0.00462,0.0,0.0,0.0,0.00462
Scotland,Spain,0.0,6e-05,2e-05,0.00336,0.00078,0.00422
Scotland,Morocco,0.0,0.0,0.0038,0.0,0.0001,0.0039
Scotland,Croatia,0.0,0.00162,2e-05,0.00044,6e-05,0.00214
Scotland,Paraguay,0.0,0.00134,0.00054,0.00022,2e-05,0.00212
Scotland,Austria,0.0,0.00064,4e-05,0.00122,6e-05,0.00196
Scotland,Australia,0.0,0.00076,0.0004,0.0003,0.0,0.00146
Scotland,Ecuador,0.0,0.00068,0.00024,0.0001,2e-05,0.0010400000000000001
Scotland,United States,0.0,0.0,0.0,0.0009,4e-05,0.00094
Scotland,Turkey,0.0,0.0006,0.00032,0.0,0.0,0.00092
Scotland,Belgium,0.0,8e-05,0.0,0.00078,2e-05,0.00088
Scotland,Ghana,0.0,0.00084,0.0,0.0,0.0,0.00084
Scotland,Algeria,0.0,0.0004,2e-05,0.00028,4e-05,0.00074
Scotland,Iraq,0.0,0.00054,4e-05,0.0,0.0,0.00058
Scotland,Uruguay,0.0,0.00018,0.0001,0.00024,2e-05,0.00054
Scotland,Czechia,0.0,0.00044,6e-05,2e-05,0.0,0.0005200000000000001
Scotland,South Africa,0.0,0.00046,6e-05,0.0,0.0,0.0005200000000000001
Scotland,Iran,0.0,0.00012,2e-05,0.0003,0.0,0.00043999999999999996
Scotland,Panama,0.0,0.0003,0.0,4e-05,0.0,0.00033999999999999997
Scotland,Egypt,0.0,4e-05,0.0,0.0001,0.0,0.00014000000000000001
Scotland,Jordan,0.0,0.0001,0.0,0.0,0.0,0.0001
Scotland,Bosnia and Herzegovina,0.0,0.0001,0.0,0.0,0.0,0.0001
Scotland,Curacao,0.0,6e-05,2e-05,0.0,0.0,8e-05
Scotland,Cape Verde,0.0,4e-05,0.0,2e-05,0.0,6.000000000000001e-05
Scotland,New Zealand,0.0,2e-05,0.0,0.0,0.0,2e-05
Scotland,Saudi Arabia,0.0,2e-05,0.0,0.0,0.0,2e-05
Senegal,Ivory Coast,0.17466,0.00096,0.00112,0.0001,2e-05,0.17686000000000002
Senegal,England,0.12934,0.00718,0.02248,0.002,0.00062,0.16162
Senegal,United States,0.05584,0.04028,2e-05,8e-05,0.0002,0.09642
Senegal,Colombia,0.07834,0.00426,0.00368,0.00336,0.00054,0.09018000000000001
Senegal,Mexico,0.02386,0.02192,0.01226,0.00116,0.00014,0.05934
Senegal,Brazil,0.0,0.04668,0.00554,0.00118,0.00054,0.05394
Senegal,Portugal,0.04122,0.00278,0.00634,0.00166,0.00068,0.05268
Senegal,Belgium,0.03386,0.00994,0.00134,0.00068,0.00016,0.04598
Senegal,Japan,0.0018,0.03564,0.0031,0.00124,0.00022,0.041999999999999996
Senegal,Egypt,0.03338,0.0071,0.00034,0.00012,0.0,0.04094
Senegal,Argentina,0.0,0.00014,0.0181,0.00944,0.00156,0.029240000000000002
Senegal,Spain,4e-05,0.00164,0.0233,0.00104,0.0023,0.02832
Senegal,Iran,0.0188,0.00676,0.0008,0.00034,4e-05,0.02674
Senegal,Morocco,0.0,0.02136,0.00172,0.00066,0.00018,0.02392
Senegal,Canada,0.00864,0.01342,0.00014,0.00102,8e-05,0.0233
Senegal,Netherlands,4e-05,0.01908,0.0022,0.00144,0.00034,0.0231
Senegal,Switzerland,0.00638,0.0123,0.00042,0.00144,0.00022,0.02076
Senegal,Curacao,0.01782,0.0001,0.0,0.0,0.0,0.01792
Senegal,Ecuador,0.01014,0.00292,0.00074,6e-05,2e-05,0.01388
Senegal,Sweden,0.00822,0.00414,0.00016,4e-05,4e-05,0.0126
Senegal,DR Congo,0.00822,0.00084,0.00098,2e-05,2e-05,0.01008
Senegal,New Zealand,0.00836,0.0014,8e-05,0.0,0.0,0.00984
Senegal,Austria,0.0,0.00362,0.00466,0.00084,0.0002,0.00932
Senegal,France,0.0,0.0,0.00334,0.0038,0.00218,0.00932
Senegal,Scotland,0.0,0.00744,0.00142,0.0002,2e-05,0.009080000000000001
Senegal,Germany,0.0009,0.00482,2e-05,0.0019,0.00058,0.00822
Senegal,Norway,0.0,0.0,0.0056,0.00148,0.00022,0.0073
Senegal,Croatia,0.0034,0.0009,0.0027,0.00016,0.0001,0.00726
Senegal,Bosnia and Herzegovina,0.0,0.00594,0.0,0.0,0.0,0.00594
Senegal,Algeria,0.0,0.00536,0.0004,0.00012,4e-05,0.00592
Senegal,South Korea,0.00272,0.002,0.00042,0.00026,0.0,0.0054
Senegal,Uruguay,8e-05,0.00362,0.00112,0.00014,2e-05,0.00498
Senegal,Australia,0.0009,0.00068,0.00166,0.00054,2e-05,0.0038
Senegal,Paraguay,0.00042,0.00098,0.00106,0.00044,0.00014,0.00304
Senegal,Ghana,0.00254,0.00036,0.0001,2e-05,0.0,0.00302
Senegal,Uzbekistan,0.0015,0.0005,0.00044,2e-05,0.0,0.00246
Senegal,Jordan,0.0,0.0012,2e-05,4e-05,0.0,0.0012599999999999998
Senegal,Qatar,0.0,0.00118,0.0,0.0,0.0,0.00118
Senegal,Czechia,0.0,0.00108,0.0,2e-05,0.0,0.0011
Senegal,Cape Verde,4e-05,0.00064,0.00022,6e-05,0.0,0.00096
Senegal,Panama,0.00054,0.00028,4e-05,2e-05,2e-05,0.0009
Senegal,Turkey,0.00016,0.00026,0.0,6e-05,0.0,0.00048
Senegal,Saudi Arabia,0.0,0.00026,0.00014,0.0,0.0,0.00039999999999999996
Senegal,South Africa,0.0,0.00012,0.0,0.0,0.0,0.00012
Senegal,Haiti,0.0,4e-05,0.0,0.0,0.0,4e-05
South Africa,Switzerland,0.07354,2e-05,0.0,0.0,0.0,0.07356
South Africa,Canada,0.05544,2e-05,0.0,0.0,0.0,0.05546
South Africa,Belgium,0.00826,0.0,0.0,0.0,0.0,0.00826
South Africa,Netherlands,0.0,0.00764,0.0,2e-05,0.0,0.00766
South Africa,Egypt,0.00666,0.0,0.0,0.0,0.0,0.00666
South Africa,Iran,0.00476,0.0,0.0,0.0,0.0,0.00476
South Africa,Morocco,0.0,0.00472,0.0,0.0,0.0,0.00472
South Africa,Japan,0.0,0.00324,8e-05,0.0,0.0,0.00332
South Africa,United States,0.0,0.0033,0.0,0.0,0.0,0.0033
South Africa,Brazil,0.0,0.00268,0.0,0.0,0.0,0.00268
South Africa,Bosnia and Herzegovina,0.00146,0.00046,0.0,0.0,0.0,0.0019199999999999998
South Africa,New Zealand,0.0016,0.0,0.0,0.0,0.0,0.0016
South Africa,Germany,0.00052,0.0,0.00064,0.0,0.0,0.00116
South Africa,France,0.0,0.0,0.0007,2e-05,0.0,0.00072
South Africa,Scotland,0.0,0.00046,6e-05,0.0,0.0,0.0005200000000000001
South Africa,Spain,0.0,0.0,0.0004,8e-05,0.0,0.00048
South Africa,Sweden,0.0,0.00034,4e-05,0.0,0.0,0.00038
South Africa,Norway,0.0,2e-05,0.0002,0.0,0.0,0.00022
South Africa,Algeria,0.0,0.00018,2e-05,0.0,0.0,0.0002
South Africa,Austria,0.0,6e-05,8e-05,0.0,0.0,0.00014000000000000001
South Africa,Portugal,0.0,0.0,0.00014,0.0,0.0,0.00014
South Africa,Senegal,0.0,0.00012,0.0,0.0,0.0,0.00012
South Africa,Qatar,0.0,0.00012,0.0,0.0,0.0,0.00012
South Africa,Ecuador,0.0,0.0001,0.0,0.0,0.0,0.0001
South Africa,Colombia,0.0,0.0,6e-05,0.0,0.0,6e-05
South Africa,Australia,0.0,0.0,4e-05,0.0,0.0,4e-05
South Africa,Croatia,0.0,0.0,4e-05,0.0,0.0,4e-05
South Africa,Iraq,0.0,2e-05,0.0,0.0,0.0,2e-05
South Africa,Turkey,0.0,0.0,2e-05,0.0,0.0,2e-05
South Africa,Jordan,0.0,2e-05,0.0,0.0,0.0,2e-05
South Africa,DR Congo,0.0,0.0,2e-05,0.0,0.0,2e-05
South Africa,Argentina,0.0,0.0,2e-05,0.0,0.0,2e-05
South Africa,England,0.0,0.0,2e-05,0.0,0.0,2e-05
South Korea,Switzerland,0.43256,0.00032,0.0,0.0005,8e-05,0.43346
South Korea,Canada,0.32656,0.0,0.0,0.00016,8e-05,0.32680000000000003
South Korea,Netherlands,0.0,0.12356,0.00074,0.00064,0.0001,0.12504
South Korea,Morocco,0.00048,0.07356,0.0007,0.00044,6e-05,0.07524
South Korea,Japan,0.00032,0.04932,0.00386,0.00028,8e-05,0.053860000000000005
South Korea,Belgium,0.04906,0.0,6e-05,0.00082,0.00012,0.05006
South Korea,Brazil,0.0045,0.04228,0.00236,0.00044,0.00032,0.0499
South Korea,United States,0.0,0.04624,0.0,0.00244,4e-05,0.048720000000000006
South Korea,France,0.0001,0.00046,0.03974,0.00174,0.0005,0.042539999999999994
South Korea,Egypt,0.03946,0.0,4e-05,0.00022,4e-05,0.039760000000000004
South Korea,Scotland,0.02182,0.01146,0.00052,6e-05,0.0,0.03386
South Korea,Iran,0.03132,0.0,6e-05,0.00034,2e-05,0.03174
South Korea,Germany,0.00194,0.0,0.0278,0.0008,4e-05,0.03058
South Korea,Spain,0.00294,2e-05,0.0129,0.0083,0.00034,0.0245
South Korea,England,0.0,0.0207,0.00026,0.0001,0.00102,0.02208
South Korea,Bosnia and Herzegovina,0.00894,0.00562,0.0,0.0,0.0,0.01456
South Korea,Norway,0.00092,0.00128,0.00866,0.00064,0.00022,0.01172
South Korea,New Zealand,0.0109,0.0,2e-05,0.0,0.0,0.01092
South Korea,Uruguay,0.00818,2e-05,0.00034,0.0004,2e-05,0.00896
South Korea,Sweden,0.00102,0.0037,0.00282,2e-05,0.0,0.00756
South Korea,Portugal,0.0,0.00156,0.00356,0.00188,0.00036,0.007359999999999999
South Korea,Ecuador,0.00584,0.00098,4e-05,0.00024,4e-05,0.00714
South Korea,Argentina,0.0,4e-05,0.00154,0.00196,0.00208,0.00562
South Korea,Senegal,0.00272,0.002,0.00042,0.00026,0.0,0.0054
South Korea,Colombia,0.0,0.00096,0.00196,0.00148,0.00062,0.00502
South Korea,Austria,0.0,0.00158,0.00208,0.0012,6e-05,0.00492
South Korea,Cape Verde,0.00408,0.0,2e-05,2e-05,0.0,0.00412
South Korea,Croatia,0.0,0.00034,0.00214,0.00086,2e-05,0.00336
South Korea,Ivory Coast,0.00254,0.00036,0.00036,4e-05,2e-05,0.00332
South Korea,Paraguay,0.0,6e-05,0.003,4e-05,0.0,0.0031
South Korea,Algeria,0.0,0.00152,0.00044,0.00038,0.0,0.00234
South Korea,Australia,0.0,0.00022,0.0016,6e-05,4e-05,0.00192
South Korea,Saudi Arabia,0.00172,0.0,0.0,2e-05,0.0,0.00174
South Korea,DR Congo,0.0,0.00092,0.00034,8e-05,2e-05,0.00136
South Korea,Turkey,0.0,0.0,0.00116,0.0,0.0,0.00116
South Korea,Qatar,4e-05,0.0009,0.0,0.0,0.0,0.00094
South Korea,Curacao,0.0008,4e-05,0.0,0.0,0.0,0.00084
South Korea,Uzbekistan,0.0,0.00062,0.00016,2e-05,0.0,0.0008
South Korea,Iraq,0.00038,0.00022,0.0,0.0,0.0,0.0006000000000000001
South Korea,Mexico,0.0,0.0,0.0,0.0,0.00048,0.00048
South Korea,Jordan,0.0,0.00042,0.0,2e-05,0.0,0.00044
South Korea,Haiti,0.00042,0.0,0.0,0.0,0.0,0.00042
South Korea,Ghana,0.0,0.00016,6e-05,0.0,0.0,0.00022
South Korea,Panama,0.0,4e-05,8e-05,2e-05,0.0,0.00014000000000000001
South Korea,Czechia,0.0,0.0,0.0,4e-05,0.0,4e-05
Spain,Austria,0.56518,0.00062,0.02352,0.00018,0.00412,0.59362
Spain,Argentina,0.18916,2e-05,0.00326,0.00452,0.10522,0.30218
Spain,United States,0.0,0.0175,0.21572,0.00012,0.00136,0.2347
Spain,Portugal,0.0,0.2118,0.00808,0.00086,0.01258,0.23332
Spain,Croatia,2e-05,0.20174,0.00366,0.00022,0.00154,0.20718
Spain,Algeria,0.17494,0.00086,0.02184,2e-05,0.00056,0.19822
Spain,Colombia,0.0,0.1286,0.01348,0.0016,0.02378,0.16746
Spain,France,0.001,0.00024,0.00356,0.13938,0.02018,0.16436
Spain,Belgium,0.01072,0.00808,0.0785,0.0005,0.00508,0.10288
Spain,England,0.00066,0.03086,0.00038,0.00738,0.04684,0.08612
Spain,Germany,0.0,0.00074,0.0,0.08212,0.00262,0.08548
Spain,Netherlands,0.0,0.0,0.00152,0.0569,0.00616,0.06458
Spain,Norway,0.00038,0.00104,0.01654,0.02256,0.00992,0.05044
Spain,DR Congo,0.0,0.04898,0.0008,8e-05,0.0002,0.05006
Spain,Brazil,0.0,4e-05,0.00268,0.0265,0.01848,0.0477
Spain,Mexico,0.02332,0.00022,2e-05,0.00668,0.01644,0.04668
Spain,Iran,0.0058,0.0047,0.02984,0.00024,0.00108,0.041659999999999996
Spain,Japan,0.0,2e-05,0.00212,0.0292,0.00846,0.0398
Spain,Egypt,0.00846,0.00308,0.02606,0.00016,0.00036,0.03812
Spain,Switzerland,0.0,8e-05,0.006,0.02272,0.0046,0.0334
Spain,Senegal,4e-05,0.00164,0.0233,0.00104,0.0023,0.02832
Spain,Morocco,0.0,0.0,0.00096,0.02176,0.00368,0.026400000000000003
Spain,Uzbekistan,0.0,0.02482,0.00014,4e-05,6e-05,0.02506
Spain,South Korea,0.00294,2e-05,0.0129,0.0083,0.00034,0.0245
Spain,Ghana,0.0,0.02226,0.00024,0.0,2e-05,0.02252
Spain,Uruguay,0.0,0.0,0.02104,0.0004,0.00106,0.0225
Spain,Australia,0.0,0.01272,0.00154,0.00318,0.00192,0.019360000000000002
Spain,Canada,0.0,2e-05,0.00438,0.01128,0.00316,0.01884
Spain,Jordan,0.01474,0.00018,0.00284,0.0,0.0,0.017759999999999998
Spain,Paraguay,0.0,0.0087,0.00046,0.00664,0.00168,0.01748
Spain,Ecuador,0.0,0.00046,0.01336,0.00022,0.00114,0.01518
Spain,Bosnia and Herzegovina,0.0,0.00186,0.0126,0.0,0.0,0.01446
Spain,Panama,4e-05,0.01372,0.00034,2e-05,8e-05,0.014199999999999999
Spain,Czechia,0.0,0.0,0.00864,0.00018,4e-05,0.00886
Spain,New Zealand,0.0026,0.00116,0.00272,0.0,2e-05,0.0065
Spain,Ivory Coast,0.0,0.00024,0.0042,0.00044,0.00112,0.005999999999999999
Spain,Sweden,0.0,2e-05,0.00076,0.00346,0.0002,0.00444
Spain,Scotland,0.0,6e-05,2e-05,0.00336,0.00078,0.00422
Spain,Turkey,0.0,2e-05,0.00014,0.00266,4e-05,0.00286
Spain,Cape Verde,0.0,0.0,0.0018,0.0,0.0001,0.0019
Spain,Iraq,0.0,0.0002,0.00104,0.0,2e-05,0.0012599999999999998
Spain,Qatar,0.0,0.00022,0.00102,0.0,0.0,0.00124
Spain,South Africa,0.0,0.0,0.0004,8e-05,0.0,0.00048
Spain,Curacao,0.0,2e-05,6e-05,0.0,0.0,8e-05
Spain,Saudi Arabia,0.0,0.0,0.0,2e-05,4e-05,6.000000000000001e-05
Sweden,France,0.53232,0.00934,0.00156,0.00012,0.0002,0.54354
Sweden,Norway,0.18118,0.01316,0.00058,0.00018,2e-05,0.19512000000000002
Sweden,Germany,0.01884,0.0764,0.0012,2e-05,0.0,0.09645999999999999
Sweden,Brazil,0.08906,0.0018,0.0035,0.0,6e-05,0.09442
Sweden,Morocco,0.06844,0.00018,0.00434,2e-05,8e-05,0.07306
Sweden,Scotland,0.00988,0.00288,0.00082,2e-05,0.0,0.0136
Sweden,Paraguay,0.0,0.0127,0.0002,4e-05,0.0,0.01294
Sweden,Senegal,0.00822,0.00414,0.00016,4e-05,4e-05,0.0126
Sweden,United States,0.00956,0.0,0.0,0.00108,0.0,0.01064
Sweden,Switzerland,0.00276,0.00342,0.00386,4e-05,2e-05,0.0101
Sweden,Ivory Coast,0.00026,0.00852,4e-05,0.0,0.0,0.00882
Sweden,Australia,0.00014,0.00826,4e-05,6e-05,0.0,0.0085
Sweden,Mexico,0.00446,0.0003,0.00336,4e-05,0.0001,0.00826
Sweden,Netherlands,0.0,0.0,0.00788,4e-05,8e-05,0.008
Sweden,Canada,0.00354,0.00262,0.00174,6e-05,0.0,0.00796
Sweden,South Korea,0.00102,0.0037,0.00282,2e-05,0.0,0.00756
Sweden,England,0.0,0.00098,0.00534,0.0001,0.00028,0.0067
Sweden,Turkey,0.0,0.00514,6e-05,0.0,0.0,0.0052
Sweden,Spain,0.0,2e-05,0.00076,0.00346,0.0002,0.00444
Sweden,Japan,0.0,0.0,0.00396,2e-05,4e-05,0.00402
Sweden,Argentina,0.0,0.0,0.00036,0.00174,0.00078,0.00288
Sweden,Colombia,0.0,0.00116,0.00038,0.00082,0.00018,0.00254
Sweden,Portugal,0.0,0.00052,0.00044,0.00076,0.00014,0.00186
Sweden,Belgium,0.0,0.0008,2e-05,0.00038,2e-05,0.0012200000000000002
Sweden,Ecuador,0.0,0.00074,0.00012,4e-05,2e-05,0.00092
Sweden,Czechia,0.0,0.00078,8e-05,4e-05,0.0,0.0009
Sweden,Austria,0.0,0.0,0.0002,0.00056,2e-05,0.00078
Sweden,Iraq,0.00056,0.00014,2e-05,0.0,0.0,0.0007199999999999999
Sweden,Egypt,0.0,0.0006,0.0,8e-05,0.0,0.0006799999999999999
Sweden,Croatia,0.0,0.0001,0.00022,0.00026,2e-05,0.0006
Sweden,Iran,0.0,0.00046,0.0,0.00012,0.0,0.00058
Sweden,Uruguay,0.0,6e-05,0.0002,0.00022,0.0,0.00048
Sweden,South Africa,0.0,0.00034,4e-05,0.0,0.0,0.00038
Sweden,DR Congo,0.0,6e-05,0.0001,2e-05,0.0,0.00018
Sweden,Algeria,0.0,0.0,0.0,0.00014,0.0,0.00014
Sweden,Curacao,0.0,0.00014,0.0,0.0,0.0,0.00014
Sweden,Panama,0.0,8e-05,0.0,2e-05,0.0,0.0001
Sweden,Ghana,0.0,6e-05,2e-05,0.0,0.0,8e-05
Sweden,Uzbekistan,0.0,4e-05,2e-05,0.0,0.0,6.000000000000001e-05
Sweden,New Zealand,0.0,6e-05,0.0,0.0,0.0,6e-05
Sweden,Cape Verde,0.0,2e-05,0.0,2e-05,0.0,4e-05
Sweden,Bosnia and Herzegovina,0.0,0.0,2e-05,0.0,0.0,2e-05
Switzerland,South Korea,0.43256,0.00032,0.0,0.0005,8e-05,0.43346
Switzerland,Netherlands,0.0,0.15082,4e-05,0.00162,0.00136,0.15384
Switzerland,Colombia,0.0,0.14676,0.00018,0.00358,0.00174,0.15226
Switzerland,Egypt,0.09522,0.00084,0.0014,0.00036,6e-05,0.09788
Switzerland,Morocco,0.0,0.09288,0.00018,0.00114,0.00054,0.09474
Switzerland,Argentina,0.00134,2e-05,0.08158,0.00292,0.00688,0.09274
Switzerland,Iran,0.08474,0.00056,0.00292,0.00054,0.00012,0.08888
Switzerland,France,0.00018,0.00118,0.06654,0.0036,0.00432,0.07582
Switzerland,South Africa,0.07354,2e-05,0.0,0.0,0.0,0.07356
Switzerland,Portugal,0.0,0.06414,0.00042,0.00544,0.00118,0.07118000000000001
Switzerland,Japan,0.00066,0.0616,0.0045,0.0027,0.00092,0.07038
Switzerland,Belgium,0.05092,0.00164,0.00748,0.00302,0.00046,0.06352
Switzerland,Algeria,0.06054,0.00068,0.0002,0.00084,6e-05,0.06231999999999999
Switzerland,Brazil,0.0,0.05052,0.00186,0.00512,0.00152,0.05902
Switzerland,New Zealand,0.05264,8e-05,0.00032,4e-05,0.0,0.05308
Switzerland,Germany,2e-05,0.0,0.05038,0.0002,0.0013,0.0519
Switzerland,Austria,0.03092,0.0006,0.00822,0.00242,0.00056,0.04272
Switzerland,Mexico,0.0331,0.0,0.0,0.00494,0.00138,0.03942
Switzerland,Spain,0.0,8e-05,0.006,0.02272,0.0046,0.0334
Switzerland,Norway,0.0025,0.00682,0.01316,0.00386,0.00068,0.02702
Switzerland,Czechia,0.0244,0.0003,2e-05,8e-05,2e-05,0.024820000000000002
Switzerland,Jordan,0.02238,0.00024,4e-05,2e-05,0.0,0.022680000000000002
Switzerland,Senegal,0.00638,0.0123,0.00042,0.00144,0.00022,0.02076
Switzerland,United States,0.01064,0.0,8e-05,0.0065,0.00052,0.01774
Switzerland,England,0.0,0.00078,4e-05,0.01292,0.0032,0.01694
Switzerland,Croatia,0.0,0.01386,0.00014,0.00234,0.00024,0.01658
Switzerland,Scotland,0.0,0.01378,0.00146,0.00028,4e-05,0.015560000000000001
Switzerland,Ecuador,0.00876,0.00404,0.0,0.00068,0.00012,0.013600000000000001
Switzerland,Australia,6e-05,0.00094,0.01126,8e-05,0.00018,0.01252
Switzerland,Paraguay,6e-05,0.00126,0.01106,2e-05,8e-05,0.01248
Switzerland,Sweden,0.00276,0.00342,0.00386,4e-05,2e-05,0.0101
Switzerland,Ghana,0.0,0.00958,0.0,2e-05,0.0,0.0096
Switzerland,DR Congo,0.0,0.00728,0.0,0.00022,0.0,0.0075
Switzerland,Panama,0.0,0.0057,0.0,2e-05,0.0,0.00572
Switzerland,Ivory Coast,0.00332,0.00124,0.0001,0.00056,6e-05,0.00528
Switzerland,Turkey,0.0,0.00068,0.00204,0.0,4e-05,0.0027600000000000003
Switzerland,Uruguay,0.0,0.00022,0.00114,0.00088,8e-05,0.00232
Switzerland,Iraq,0.0013,0.00074,0.0,2e-05,0.0,0.0020599999999999998
Switzerland,Cape Verde,0.0,2e-05,0.00162,0.0,0.0,0.00164
Switzerland,Uzbekistan,0.0,0.0014,0.0,0.0001,4e-05,0.00154
Switzerland,Curacao,0.00106,0.0001,0.0,0.0,0.0,0.00116
Switzerland,Saudi Arabia,0.0,0.0,0.0006,0.0,0.0,0.0006
Switzerland,Canada,0.0,0.0,0.0,0.0,0.00046,0.00046
Switzerland,Bosnia and Herzegovina,0.0,0.0,0.0,0.0001,2e-05,0.00012
Tunisia,France,4e-05,0.0,0.0,0.0,0.0,4e-05
Tunisia,Norway,2e-05,0.0,0.0,0.0,0.0,2e-05
Turkey,Germany,0.14104,0.0022,0.0,0.0,0.0,0.14324
Turkey,France,0.00964,0.02648,0.0,0.0,0.00012,0.03624
Turkey,Norway,0.00296,0.0077,0.0,4e-05,6e-05,0.01076
Turkey,Sweden,0.0,0.00514,6e-05,0.0,0.0,0.0052
Turkey,Colombia,0.00466,0.0,0.0,0.00032,8e-05,0.00506
Turkey,Japan,0.0,0.0023,0.00154,2e-05,2e-05,0.0038799999999999998
Turkey,Netherlands,0.0,4e-05,0.00356,0.0,2e-05,0.00362
Turkey,Spain,0.0,2e-05,0.00014,0.00266,4e-05,0.00286
Turkey,Switzerland,0.0,0.00068,0.00204,0.0,4e-05,0.0027600000000000003
Turkey,Portugal,0.0016,0.0,0.0,0.00042,8e-05,0.0021000000000000003
Turkey,Morocco,0.0,2e-05,0.00198,2e-05,4e-05,0.00206
Turkey,Canada,0.0,0.00064,0.0012,0.0,0.0,0.00184
Turkey,Brazil,0.0,0.00036,0.00098,2e-05,8e-05,0.00144
Turkey,Argentina,0.0,0.0,0.00062,0.00012,0.00054,0.00128
Turkey,South Korea,0.0,0.0,0.00116,0.0,0.0,0.00116
Turkey,Scotland,0.0,0.0006,0.00032,0.0,0.0,0.00092
Turkey,Ivory Coast,0.00066,0.0,0.0,2e-05,2e-05,0.0007
Turkey,United States,0.0,0.0,2e-05,0.00058,2e-05,0.00062
Turkey,Belgium,0.0,0.00024,6e-05,0.00026,4e-05,0.0006
Turkey,Senegal,0.00016,0.00026,0.0,6e-05,0.0,0.00048
Turkey,England,0.0,0.0,0.0,0.00018,0.00024,0.00042
Turkey,Iran,0.0,0.00032,8e-05,0.0,0.0,0.0004
Turkey,Austria,0.0,2e-05,0.0001,0.00026,0.0,0.00037999999999999997
Turkey,Mexico,0.0,0.0,0.00018,4e-05,4e-05,0.00026000000000000003
Turkey,Croatia,0.0,0.0,0.0,0.00022,2e-05,0.00024
Turkey,Egypt,0.0,0.00022,0.0,2e-05,0.0,0.00024
Turkey,DR Congo,0.00018,0.0,0.0,2e-05,0.0,0.0002
Turkey,Uruguay,0.0,6e-05,2e-05,4e-05,0.0,0.00012
Turkey,Algeria,0.0,6e-05,0.0,6e-05,0.0,0.00012
Turkey,New Zealand,0.0,0.0001,0.0,0.0,0.0,0.0001
Turkey,Australia,0.0,0.0,4e-05,2e-05,0.0,6.000000000000001e-05
Turkey,Ecuador,0.0,2e-05,0.0,4e-05,0.0,6.000000000000001e-05
Turkey,Uzbekistan,4e-05,0.0,0.0,0.0,0.0,4e-05
Turkey,Iraq,2e-05,2e-05,0.0,0.0,0.0,4e-05
Turkey,Bosnia and Herzegovina,0.0,0.0,2e-05,2e-05,0.0,4e-05
Turkey,Czechia,0.0,0.0,2e-05,2e-05,0.0,4e-05
Turkey,Paraguay,0.0,0.0,0.0,2e-05,0.0,2e-05
Turkey,Ghana,0.0,0.0,0.0,0.0,2e-05,2e-05
Turkey,Cape Verde,0.0,0.0,2e-05,0.0,0.0,2e-05
Turkey,South Africa,0.0,0.0,2e-05,0.0,0.0,2e-05
Turkey,Jordan,0.0,2e-05,0.0,0.0,0.0,2e-05
United States,Bosnia and Herzegovina,0.5295,0.0,0.0,2e-05,0.0,0.52952
United States,Spain,0.0,0.0175,0.21572,0.00012,0.00136,0.2347
United States,Qatar,0.21704,0.0,0.0,0.0,0.0,0.21704
United States,Belgium,0.00296,0.1942,2e-05,0.00016,0.0007,0.19804000000000002
United States,Egypt,0.00198,0.0965,4e-05,0.0,8e-05,0.09860000000000001
United States,Iran,0.00266,0.09436,4e-05,4e-05,0.00018,0.09728
United States,Senegal,0.05584,0.04028,2e-05,8e-05,0.0002,0.09642
United States,Algeria,0.03562,0.05342,0.00526,0.0,0.0,0.0943
United States,Austria,0.01836,0.0375,0.03476,0.0,0.00066,0.09128
United States,Uruguay,0.0,0.048,0.00814,2e-05,0.0001,0.05626
United States,Portugal,0.0,0.0,0.05268,0.0,0.002,0.05468
United States,Ecuador,0.03626,0.0177,0.0,0.0,0.0002,0.05416
United States,Norway,0.02498,0.02092,0.0,0.00584,0.00132,0.053059999999999996
United States,South Korea,0.0,0.04624,0.0,0.00244,4e-05,0.048720000000000006
United States,Argentina,0.00068,0.00626,0.0255,0.0,0.01504,0.047479999999999994
United States,France,0.00214,0.00268,0.0,0.0386,0.00268,0.0461
United States,Czechia,0.0,0.03786,0.0,4e-05,0.0,0.037899999999999996
United States,Croatia,0.0,0.0,0.0349,0.0,0.0001,0.035
United States,Colombia,0.0,0.0,0.03152,0.0,0.0033,0.03482
United States,Jordan,0.01508,0.01264,0.0001,0.0,0.0,0.02782
United States,Germany,0.0,0.0,0.0,0.0237,0.0,0.0237
United States,Ivory Coast,0.0157,0.00632,2e-05,0.0,0.00018,0.02222
United States,New Zealand,0.00146,0.01646,0.0,0.0,0.0,0.01792
United States,Switzerland,0.01064,0.0,8e-05,0.0065,0.00052,0.01774
United States,Iraq,0.01312,0.00446,0.0,0.0,0.0,0.01758
United States,Netherlands,4e-05,0.0,0.0,0.01498,0.00084,0.01586
United States,England,0.0,0.0,0.00502,0.0001,0.00682,0.01194
United States,Cape Verde,0.0,0.01084,0.0005,0.0,2e-05,0.01136
United States,Japan,0.00188,0.0,0.0,0.00782,0.00114,0.01084
United States,Sweden,0.00956,0.0,0.0,0.00108,0.0,0.01064
United States,Brazil,0.0,0.0,0.0,0.00644,0.00234,0.00878
United States,Morocco,0.0,0.0,0.0,0.00674,0.00028,0.00702
United States,Canada,0.00076,0.0,8e-05,0.00306,0.00072,0.00462
United States,Curacao,0.00374,0.0007,0.0,0.0,0.0,0.0044399999999999995
United States,DR Congo,0.0,0.0,0.00422,2e-05,2e-05,0.00426
United States,Saudi Arabia,0.0,0.004,0.0,0.0,0.0,0.004
United States,Mexico,0.0,0.0,0.0,0.00104,0.00228,0.00332
United States,South Africa,0.0,0.0033,0.0,0.0,0.0,0.0033
United States,Paraguay,0.0,0.0,0.0,0.00206,0.00018,0.0022400000000000002
United States,Uzbekistan,0.0,0.0,0.00194,2e-05,0.0,0.00196
United States,Australia,0.0,0.0,0.0,0.00092,0.00042,0.00134
United States,Panama,0.0,0.0,0.00104,0.0,0.0,0.00104
United States,Scotland,0.0,0.0,0.0,0.0009,4e-05,0.00094
United States,Ghana,0.0,0.0,0.00066,0.0,0.0,0.00066
United States,Turkey,0.0,0.0,2e-05,0.00058,2e-05,0.00062
Uruguay,Austria,0.07512,0.00192,0.00342,0.0001,0.00014,0.08070000000000001
Uruguay,Argentina,0.0716,8e-05,0.00238,0.0016,0.0016,0.07726
Uruguay,Mexico,0.06244,0.00036,0.0,0.00052,0.00028,0.0636
Uruguay,United States,0.0,0.048,0.00814,2e-05,0.0001,0.05626
Uruguay,Belgium,0.04192,0.00306,0.0033,0.00014,0.0001,0.04852
Uruguay,Egypt,0.04264,0.00144,0.001,0.0,0.0,0.045079999999999995
Uruguay,Iran,0.0249,0.0017,0.00122,2e-05,2e-05,0.02786
Uruguay,England,0.00254,0.02156,0.00056,0.00092,0.00082,0.0264
Uruguay,Algeria,0.02034,0.00288,0.00084,2e-05,2e-05,0.0241
Uruguay,Spain,0.0,0.0,0.02104,0.0004,0.00106,0.0225
Uruguay,Portugal,0.0,0.0158,0.0054,0.00032,0.0003,0.021820000000000003
Uruguay,Croatia,0.0001,0.01344,0.00228,4e-05,6e-05,0.01592
Uruguay,Colombia,0.0,0.0084,0.00526,0.0005,0.00056,0.014719999999999999
Uruguay,France,0.003,0.0002,0.00146,0.00544,0.00074,0.01084
Uruguay,New Zealand,0.0097,0.0005,8e-05,0.0,0.0,0.010280000000000001
Uruguay,South Korea,0.00818,2e-05,0.00034,0.0004,2e-05,0.00896
Uruguay,Norway,0.00066,0.00226,0.00202,0.001,0.0002,0.00614
Uruguay,Bosnia and Herzegovina,0.0,0.0051,0.00052,0.0,0.0,0.00562
Uruguay,Australia,0.0,0.00486,0.0001,0.00012,8e-05,0.00516
Uruguay,Senegal,8e-05,0.00362,0.00112,0.00014,2e-05,0.00498
Uruguay,DR Congo,0.0,0.00428,0.00024,0.0,0.0,0.00452
Uruguay,Germany,0.0,0.00058,0.0,0.00348,0.00016,0.00422
Uruguay,Brazil,0.0,4e-05,0.00184,0.00142,0.00046,0.0037600000000000003
Uruguay,Japan,0.0,2e-05,0.00136,0.0017,0.00026,0.00334
Uruguay,Netherlands,0.0,0.0,0.00078,0.00224,0.00016,0.0031799999999999997
Uruguay,Paraguay,0.0,0.00256,0.00018,0.00022,2e-05,0.0029800000000000004
Uruguay,Jordan,0.0018,0.00082,8e-05,0.0,0.0,0.0027
Uruguay,Uzbekistan,0.0,0.00216,0.00022,0.0,0.0,0.00238
Uruguay,Switzerland,0.0,0.00022,0.00114,0.00088,8e-05,0.00232
Uruguay,Morocco,0.0,0.0,0.00082,0.00134,0.00014,0.0023
Uruguay,Ghana,4e-05,0.00184,0.0001,0.0,0.0,0.00198
Uruguay,Ecuador,0.0,0.0017,0.00024,2e-05,0.0,0.00196
Uruguay,Canada,0.0,2e-05,0.00094,0.00042,6e-05,0.00144
Uruguay,Ivory Coast,0.0,0.00048,0.00076,6e-05,0.0,0.0013000000000000002
Uruguay,Panama,2e-05,0.00094,8e-05,0.0,0.0,0.00104
Uruguay,Qatar,0.0,0.00084,6e-05,0.0,0.0,0.0009000000000000001
Uruguay,Scotland,0.0,0.00018,0.0001,0.00024,2e-05,0.00054
Uruguay,Sweden,0.0,6e-05,0.0002,0.00022,0.0,0.00048
Uruguay,Saudi Arabia,0.0,0.0,0.00038,0.0,0.0,0.00038
Uruguay,Czechia,0.0,0.0,0.00034,0.0,0.0,0.00034
Uruguay,Iraq,0.0,0.00028,2e-05,0.0,0.0,0.0003
Uruguay,Cape Verde,0.0,0.0,0.0002,0.0,0.0,0.0002
Uruguay,Turkey,0.0,6e-05,2e-05,4e-05,0.0,0.00012
Uruguay,Curacao,0.0,0.0,2e-05,0.0,0.0,2e-05
Uzbekistan,England,0.22536,0.0,0.0,0.0001,0.0,0.22546
Uzbekistan,Croatia,0.07268,0.0,0.0,0.0,0.0,0.07268
Uzbekistan,Ghana,0.0288,0.0,0.0,0.0,0.0,0.0288
Uzbekistan,Spain,0.0,0.02482,0.00014,4e-05,6e-05,0.02506
Uzbekistan,Mexico,0.0,0.01834,0.0,4e-05,2e-05,0.0184
Uzbekistan,Panama,0.01006,0.0,0.0,0.0,0.0,0.01006
Uzbekistan,Austria,4e-05,0.00644,0.00028,4e-05,0.0,0.0068000000000000005
Uzbekistan,Argentina,0.0,0.00274,0.0012,0.00066,0.0001,0.004699999999999999
Uzbekistan,Scotland,0.0,0.00462,0.0,0.0,0.0,0.00462
Uzbekistan,Brazil,0.0,0.00172,0.00148,4e-05,4e-05,0.00328
Uzbekistan,Senegal,0.0015,0.0005,0.00044,2e-05,0.0,0.00246
Uzbekistan,Uruguay,0.0,0.00216,0.00022,0.0,0.0,0.00238
Uzbekistan,Norway,0.00074,0.00026,0.0012,8e-05,2e-05,0.0023
Uzbekistan,Canada,0.0,0.0019,0.0,4e-05,2e-05,0.00196
Uzbekistan,United States,0.0,0.0,0.00194,2e-05,0.0,0.00196
Uzbekistan,Ecuador,0.00044,0.00116,0.00022,0.0,0.0,0.00182
Uzbekistan,Algeria,2e-05,0.00164,0.00012,0.0,0.0,0.00178
Uzbekistan,Switzerland,0.0,0.0014,0.0,0.0001,4e-05,0.00154
Uzbekistan,France,2e-05,4e-05,0.00092,0.0005,4e-05,0.00152
Uzbekistan,Belgium,0.0,0.00034,0.001,2e-05,0.0,0.00136
Uzbekistan,Japan,0.0,0.0,0.00098,0.00016,0.0,0.00114
Uzbekistan,Egypt,0.0,0.00048,0.00034,2e-05,0.0,0.00084
Uzbekistan,South Korea,0.0,0.00062,0.00016,2e-05,0.0,0.0008
Uzbekistan,Morocco,0.0,0.00018,0.0005,0.0001,0.0,0.00078
Uzbekistan,Ivory Coast,0.00018,0.00028,0.0003,0.0,0.0,0.0007599999999999999
Uzbekistan,Netherlands,0.0,0.0,0.0005,0.00014,4e-05,0.00068
Uzbekistan,Iran,0.0,0.00034,0.00022,2e-05,0.0,0.00058
Uzbekistan,Cape Verde,0.0,0.0004,6e-05,0.0,0.0,0.00046
Uzbekistan,Iraq,0.00036,4e-05,2e-05,0.0,0.0,0.00042
Uzbekistan,Germany,0.0,0.0,2e-05,0.00032,2e-05,0.00036
Uzbekistan,Colombia,0.0,0.0,0.0,0.00022,6e-05,0.00028000000000000003
Uzbekistan,Australia,8e-05,0.0,0.0001,6e-05,2e-05,0.00026000000000000003
Uzbekistan,Paraguay,0.0001,0.0,4e-05,6e-05,0.0,0.0002
Uzbekistan,Bosnia and Herzegovina,0.0,0.0,0.00014,0.0,0.0,0.00014
Uzbekistan,Jordan,0.0,0.00012,0.0,0.0,0.0,0.00012
Uzbekistan,New Zealand,0.0,8e-05,2e-05,0.0,0.0,0.0001
Uzbekistan,Curacao,6e-05,2e-05,0.0,0.0,0.0,8e-05
Uzbekistan,Sweden,0.0,4e-05,2e-05,0.0,0.0,6.000000000000001e-05
Uzbekistan,Czechia,0.0,0.0,6e-05,0.0,0.0,6e-05
Uzbekistan,Turkey,4e-05,0.0,0.0,0.0,0.0,4e-05
Uzbekistan,Portugal,0.0,0.0,0.0,4e-05,0.0,4e-05
Uzbekistan,Saudi Arabia,0.0,0.0,4e-05,0.0,0.0,4e-05
Uzbekistan,Haiti,0.0,2e-05,0.0,0.0,0.0,2e-05
Uzbekistan,DR Congo,0.0,0.0,0.0,2e-05,0.0,2e-05
