team,stage,opponent,probability,opponent_effective_rating
Algeria,final,Argentina,0.00144,2165.3
Algeria,final,England,0.00074,2076.8
Algeria,final,Spain,0.00056,2156.2
Algeria,final,Colombia,0.00044,2005.8
Algeria,final,France,0.00044,2121.4
Algeria,final,Brazil,0.00028,2020.0
Algeria,final,Germany,0.00022,1997.8
Algeria,final,Portugal,0.00022,1995.2
Algeria,final,Mexico,0.0002,1973.7
Algeria,final,Japan,0.00018,1966.0
Algeria,final,Norway,0.00012,1936.7
Algeria,final,Austria,0.0001,1894.3
Algeria,final,Netherlands,0.0001,1988.0
Algeria,final,Morocco,6e-05,1896.5
Algeria,final,Switzerland,6e-05,1892.8
Algeria,final,Australia,4e-05,1806.2
Algeria,final,Belgium,4e-05,1897.7
Algeria,final,Canada,4e-05,1835.5
Algeria,final,Ecuador,4e-05,1869.7
Algeria,final,Iran,4e-05,1788.7
Algeria,final,Scotland,4e-05,1773.8
Algeria,final,Senegal,4e-05,1834.5
Algeria,final,Croatia,2e-05,1867.1
Algeria,final,Paraguay,2e-05,1826.8
Algeria,final,Uruguay,2e-05,1840.2
Algeria,quarter_final,Spain,0.02184,2156.2
Algeria,quarter_final,Argentina,0.01532,2165.3
Algeria,quarter_final,Austria,0.0071,1894.3
Algeria,quarter_final,United States,0.00526,1866.7
Algeria,quarter_final,Portugal,0.00444,1995.2
Algeria,quarter_final,Croatia,0.00332,1867.1
Algeria,quarter_final,Colombia,0.00322,2005.8
Algeria,quarter_final,Belgium,0.00312,1897.7
Algeria,quarter_final,Australia,0.00144,1806.2
Algeria,quarter_final,Iran,0.0011,1788.7
Algeria,quarter_final,Paraguay,0.00092,1826.8
Algeria,quarter_final,Uruguay,0.00084,1840.2
Algeria,quarter_final,Egypt,0.00066,1718.7
Algeria,quarter_final,England,0.00054,2076.8
Algeria,quarter_final,Norway,0.00044,1936.7
Algeria,quarter_final,South Korea,0.00044,1771.5
Algeria,quarter_final,Senegal,0.0004,1834.5
Algeria,quarter_final,Cape Verde,0.00038,1634.0
Algeria,quarter_final,Bosnia and Herzegovina,0.0003,1574.5
Algeria,quarter_final,France,0.0003,2121.4
Algeria,quarter_final,Brazil,0.00026,2020.0
Algeria,quarter_final,Czechia,0.00024,1700.3
Algeria,quarter_final,DR Congo,0.00024,1680.2
Algeria,quarter_final,Ecuador,0.00022,1869.7
Algeria,quarter_final,Switzerland,0.0002,1892.8
Algeria,quarter_final,Panama,0.00018,1673.3
Algeria,quarter_final,Canada,0.00014,1835.5
Algeria,quarter_final,Ivory Coast,0.00014,1764.0
Algeria,quarter_final,Japan,0.00014,1966.0
Algeria,quarter_final,Morocco,0.00012,1896.5
Algeria,quarter_final,Uzbekistan,0.00012,1673.2
Algeria,quarter_final,Netherlands,0.0001,1988.0
Algeria,quarter_final,Ghana,4e-05,1527.5
Algeria,quarter_final,New Zealand,4e-05,1551.7
Algeria,quarter_final,Saudi Arabia,4e-05,1567.9
Algeria,quarter_final,Qatar,2e-05,1402.7
Algeria,quarter_final,Scotland,2e-05,1773.8
Algeria,quarter_final,South Africa,2e-05,1499.3
Algeria,round_of_16,United States,0.05342,1866.7
Algeria,round_of_16,Colombia,0.03772,2005.8
Algeria,round_of_16,Portugal,0.02432,1995.2
Algeria,round_of_16,Croatia,0.01348,1867.1
Algeria,round_of_16,Bosnia and Herzegovina,0.00728,1574.5
Algeria,round_of_16,Senegal,0.00536,1834.5
Algeria,round_of_16,Belgium,0.00468,1897.7
Algeria,round_of_16,DR Congo,0.00422,1680.2
Algeria,round_of_16,Ghana,0.00354,1527.5
Algeria,round_of_16,Norway,0.00306,1936.7
Algeria,round_of_16,Iran,0.0029,1788.7
Algeria,round_of_16,Uruguay,0.00288,1840.2
Algeria,round_of_16,Panama,0.00236,1673.3
Algeria,round_of_16,Ecuador,0.00212,1869.7
Algeria,round_of_16,Mexico,0.00178,1973.7
Algeria,round_of_16,Egypt,0.00176,1718.7
Algeria,round_of_16,Uzbekistan,0.00164,1673.2
Algeria,round_of_16,Australia,0.00152,1806.2
Algeria,round_of_16,South Korea,0.00152,1771.5
Algeria,round_of_16,Qatar,0.00116,1402.7
Algeria,round_of_16,England,0.00112,2076.8
Algeria,round_of_16,Czechia,0.001,1700.3
Algeria,round_of_16,Paraguay,0.00094,1826.8
Algeria,round_of_16,Spain,0.00086,2156.2
Algeria,round_of_16,Switzerland,0.00068,1892.8
Algeria,round_of_16,Ivory Coast,0.00064,1764.0
Algeria,round_of_16,New Zealand,0.00054,1551.7
Algeria,round_of_16,Iraq,0.0005,1583.0
Algeria,round_of_16,Canada,0.00048,1835.5
Algeria,round_of_16,Cape Verde,0.00046,1634.0
Algeria,round_of_16,Scotland,0.0004,1773.8
Algeria,round_of_16,France,0.00038,2121.4
Algeria,round_of_16,Brazil,0.00026,2020.0
Algeria,round_of_16,South Africa,0.00018,1499.3
Algeria,round_of_16,Saudi Arabia,0.0001,1567.9
Algeria,round_of_16,Curacao,6e-05,1421.3
Algeria,round_of_16,Morocco,6e-05,1896.5
Algeria,round_of_16,Turkey,6e-05,1824.0
Algeria,round_of_16,Haiti,2e-05,1503.7
Algeria,round_of_32,Spain,0.17494,2156.2
Algeria,round_of_32,Canada,0.08102,1835.5
Algeria,round_of_32,Belgium,0.07232,1897.7
Algeria,round_of_32,Switzerland,0.06054,1892.8
Algeria,round_of_32,Iran,0.04448,1788.7
Algeria,round_of_32,United States,0.03562,1866.7
Algeria,round_of_32,Egypt,0.02552,1718.7
Algeria,round_of_32,Uruguay,0.02034,1840.2
Algeria,round_of_32,England,0.01574,2076.8
Algeria,round_of_32,New Zealand,0.01008,1551.7
Algeria,round_of_32,Cape Verde,0.00794,1634.0
Algeria,round_of_32,Colombia,0.00334,2005.8
Algeria,round_of_32,Saudi Arabia,0.0016,1567.9
Algeria,round_of_32,Portugal,0.0015,1995.2
Algeria,round_of_32,Ghana,0.00038,1527.5
Algeria,round_of_32,Croatia,0.00036,1867.1
Algeria,round_of_32,DR Congo,0.00032,1680.2
Algeria,round_of_32,Australia,0.00024,1806.2
Algeria,round_of_32,Panama,4e-05,1673.3
Algeria,round_of_32,Paraguay,2e-05,1826.8
Algeria,round_of_32,Uzbekistan,2e-05,1673.2
Algeria,semi_final,France,0.00458,2121.4
Algeria,semi_final,Germany,0.0027,1997.8
Algeria,semi_final,Netherlands,0.0019,1988.0
Algeria,semi_final,England,0.00168,2076.8
Algeria,semi_final,Brazil,0.00144,2020.0
Algeria,semi_final,Japan,0.00136,1966.0
Algeria,semi_final,Switzerland,0.00084,1892.8
Algeria,semi_final,Norway,0.00082,1936.7
Algeria,semi_final,Mexico,0.00072,1973.7
Algeria,semi_final,Morocco,0.00068,1896.5
Algeria,semi_final,Canada,0.00042,1835.5
Algeria,semi_final,South Korea,0.00038,1771.5
Algeria,semi_final,Scotland,0.00028,1773.8
Algeria,semi_final,Paraguay,0.00026,1826.8
Algeria,semi_final,Colombia,0.00016,2005.8
Algeria,semi_final,Sweden,0.00014,1725.7
Algeria,semi_final,Senegal,0.00012,1834.5
Algeria,semi_final,Australia,0.0001,1806.2
Algeria,semi_final,Portugal,0.0001,1995.2
Algeria,semi_final,Argentina,8e-05,2165.3
Algeria,semi_final,Ivory Coast,8e-05,1764.0
Algeria,semi_final,Ecuador,6e-05,1869.7
Algeria,semi_final,Turkey,6e-05,1824.0
Algeria,semi_final,Belgium,2e-05,1897.7
Algeria,semi_final,DR Congo,2e-05,1680.2
Algeria,semi_final,Egypt,2e-05,1718.7
Algeria,semi_final,Iran,2e-05,1788.7
Algeria,semi_final,Spain,2e-05,2156.2
Algeria,semi_final,Uruguay,2e-05,1840.2
Argentina,final,Spain,0.10522,2156.2
Argentina,final,France,0.06712,2121.4
Argentina,final,Germany,0.02954,1997.8
Argentina,final,Netherlands,0.0204,1988.0
Argentina,final,Portugal,0.01562,1995.2
Argentina,final,United States,0.01504,1866.7
Argentina,final,Colombia,0.01226,2005.8
Argentina,final,Brazil,0.01144,2020.0
Argentina,final,Austria,0.0106,1894.3
Argentina,final,Japan,0.01058,1966.0
Argentina,final,Norway,0.00868,1936.7
Argentina,final,England,0.0086,2076.8
Argentina,final,Belgium,0.0075,1897.7
Argentina,final,Switzerland,0.00688,1892.8
Argentina,final,Morocco,0.00684,1896.5
Argentina,final,Croatia,0.00512,1867.1
Argentina,final,Mexico,0.0042,1973.7
Argentina,final,Canada,0.0033,1835.5
Argentina,final,Paraguay,0.00228,1826.8
Argentina,final,South Korea,0.00208,1771.5
Argentina,final,Uruguay,0.0016,1840.2
Argentina,final,Senegal,0.00156,1834.5
Argentina,final,Algeria,0.00144,1784.8
Argentina,final,Iran,0.00142,1788.7
Argentina,final,Australia,0.00122,1806.2
Argentina,final,Ecuador,0.00096,1869.7
Argentina,final,Scotland,0.00088,1773.8
Argentina,final,Sweden,0.00078,1725.7
Argentina,final,Egypt,0.00076,1718.7
Argentina,final,Turkey,0.00054,1824.0
Argentina,final,Czechia,0.00026,1700.3
Argentina,final,Ivory Coast,0.00022,1764.0
Argentina,final,DR Congo,0.00012,1680.2
Argentina,final,Uzbekistan,0.0001,1673.2
Argentina,final,Bosnia and Herzegovina,8e-05,1574.5
Argentina,final,Jordan,4e-05,1612.9
Argentina,final,Cape Verde,2e-05,1634.0
Argentina,final,Ghana,2e-05,1527.5
Argentina,final,Iraq,2e-05,1583.0
Argentina,final,Panama,2e-05,1673.3
Argentina,quarter_final,Colombia,0.23826,2005.8
Argentina,quarter_final,Portugal,0.10492,1995.2
Argentina,quarter_final,Canada,0.08188,1835.5
Argentina,quarter_final,Switzerland,0.08158,1892.8
Argentina,quarter_final,Belgium,0.02684,1897.7
Argentina,quarter_final,United States,0.0255,1866.7
Argentina,quarter_final,Iran,0.02102,1788.7
Argentina,quarter_final,Croatia,0.01848,1867.1
Argentina,quarter_final,Senegal,0.0181,1834.5
Argentina,quarter_final,Algeria,0.01532,1784.8
Argentina,quarter_final,Austria,0.01472,1894.3
Argentina,quarter_final,Egypt,0.01444,1718.7
Argentina,quarter_final,Norway,0.01232,1936.7
Argentina,quarter_final,Ecuador,0.00814,1869.7
Argentina,quarter_final,DR Congo,0.00568,1680.2
Argentina,quarter_final,Panama,0.00434,1673.3
Argentina,quarter_final,Ghana,0.00396,1527.5
Argentina,quarter_final,Spain,0.00326,2156.2
Argentina,quarter_final,Uruguay,0.00238,1840.2
Argentina,quarter_final,France,0.00228,2121.4
Argentina,quarter_final,Jordan,0.00208,1612.9
Argentina,quarter_final,New Zealand,0.00198,1551.7
Argentina,quarter_final,Ivory Coast,0.0018,1764.0
Argentina,quarter_final,Paraguay,0.00174,1826.8
Argentina,quarter_final,England,0.00172,2076.8
Argentina,quarter_final,Bosnia and Herzegovina,0.00166,1574.5
Argentina,quarter_final,South Korea,0.00154,1771.5
Argentina,quarter_final,Czechia,0.00124,1700.3
Argentina,quarter_final,Uzbekistan,0.0012,1673.2
Argentina,quarter_final,Australia,0.00108,1806.2
Argentina,quarter_final,Iraq,0.0007,1583.0
Argentina,quarter_final,Turkey,0.00062,1824.0
Argentina,quarter_final,Sweden,0.00036,1725.7
Argentina,quarter_final,Cape Verde,0.00028,1634.0
Argentina,quarter_final,Japan,0.00016,1966.0
Argentina,quarter_final,Qatar,0.00012,1402.7
Argentina,quarter_final,Saudi Arabia,0.0001,1567.9
Argentina,quarter_final,Netherlands,8e-05,1988.0
Argentina,quarter_final,Curacao,6e-05,1421.3
Argentina,quarter_final,Morocco,4e-05,1896.5
Argentina,quarter_final,Brazil,2e-05,2020.0
Argentina,quarter_final,South Africa,2e-05,1499.3
Argentina,round_of_16,Australia,0.24992,1806.2
Argentina,round_of_16,Paraguay,0.16688,1826.8
Argentina,round_of_16,Belgium,0.1654,1897.7
Argentina,round_of_16,Iran,0.09622,1788.7
Argentina,round_of_16,Egypt,0.06502,1718.7
Argentina,round_of_16,Portugal,0.02606,1995.2
Argentina,round_of_16,New Zealand,0.02512,1551.7
Argentina,round_of_16,Croatia,0.02344,1867.1
Argentina,round_of_16,Colombia,0.01624,2005.8
Argentina,round_of_16,United States,0.00626,1866.7
Argentina,round_of_16,DR Congo,0.00538,1680.2
Argentina,round_of_16,Ghana,0.00276,1527.5
Argentina,round_of_16,Uzbekistan,0.00274,1673.2
Argentina,round_of_16,England,0.00238,2076.8
Argentina,round_of_16,Panama,0.00156,1673.3
Argentina,round_of_16,Bosnia and Herzegovina,0.00028,1574.5
Argentina,round_of_16,Mexico,0.00018,1973.7
Argentina,round_of_16,Senegal,0.00014,1834.5
Argentina,round_of_16,Norway,0.00012,1936.7
Argentina,round_of_16,Ecuador,8e-05,1869.7
Argentina,round_of_16,Uruguay,8e-05,1840.2
Argentina,round_of_16,Canada,6e-05,1835.5
Argentina,round_of_16,Qatar,6e-05,1402.7
Argentina,round_of_16,Ivory Coast,4e-05,1764.0
Argentina,round_of_16,Saudi Arabia,4e-05,1567.9
Argentina,round_of_16,South Korea,4e-05,1771.5
Argentina,round_of_16,Brazil,2e-05,2020.0
Argentina,round_of_16,Cape Verde,2e-05,1634.0
Argentina,round_of_16,Czechia,2e-05,1700.3
Argentina,round_of_16,Scotland,2e-05,1773.8
Argentina,round_of_16,Spain,2e-05,2156.2
Argentina,round_of_16,Switzerland,2e-05,1892.8
Argentina,round_of_32,Cape Verde,0.50412,1634.0
Argentina,round_of_32,Saudi Arabia,0.22704,1567.9
Argentina,round_of_32,Spain,0.18916,2156.2
Argentina,round_of_32,Uruguay,0.0716,1840.2
Argentina,round_of_32,Canada,0.00182,1835.5
Argentina,round_of_32,Belgium,0.00162,1897.7
Argentina,round_of_32,Switzerland,0.00134,1892.8
Argentina,round_of_32,Iran,0.00088,1788.7
Argentina,round_of_32,United States,0.00068,1866.7
Argentina,round_of_32,Egypt,0.00046,1718.7
Argentina,round_of_32,England,0.00044,2076.8
Argentina,round_of_32,New Zealand,0.00014,1551.7
Argentina,round_of_32,Colombia,8e-05,2005.8
Argentina,round_of_32,Portugal,6e-05,1995.2
Argentina,semi_final,England,0.1553,2076.8
Argentina,semi_final,Mexico,0.07024,1973.7
Argentina,semi_final,Brazil,0.06614,2020.0
Argentina,semi_final,France,0.05948,2121.4
Argentina,semi_final,Norway,0.04074,1936.7
Argentina,semi_final,Japan,0.03776,1966.0
Argentina,semi_final,Netherlands,0.02672,1988.0
Argentina,semi_final,Morocco,0.01848,1896.5
Argentina,semi_final,Germany,0.00992,1997.8
Argentina,semi_final,Senegal,0.00944,1834.5
Argentina,semi_final,Portugal,0.00884,1995.2
Argentina,semi_final,Ivory Coast,0.00824,1764.0
Argentina,semi_final,Scotland,0.00518,1773.8
Argentina,semi_final,Colombia,0.00458,2005.8
Argentina,semi_final,Spain,0.00452,2156.2
Argentina,semi_final,Ecuador,0.00392,1869.7
Argentina,semi_final,Switzerland,0.00292,1892.8
Argentina,semi_final,South Korea,0.00196,1771.5
Argentina,semi_final,Sweden,0.00174,1725.7
Argentina,semi_final,Uruguay,0.0016,1840.2
Argentina,semi_final,Canada,0.00112,1835.5
Argentina,semi_final,Croatia,0.00098,1867.1
Argentina,semi_final,DR Congo,0.00084,1680.2
Argentina,semi_final,Uzbekistan,0.00066,1673.2
Argentina,semi_final,Paraguay,0.00064,1826.8
Argentina,semi_final,Austria,0.00046,1894.3
Argentina,semi_final,Australia,0.00042,1806.2
Argentina,semi_final,Turkey,0.00012,1824.0
Argentina,semi_final,Algeria,8e-05,1784.8
Argentina,semi_final,Cape Verde,8e-05,1634.0
Argentina,semi_final,Panama,6e-05,1673.3
Argentina,semi_final,Czechia,4e-05,1700.3
Argentina,semi_final,Iraq,4e-05,1583.0
Argentina,semi_final,Belgium,2e-05,1897.7
Argentina,semi_final,Curacao,2e-05,1421.3
Argentina,semi_final,Jordan,2e-05,1612.9
Australia,final,Spain,0.00192,2156.2
Australia,final,France,0.0013,2121.4
Australia,final,Argentina,0.00122,2165.3
Australia,final,Germany,0.0006,1997.8
Australia,final,Netherlands,0.00058,1988.0
Australia,final,United States,0.00042,1866.7
Australia,final,Japan,0.00038,1966.0
Australia,final,Portugal,0.00036,1995.2
Australia,final,Brazil,0.00034,2020.0
Australia,final,Colombia,0.00028,2005.8
Australia,final,England,0.00026,2076.8
Australia,final,Morocco,0.00022,1896.5
Australia,final,Belgium,0.0002,1897.7
Australia,final,Switzerland,0.00018,1892.8
Australia,final,Austria,0.00014,1894.3
Australia,final,Norway,0.00014,1936.7
Australia,final,Canada,0.00012,1835.5
Australia,final,Mexico,0.00012,1973.7
Australia,final,Paraguay,8e-05,1826.8
Australia,final,Uruguay,8e-05,1840.2
Australia,final,Algeria,4e-05,1784.8
Australia,final,Croatia,4e-05,1867.1
Australia,final,South Korea,4e-05,1771.5
Australia,final,Ecuador,2e-05,1869.7
Australia,final,Egypt,2e-05,1718.7
Australia,final,Ghana,2e-05,1527.5
Australia,final,Iraq,2e-05,1583.0
Australia,final,Ivory Coast,2e-05,1764.0
Australia,final,Senegal,2e-05,1834.5
Australia,final,Uzbekistan,2e-05,1673.2
Australia,quarter_final,Colombia,0.02422,2005.8
Australia,quarter_final,Switzerland,0.01126,1892.8
Australia,quarter_final,Portugal,0.0108,1995.2
Australia,quarter_final,Canada,0.0101,1835.5
Australia,quarter_final,Netherlands,0.00542,1988.0
Australia,quarter_final,Morocco,0.00298,1896.5
Australia,quarter_final,Japan,0.0023,1966.0
Australia,quarter_final,Belgium,0.00214,1897.7
Australia,quarter_final,Brazil,0.00212,2020.0
Australia,quarter_final,Iran,0.00212,1788.7
Australia,quarter_final,Croatia,0.00184,1867.1
Australia,quarter_final,Senegal,0.00166,1834.5
Australia,quarter_final,South Korea,0.0016,1771.5
Australia,quarter_final,Spain,0.00154,2156.2
Australia,quarter_final,Algeria,0.00144,1784.8
Australia,quarter_final,Austria,0.00136,1894.3
Australia,quarter_final,Egypt,0.00122,1718.7
Australia,quarter_final,Norway,0.00116,1936.7
Australia,quarter_final,Argentina,0.00108,2165.3
Australia,quarter_final,Ecuador,0.00068,1869.7
Australia,quarter_final,DR Congo,0.0006,1680.2
Australia,quarter_final,Paraguay,0.0005,1826.8
Australia,quarter_final,Ghana,0.00048,1527.5
Australia,quarter_final,Scotland,0.0004,1773.8
Australia,quarter_final,Panama,0.00034,1673.3
Australia,quarter_final,Mexico,0.00026,1973.7
Australia,quarter_final,England,0.00018,2076.8
Australia,quarter_final,France,0.00018,2121.4
Australia,quarter_final,Ivory Coast,0.00018,1764.0
Australia,quarter_final,New Zealand,0.00016,1551.7
Australia,quarter_final,Jordan,0.0001,1612.9
Australia,quarter_final,Uruguay,0.0001,1840.2
Australia,quarter_final,Uzbekistan,0.0001,1673.2
Australia,quarter_final,Czechia,6e-05,1700.3
Australia,quarter_final,South Africa,4e-05,1499.3
Australia,quarter_final,Sweden,4e-05,1725.7
Australia,quarter_final,Turkey,4e-05,1824.0
Australia,quarter_final,Iraq,2e-05,1583.0
Australia,round_of_16,Argentina,0.24992,2165.3
Australia,round_of_16,France,0.04418,2121.4
Australia,round_of_16,Austria,0.0358,1894.3
Australia,round_of_16,Cape Verde,0.01464,1634.0
Australia,round_of_16,Spain,0.01272,2156.2
Australia,round_of_16,Norway,0.01226,1936.7
Australia,round_of_16,Sweden,0.00826,1725.7
Australia,round_of_16,Uruguay,0.00486,1840.2
Australia,round_of_16,Saudi Arabia,0.00484,1567.9
Australia,round_of_16,Japan,0.00408,1966.0
Australia,round_of_16,Germany,0.00312,1997.8
Australia,round_of_16,Belgium,0.00192,1897.7
Australia,round_of_16,Algeria,0.00152,1784.8
Australia,round_of_16,Egypt,0.0012,1718.7
Australia,round_of_16,Iran,0.00112,1788.7
Australia,round_of_16,Switzerland,0.00094,1892.8
Australia,round_of_16,Canada,0.00092,1835.5
Australia,round_of_16,Scotland,0.00076,1773.8
Australia,round_of_16,Senegal,0.00068,1834.5
Australia,round_of_16,Brazil,0.00056,2020.0
Australia,round_of_16,Jordan,0.0004,1612.9
Australia,round_of_16,Czechia,0.00024,1700.3
Australia,round_of_16,Ecuador,0.00024,1869.7
Australia,round_of_16,South Korea,0.00022,1771.5
Australia,round_of_16,Netherlands,0.00012,1988.0
Australia,round_of_16,Ivory Coast,0.0001,1764.0
Australia,round_of_16,Iraq,6e-05,1583.0
Australia,round_of_16,New Zealand,6e-05,1551.7
Australia,round_of_16,Morocco,2e-05,1896.5
Australia,round_of_32,Germany,0.25248,1997.8
Australia,round_of_32,Belgium,0.21972,1897.7
Australia,round_of_32,Iran,0.16216,1788.7
Australia,round_of_32,Egypt,0.13194,1718.7
Australia,round_of_32,New Zealand,0.09154,1551.7
Australia,round_of_32,France,0.0167,2121.4
Australia,round_of_32,Colombia,0.00774,2005.8
Australia,round_of_32,Norway,0.0055,1936.7
Australia,round_of_32,Bosnia and Herzegovina,0.00356,1574.5
Australia,round_of_32,Portugal,0.00298,1995.2
Australia,round_of_32,Qatar,0.00176,1402.7
Australia,round_of_32,Ivory Coast,0.00132,1764.0
Australia,round_of_32,Senegal,0.0009,1834.5
Australia,round_of_32,DR Congo,0.00034,1680.2
Australia,round_of_32,Algeria,0.00024,1784.8
Australia,round_of_32,Ecuador,0.00024,1869.7
Australia,round_of_32,Jordan,0.00016,1612.9
Australia,round_of_32,Sweden,0.00014,1725.7
Australia,round_of_32,Austria,0.00012,1894.3
Australia,round_of_32,Iraq,0.00012,1583.0
Australia,round_of_32,Uzbekistan,8e-05,1673.2
Australia,round_of_32,Curacao,6e-05,1421.3
Australia,round_of_32,Switzerland,6e-05,1892.8
Australia,semi_final,England,0.00822,2076.8
Australia,semi_final,Mexico,0.00354,1973.7
Australia,semi_final,Brazil,0.00326,2020.0
Australia,semi_final,Spain,0.00318,2156.2
Australia,semi_final,France,0.00226,2121.4
Australia,semi_final,Norway,0.002,1936.7
Australia,semi_final,Japan,0.00162,1966.0
Australia,semi_final,Portugal,0.00106,1995.2
Australia,semi_final,Netherlands,0.001,1988.0
Australia,semi_final,United States,0.00092,1866.7
Australia,semi_final,Colombia,0.00072,2005.8
Australia,semi_final,Morocco,0.00054,1896.5
Australia,semi_final,Senegal,0.00054,1834.5
Australia,semi_final,Ivory Coast,0.00052,1764.0
Australia,semi_final,Croatia,0.00048,1867.1
Australia,semi_final,Austria,0.00046,1894.3
Australia,semi_final,Argentina,0.00042,2165.3
Australia,semi_final,Scotland,0.0003,1773.8
Australia,semi_final,Belgium,0.00026,1897.7
Australia,semi_final,Egypt,0.00018,1718.7
Australia,semi_final,Germany,0.00014,1997.8
Australia,semi_final,DR Congo,0.00012,1680.2
Australia,semi_final,Uruguay,0.00012,1840.2
Australia,semi_final,Algeria,0.0001,1784.8
Australia,semi_final,Ecuador,0.0001,1869.7
Australia,semi_final,Switzerland,8e-05,1892.8
Australia,semi_final,South Korea,6e-05,1771.5
Australia,semi_final,Sweden,6e-05,1725.7
Australia,semi_final,Uzbekistan,6e-05,1673.2
Australia,semi_final,Iran,4e-05,1788.7
Australia,semi_final,Iraq,2e-05,1583.0
Australia,semi_final,Turkey,2e-05,1824.0
Austria,final,Argentina,0.0106,2165.3
Austria,final,Spain,0.00412,2156.2
Austria,final,France,0.00392,2121.4
Austria,final,England,0.00374,2076.8
Austria,final,Colombia,0.00172,2005.8
Austria,final,Germany,0.00146,1997.8
Austria,final,Brazil,0.0013,2020.0
Austria,final,Mexico,0.00118,1973.7
Austria,final,Netherlands,0.00112,1988.0
Austria,final,Portugal,0.00112,1995.2
Austria,final,Norway,0.001,1936.7
Austria,final,United States,0.00066,1866.7
Austria,final,Japan,0.00064,1966.0
Austria,final,Morocco,0.00062,1896.5
Austria,final,Switzerland,0.00056,1892.8
Austria,final,Belgium,0.00042,1897.7
Austria,final,Canada,0.00036,1835.5
Austria,final,Croatia,0.00024,1867.1
Austria,final,Paraguay,0.00022,1826.8
Austria,final,Senegal,0.0002,1834.5
Austria,final,Australia,0.00014,1806.2
Austria,final,Iran,0.00014,1788.7
Austria,final,Uruguay,0.00014,1840.2
Austria,final,Ivory Coast,0.00012,1764.0
Austria,final,Algeria,0.0001,1784.8
Austria,final,Ecuador,8e-05,1869.7
Austria,final,Egypt,8e-05,1718.7
Austria,final,Scotland,6e-05,1773.8
Austria,final,South Korea,6e-05,1771.5
Austria,final,Jordan,2e-05,1612.9
Austria,final,Sweden,2e-05,1725.7
Austria,quarter_final,United States,0.03476,1866.7
Austria,quarter_final,Colombia,0.02736,2005.8
Austria,quarter_final,Spain,0.02352,2156.2
Austria,quarter_final,Belgium,0.01532,1897.7
Austria,quarter_final,Argentina,0.01472,2165.3
Austria,quarter_final,Portugal,0.014,1995.2
Austria,quarter_final,Canada,0.00848,1835.5
Austria,quarter_final,Switzerland,0.00822,1892.8
Austria,quarter_final,Iran,0.00744,1788.7
Austria,quarter_final,Algeria,0.0071,1784.8
Austria,quarter_final,Egypt,0.00558,1718.7
Austria,quarter_final,Senegal,0.00466,1834.5
Austria,quarter_final,Croatia,0.00452,1867.1
Austria,quarter_final,Norway,0.00344,1936.7
Austria,quarter_final,Uruguay,0.00342,1840.2
Austria,quarter_final,Ecuador,0.00246,1869.7
Austria,quarter_final,South Korea,0.00208,1771.5
Austria,quarter_final,Bosnia and Herzegovina,0.0018,1574.5
Austria,quarter_final,Czechia,0.00168,1700.3
Austria,quarter_final,Australia,0.00136,1806.2
Austria,quarter_final,DR Congo,0.00088,1680.2
Austria,quarter_final,Ivory Coast,0.00086,1764.0
Austria,quarter_final,Jordan,0.00086,1612.9
Austria,quarter_final,France,0.0008,2121.4
Austria,quarter_final,Paraguay,0.00076,1826.8
Austria,quarter_final,Cape Verde,0.00074,1634.0
Austria,quarter_final,New Zealand,0.00068,1551.7
Austria,quarter_final,England,0.00058,2076.8
Austria,quarter_final,Panama,0.00056,1673.3
Austria,quarter_final,Ghana,0.00048,1527.5
Austria,quarter_final,Japan,0.00044,1966.0
Austria,quarter_final,Uzbekistan,0.00028,1673.2
Austria,quarter_final,Brazil,0.00026,2020.0
Austria,quarter_final,Iraq,0.00024,1583.0
Austria,quarter_final,Netherlands,0.0002,1988.0
Austria,quarter_final,Qatar,0.0002,1402.7
Austria,quarter_final,Sweden,0.0002,1725.7
Austria,quarter_final,Saudi Arabia,0.00014,1567.9
Austria,quarter_final,Turkey,0.0001,1824.0
Austria,quarter_final,Morocco,8e-05,1896.5
Austria,quarter_final,South Africa,8e-05,1499.3
Austria,quarter_final,Scotland,4e-05,1773.8
Austria,round_of_16,Portugal,0.06206,1995.2
Austria,round_of_16,Croatia,0.05436,1867.1
Austria,round_of_16,Colombia,0.05308,2005.8
Austria,round_of_16,United States,0.0375,1866.7
Austria,round_of_16,Australia,0.0358,1806.2
Austria,round_of_16,Belgium,0.02678,1897.7
Austria,round_of_16,Paraguay,0.02354,1826.8
Austria,round_of_16,Iran,0.01578,1788.7
Austria,round_of_16,DR Congo,0.0132,1680.2
Austria,round_of_16,Egypt,0.0103,1718.7
Austria,round_of_16,Ghana,0.00696,1527.5
Austria,round_of_16,Uzbekistan,0.00644,1673.2
Austria,round_of_16,England,0.00506,2076.8
Austria,round_of_16,Bosnia and Herzegovina,0.00454,1574.5
Austria,round_of_16,New Zealand,0.00422,1551.7
Austria,round_of_16,Panama,0.00418,1673.3
Austria,round_of_16,Senegal,0.00362,1834.5
Austria,round_of_16,Norway,0.00228,1936.7
Austria,round_of_16,Mexico,0.00192,1973.7
Austria,round_of_16,Uruguay,0.00192,1840.2
Austria,round_of_16,South Korea,0.00158,1771.5
Austria,round_of_16,Ecuador,0.00144,1869.7
Austria,round_of_16,Czechia,0.00088,1700.3
Austria,round_of_16,Qatar,0.00074,1402.7
Austria,round_of_16,Scotland,0.00064,1773.8
Austria,round_of_16,Spain,0.00062,2156.2
Austria,round_of_16,Switzerland,0.0006,1892.8
Austria,round_of_16,Canada,0.00054,1835.5
Austria,round_of_16,Ivory Coast,0.00042,1764.0
Austria,round_of_16,Cape Verde,0.00038,1634.0
Austria,round_of_16,France,0.00024,2121.4
Austria,round_of_16,Iraq,0.00018,1583.0
Austria,round_of_16,Brazil,0.00014,2020.0
Austria,round_of_16,Saudi Arabia,0.00014,1567.9
Austria,round_of_16,South Africa,6e-05,1499.3
Austria,round_of_16,Curacao,4e-05,1421.3
Austria,round_of_16,Morocco,2e-05,1896.5
Austria,round_of_16,Turkey,2e-05,1824.0
Austria,round_of_32,Spain,0.56518,2156.2
Austria,round_of_32,Cape Verde,0.10454,1634.0
Austria,round_of_32,Uruguay,0.07512,1840.2
Austria,round_of_32,Canada,0.04246,1835.5
Austria,round_of_32,Saudi Arabia,0.0402,1567.9
Austria,round_of_32,Belgium,0.03984,1897.7
Austria,round_of_32,Switzerland,0.03092,1892.8
Austria,round_of_32,Iran,0.0228,1788.7
Austria,round_of_32,United States,0.01836,1866.7
Austria,round_of_32,Egypt,0.01442,1718.7
Austria,round_of_32,England,0.00976,2076.8
Austria,round_of_32,New Zealand,0.00566,1551.7
Austria,round_of_32,Colombia,0.00148,2005.8
Austria,round_of_32,Portugal,0.00114,1995.2
Austria,round_of_32,Ghana,0.00022,1527.5
Austria,round_of_32,DR Congo,0.00016,1680.2
Austria,round_of_32,Australia,0.00012,1806.2
Austria,round_of_32,Croatia,8e-05,1867.1
Austria,round_of_32,Panama,4e-05,1673.3
Austria,round_of_32,Paraguay,4e-05,1826.8
Austria,round_of_32,Uzbekistan,4e-05,1673.2
Austria,semi_final,France,0.02038,2121.4
Austria,semi_final,England,0.01172,2076.8
Austria,semi_final,Germany,0.01104,1997.8
Austria,semi_final,Netherlands,0.00912,1988.0
Austria,semi_final,Brazil,0.00808,2020.0
Austria,semi_final,Japan,0.00632,1966.0
Austria,semi_final,Norway,0.00576,1936.7
Austria,semi_final,Mexico,0.00542,1973.7
Austria,semi_final,Morocco,0.00392,1896.5
Austria,semi_final,Switzerland,0.00242,1892.8
Austria,semi_final,Canada,0.0016,1835.5
Austria,semi_final,Scotland,0.00122,1773.8
Austria,semi_final,South Korea,0.0012,1771.5
Austria,semi_final,Ivory Coast,0.00084,1764.0
Austria,semi_final,Senegal,0.00084,1834.5
Austria,semi_final,Paraguay,0.00068,1826.8
Austria,semi_final,Portugal,0.00056,1995.2
Austria,semi_final,Sweden,0.00056,1725.7
Austria,semi_final,Colombia,0.0005,2005.8
Austria,semi_final,Argentina,0.00046,2165.3
Austria,semi_final,Australia,0.00046,1806.2
Austria,semi_final,Turkey,0.00026,1824.0
Austria,semi_final,Ecuador,0.00024,1869.7
Austria,semi_final,Spain,0.00018,2156.2
Austria,semi_final,DR Congo,0.00012,1680.2
Austria,semi_final,Uruguay,0.0001,1840.2
Austria,semi_final,Czechia,8e-05,1700.3
Austria,semi_final,Croatia,6e-05,1867.1
Austria,semi_final,Iran,6e-05,1788.7
Austria,semi_final,Uzbekistan,4e-05,1673.2
Austria,semi_final,Belgium,2e-05,1897.7
Austria,semi_final,Cape Verde,2e-05,1634.0
Austria,semi_final,Egypt,2e-05,1718.7
Belgium,final,Argentina,0.0075,2165.3
Belgium,final,Spain,0.00508,2156.2
Belgium,final,France,0.00438,2121.4
Belgium,final,England,0.00308,2076.8
Belgium,final,Colombia,0.00198,2005.8
Belgium,final,Brazil,0.00148,2020.0
Belgium,final,Portugal,0.00148,1995.2
Belgium,final,Netherlands,0.00116,1988.0
Belgium,final,Norway,0.0011,1936.7
Belgium,final,Mexico,0.00092,1973.7
Belgium,final,Japan,0.0009,1966.0
Belgium,final,Germany,0.00082,1997.8
Belgium,final,United States,0.0007,1866.7
Belgium,final,Morocco,0.00052,1896.5
Belgium,final,Switzerland,0.00046,1892.8
Belgium,final,Austria,0.00042,1894.3
Belgium,final,Croatia,0.00032,1867.1
Belgium,final,Canada,0.00028,1835.5
Belgium,final,Iran,0.00024,1788.7
Belgium,final,Australia,0.0002,1806.2
Belgium,final,Paraguay,0.0002,1826.8
Belgium,final,Senegal,0.00016,1834.5
Belgium,final,Ivory Coast,0.00012,1764.0
Belgium,final,South Korea,0.00012,1771.5
Belgium,final,Uruguay,0.0001,1840.2
Belgium,final,Ecuador,8e-05,1869.7
Belgium,final,Egypt,8e-05,1718.7
Belgium,final,Algeria,4e-05,1784.8
Belgium,final,Cape Verde,4e-05,1634.0
Belgium,final,Turkey,4e-05,1824.0
Belgium,final,Scotland,2e-05,1773.8
Belgium,final,Sweden,2e-05,1725.7
Belgium,quarter_final,Spain,0.0785,2156.2
Belgium,quarter_final,Colombia,0.03374,2005.8
Belgium,quarter_final,Portugal,0.02894,1995.2
Belgium,quarter_final,Argentina,0.02684,2165.3
Belgium,quarter_final,Austria,0.01532,1894.3
Belgium,quarter_final,Croatia,0.01398,1867.1
Belgium,quarter_final,Canada,0.00782,1835.5
Belgium,quarter_final,Switzerland,0.00748,1892.8
Belgium,quarter_final,Uruguay,0.0033,1840.2
Belgium,quarter_final,Algeria,0.00312,1784.8
Belgium,quarter_final,England,0.00226,2076.8
Belgium,quarter_final,Iran,0.00226,1788.7
Belgium,quarter_final,Australia,0.00214,1806.2
Belgium,quarter_final,Paraguay,0.00206,1826.8
Belgium,quarter_final,Egypt,0.00182,1718.7
Belgium,quarter_final,DR Congo,0.00154,1680.2
Belgium,quarter_final,Senegal,0.00134,1834.5
Belgium,quarter_final,Panama,0.00108,1673.3
Belgium,quarter_final,Uzbekistan,0.001,1673.2
Belgium,quarter_final,Norway,0.0008,1936.7
Belgium,quarter_final,Ghana,0.00078,1527.5
Belgium,quarter_final,Ecuador,0.0007,1869.7
Belgium,quarter_final,Cape Verde,0.00056,1634.0
Belgium,quarter_final,New Zealand,0.0003,1551.7
Belgium,quarter_final,Jordan,0.00028,1612.9
Belgium,quarter_final,Morocco,0.0002,1896.5
Belgium,quarter_final,Netherlands,0.0002,1988.0
Belgium,quarter_final,Ivory Coast,0.00018,1764.0
Belgium,quarter_final,Japan,0.00018,1966.0
Belgium,quarter_final,France,0.00016,2121.4
Belgium,quarter_final,Mexico,8e-05,1973.7
Belgium,quarter_final,Brazil,6e-05,2020.0
Belgium,quarter_final,Saudi Arabia,6e-05,1567.9
Belgium,quarter_final,South Korea,6e-05,1771.5
Belgium,quarter_final,Turkey,6e-05,1824.0
Belgium,quarter_final,Sweden,2e-05,1725.7
Belgium,quarter_final,United States,2e-05,1866.7
Belgium,round_of_16,United States,0.1942,1866.7
Belgium,round_of_16,Argentina,0.1654,2165.3
Belgium,round_of_16,Colombia,0.03326,2005.8
Belgium,round_of_16,Austria,0.02678,1894.3
Belgium,round_of_16,Bosnia and Herzegovina,0.0258,1574.5
Belgium,round_of_16,Portugal,0.01428,1995.2
Belgium,round_of_16,Senegal,0.00994,1834.5
Belgium,round_of_16,Cape Verde,0.00982,1634.0
Belgium,round_of_16,Spain,0.00808,2156.2
Belgium,round_of_16,Ecuador,0.0054,1869.7
Belgium,round_of_16,Norway,0.00538,1936.7
Belgium,round_of_16,Qatar,0.0048,1402.7
Belgium,round_of_16,Algeria,0.00468,1784.8
Belgium,round_of_16,Saudi Arabia,0.00326,1567.9
Belgium,round_of_16,Croatia,0.00316,1867.1
Belgium,round_of_16,Uruguay,0.00306,1840.2
Belgium,round_of_16,Ghana,0.00248,1527.5
Belgium,round_of_16,Australia,0.00192,1806.2
Belgium,round_of_16,Germany,0.0017,1997.8
Belgium,round_of_16,Switzerland,0.00164,1892.8
Belgium,round_of_16,Ivory Coast,0.0016,1764.0
Belgium,round_of_16,DR Congo,0.00138,1680.2
Belgium,round_of_16,Panama,0.00136,1673.3
Belgium,round_of_16,Jordan,0.00118,1612.9
Belgium,round_of_16,Iraq,0.00088,1583.0
Belgium,round_of_16,Paraguay,0.0008,1826.8
Belgium,round_of_16,Sweden,0.0008,1725.7
Belgium,round_of_16,France,0.0007,2121.4
Belgium,round_of_16,Japan,0.0004,1966.0
Belgium,round_of_16,Uzbekistan,0.00034,1673.2
Belgium,round_of_16,Turkey,0.00024,1824.0
Belgium,round_of_16,England,0.00022,2076.8
Belgium,round_of_16,Canada,0.00012,1835.5
Belgium,round_of_16,Curacao,0.0001,1421.3
Belgium,round_of_16,Scotland,8e-05,1773.8
Belgium,round_of_16,Brazil,6e-05,2020.0
Belgium,round_of_32,Australia,0.21972,1806.2
Belgium,round_of_32,Paraguay,0.1411,1826.8
Belgium,round_of_32,Algeria,0.07232,1784.8
Belgium,round_of_32,Canada,0.0686,1835.5
Belgium,round_of_32,Switzerland,0.05092,1892.8
Belgium,round_of_32,South Korea,0.04906,1771.5
Belgium,round_of_32,Czechia,0.04736,1700.3
Belgium,round_of_32,Uruguay,0.04192,1840.2
Belgium,round_of_32,Austria,0.03984,1894.3
Belgium,round_of_32,Senegal,0.03386,1834.5
Belgium,round_of_32,Jordan,0.0278,1612.9
Belgium,round_of_32,Norway,0.017,1936.7
Belgium,round_of_32,Cape Verde,0.01646,1634.0
Belgium,round_of_32,Ecuador,0.01248,1869.7
Belgium,round_of_32,Spain,0.01072,2156.2
Belgium,round_of_32,South Africa,0.00826,1499.3
Belgium,round_of_32,France,0.00764,2121.4
Belgium,round_of_32,Saudi Arabia,0.00734,1567.9
Belgium,round_of_32,Iraq,0.00606,1583.0
Belgium,round_of_32,Ivory Coast,0.00522,1764.0
Belgium,round_of_32,United States,0.00296,1866.7
Belgium,round_of_32,Curacao,0.00164,1421.3
Belgium,round_of_32,Argentina,0.00162,2165.3
Belgium,semi_final,France,0.01954,2121.4
Belgium,semi_final,England,0.01162,2076.8
Belgium,semi_final,Germany,0.00926,1997.8
Belgium,semi_final,Netherlands,0.0079,1988.0
Belgium,semi_final,Brazil,0.0077,2020.0
Belgium,semi_final,Mexico,0.00598,1973.7
Belgium,semi_final,Japan,0.00568,1966.0
Belgium,semi_final,Norway,0.00534,1936.7
Belgium,semi_final,Morocco,0.00378,1896.5
Belgium,semi_final,Switzerland,0.00302,1892.8
Belgium,semi_final,Canada,0.00124,1835.5
Belgium,semi_final,South Korea,0.00082,1771.5
Belgium,semi_final,Ivory Coast,0.00078,1764.0
Belgium,semi_final,Scotland,0.00078,1773.8
Belgium,semi_final,Paraguay,0.00076,1826.8
Belgium,semi_final,Portugal,0.00076,1995.2
Belgium,semi_final,Senegal,0.00068,1834.5
Belgium,semi_final,Spain,0.0005,2156.2
Belgium,semi_final,Colombia,0.00046,2005.8
Belgium,semi_final,Sweden,0.00038,1725.7
Belgium,semi_final,Australia,0.00026,1806.2
Belgium,semi_final,Turkey,0.00026,1824.0
Belgium,semi_final,Ecuador,0.00018,1869.7
Belgium,semi_final,United States,0.00016,1866.7
Belgium,semi_final,Uruguay,0.00014,1840.2
Belgium,semi_final,Croatia,0.00012,1867.1
Belgium,semi_final,Czechia,0.00012,1700.3
Belgium,semi_final,DR Congo,6e-05,1680.2
Belgium,semi_final,Egypt,6e-05,1718.7
Belgium,semi_final,Algeria,2e-05,1784.8
Belgium,semi_final,Argentina,2e-05,2165.3
Belgium,semi_final,Austria,2e-05,1894.3
Belgium,semi_final,Iran,2e-05,1788.7
Belgium,semi_final,Uzbekistan,2e-05,1673.2
Bosnia and Herzegovina,final,Argentina,8e-05,2165.3
Bosnia and Herzegovina,final,Brazil,2e-05,2020.0
Bosnia and Herzegovina,final,Colombia,2e-05,2005.8
Bosnia and Herzegovina,final,France,2e-05,2121.4
Bosnia and Herzegovina,final,Switzerland,2e-05,1892.8
Bosnia and Herzegovina,quarter_final,Spain,0.0126,2156.2
Bosnia and Herzegovina,quarter_final,Portugal,0.00284,1995.2
Bosnia and Herzegovina,quarter_final,Croatia,0.00222,1867.1
Bosnia and Herzegovina,quarter_final,Austria,0.0018,1894.3
Bosnia and Herzegovina,quarter_final,Argentina,0.00166,2165.3
Bosnia and Herzegovina,quarter_final,Colombia,0.00158,2005.8
Bosnia and Herzegovina,quarter_final,Uruguay,0.00052,1840.2
Bosnia and Herzegovina,quarter_final,Algeria,0.0003,1784.8
Bosnia and Herzegovina,quarter_final,DR Congo,0.00028,1680.2
Bosnia and Herzegovina,quarter_final,England,0.00028,2076.8
Bosnia and Herzegovina,quarter_final,France,0.00024,2121.4
Bosnia and Herzegovina,quarter_final,Uzbekistan,0.00014,1673.2
Bosnia and Herzegovina,quarter_final,Germany,0.0001,1997.8
Bosnia and Herzegovina,quarter_final,Ghana,6e-05,1527.5
Bosnia and Herzegovina,quarter_final,Brazil,4e-05,2020.0
Bosnia and Herzegovina,quarter_final,Norway,4e-05,1936.7
Bosnia and Herzegovina,quarter_final,Panama,4e-05,1673.3
Bosnia and Herzegovina,quarter_final,Jordan,2e-05,1612.9
Bosnia and Herzegovina,quarter_final,Sweden,2e-05,1725.7
Bosnia and Herzegovina,quarter_final,Turkey,2e-05,1824.0
Bosnia and Herzegovina,round_of_16,Belgium,0.0258,1897.7
Bosnia and Herzegovina,round_of_16,Egypt,0.01236,1718.7
Bosnia and Herzegovina,round_of_16,Iran,0.01202,1788.7
Bosnia and Herzegovina,round_of_16,Algeria,0.00728,1784.8
Bosnia and Herzegovina,round_of_16,Senegal,0.00594,1834.5
Bosnia and Herzegovina,round_of_16,South Korea,0.00562,1771.5
Bosnia and Herzegovina,round_of_16,Uruguay,0.0051,1840.2
Bosnia and Herzegovina,round_of_16,Austria,0.00454,1894.3
Bosnia and Herzegovina,round_of_16,Czechia,0.0044,1700.3
Bosnia and Herzegovina,round_of_16,Norway,0.00332,1936.7
Bosnia and Herzegovina,round_of_16,Ecuador,0.00286,1869.7
Bosnia and Herzegovina,round_of_16,New Zealand,0.00228,1551.7
Bosnia and Herzegovina,round_of_16,Jordan,0.00188,1612.9
Bosnia and Herzegovina,round_of_16,Spain,0.00186,2156.2
Bosnia and Herzegovina,round_of_16,Netherlands,0.00128,1988.0
Bosnia and Herzegovina,round_of_16,Ivory Coast,0.00108,1764.0
Bosnia and Herzegovina,round_of_16,Cape Verde,0.00098,1634.0
Bosnia and Herzegovina,round_of_16,Morocco,0.00086,1896.5
Bosnia and Herzegovina,round_of_16,Saudi Arabia,0.00072,1567.9
Bosnia and Herzegovina,round_of_16,Iraq,0.00068,1583.0
Bosnia and Herzegovina,round_of_16,Japan,0.0006,1966.0
Bosnia and Herzegovina,round_of_16,Brazil,0.00054,2020.0
Bosnia and Herzegovina,round_of_16,South Africa,0.00046,1499.3
Bosnia and Herzegovina,round_of_16,France,0.00038,2121.4
Bosnia and Herzegovina,round_of_16,Argentina,0.00028,2165.3
Bosnia and Herzegovina,round_of_16,Curacao,0.00014,1421.3
Bosnia and Herzegovina,round_of_16,Scotland,0.0001,1773.8
Bosnia and Herzegovina,round_of_32,United States,0.5295,1866.7
Bosnia and Herzegovina,round_of_32,South Korea,0.00894,1771.5
Bosnia and Herzegovina,round_of_32,Australia,0.00356,1806.2
Bosnia and Herzegovina,round_of_32,South Africa,0.00146,1499.3
Bosnia and Herzegovina,round_of_32,Paraguay,0.00094,1826.8
Bosnia and Herzegovina,round_of_32,Czechia,0.00054,1700.3
Bosnia and Herzegovina,round_of_32,Mexico,0.00054,1973.7
Bosnia and Herzegovina,round_of_32,Germany,0.0003,1997.8
Bosnia and Herzegovina,semi_final,France,0.00054,2121.4
Bosnia and Herzegovina,semi_final,Germany,0.00052,1997.8
Bosnia and Herzegovina,semi_final,Netherlands,0.0003,1988.0
Bosnia and Herzegovina,semi_final,Norway,0.00012,1936.7
Bosnia and Herzegovina,semi_final,Japan,0.0001,1966.0
Bosnia and Herzegovina,semi_final,Switzerland,0.0001,1892.8
Bosnia and Herzegovina,semi_final,Brazil,8e-05,2020.0
Bosnia and Herzegovina,semi_final,Morocco,8e-05,1896.5
Bosnia and Herzegovina,semi_final,Canada,6e-05,1835.5
Bosnia and Herzegovina,semi_final,Mexico,4e-05,1973.7
Bosnia and Herzegovina,semi_final,Czechia,2e-05,1700.3
Bosnia and Herzegovina,semi_final,Turkey,2e-05,1824.0
Bosnia and Herzegovina,semi_final,United States,2e-05,1866.7
Brazil,final,Spain,0.01848,2156.2
Brazil,final,France,0.01494,2121.4
Brazil,final,Argentina,0.01144,2165.3
Brazil,final,Germany,0.00546,1997.8
Brazil,final,England,0.005,2076.8
Brazil,final,Netherlands,0.00434,1988.0
Brazil,final,Colombia,0.00406,2005.8
Brazil,final,Portugal,0.00334,1995.2
Brazil,final,Morocco,0.00244,1896.5
Brazil,final,United States,0.00234,1866.7
Brazil,final,Japan,0.00218,1966.0
Brazil,final,Norway,0.00204,1936.7
Brazil,final,Mexico,0.00162,1973.7
Brazil,final,Switzerland,0.00152,1892.8
Brazil,final,Belgium,0.00148,1897.7
Brazil,final,Austria,0.0013,1894.3
Brazil,final,Croatia,0.00116,1867.1
Brazil,final,Canada,0.00054,1835.5
Brazil,final,Senegal,0.00054,1834.5
Brazil,final,Paraguay,0.00048,1826.8
Brazil,final,Uruguay,0.00046,1840.2
Brazil,final,Iran,0.0004,1788.7
Brazil,final,Australia,0.00034,1806.2
Brazil,final,South Korea,0.00032,1771.5
Brazil,final,Algeria,0.00028,1784.8
Brazil,final,Ecuador,0.00026,1869.7
Brazil,final,Egypt,0.00016,1718.7
Brazil,final,Scotland,0.00012,1773.8
Brazil,final,Turkey,8e-05,1824.0
Brazil,final,Ivory Coast,6e-05,1764.0
Brazil,final,Sweden,6e-05,1725.7
Brazil,final,DR Congo,4e-05,1680.2
Brazil,final,Uzbekistan,4e-05,1673.2
Brazil,final,Bosnia and Herzegovina,2e-05,1574.5
Brazil,final,Cape Verde,2e-05,1634.0
Brazil,final,Czechia,2e-05,1700.3
Brazil,final,Ghana,2e-05,1527.5
Brazil,final,Jordan,2e-05,1612.9
Brazil,quarter_final,England,0.11182,2076.8
Brazil,quarter_final,Mexico,0.06668,1973.7
Brazil,quarter_final,France,0.0476,2121.4
Brazil,quarter_final,Germany,0.03246,1997.8
Brazil,quarter_final,Norway,0.01674,1936.7
Brazil,quarter_final,Scotland,0.01208,1773.8
Brazil,quarter_final,Japan,0.0108,1966.0
Brazil,quarter_final,Portugal,0.00746,1995.2
Brazil,quarter_final,Netherlands,0.0067,1988.0
Brazil,quarter_final,Morocco,0.0064,1896.5
Brazil,quarter_final,Senegal,0.00554,1834.5
Brazil,quarter_final,Colombia,0.00358,2005.8
Brazil,quarter_final,Sweden,0.0035,1725.7
Brazil,quarter_final,Ecuador,0.00332,1869.7
Brazil,quarter_final,Paraguay,0.00328,1826.8
Brazil,quarter_final,Ivory Coast,0.00276,1764.0
Brazil,quarter_final,Spain,0.00268,2156.2
Brazil,quarter_final,South Korea,0.00236,1771.5
Brazil,quarter_final,Australia,0.00212,1806.2
Brazil,quarter_final,Switzerland,0.00186,1892.8
Brazil,quarter_final,Uruguay,0.00184,1840.2
Brazil,quarter_final,DR Congo,0.00174,1680.2
Brazil,quarter_final,Uzbekistan,0.00148,1673.2
Brazil,quarter_final,Croatia,0.00128,1867.1
Brazil,quarter_final,Canada,0.00108,1835.5
Brazil,quarter_final,Turkey,0.00098,1824.0
Brazil,quarter_final,Algeria,0.00026,1784.8
Brazil,quarter_final,Austria,0.00026,1894.3
Brazil,quarter_final,Cape Verde,0.0002,1634.0
Brazil,quarter_final,Jordan,0.00012,1612.9
Brazil,quarter_final,Ghana,0.0001,1527.5
Brazil,quarter_final,Iraq,0.0001,1583.0
Brazil,quarter_final,Iran,8e-05,1788.7
Brazil,quarter_final,Panama,8e-05,1673.3
Brazil,quarter_final,Saudi Arabia,8e-05,1567.9
Brazil,quarter_final,Belgium,6e-05,1897.7
Brazil,quarter_final,Czechia,6e-05,1700.3
Brazil,quarter_final,Bosnia and Herzegovina,4e-05,1574.5
Brazil,quarter_final,Curacao,4e-05,1421.3
Brazil,quarter_final,Argentina,2e-05,2165.3
Brazil,quarter_final,Haiti,2e-05,1503.7
Brazil,round_of_16,Norway,0.14408,1936.7
Brazil,round_of_16,Ivory Coast,0.08816,1764.0
Brazil,round_of_16,France,0.08688,2121.4
Brazil,round_of_16,Switzerland,0.05052,1892.8
Brazil,round_of_16,England,0.048,2076.8
Brazil,round_of_16,Senegal,0.04668,1834.5
Brazil,round_of_16,South Korea,0.04228,1771.5
Brazil,round_of_16,Canada,0.03348,1835.5
Brazil,round_of_16,Ecuador,0.0075,1869.7
Brazil,round_of_16,Mexico,0.00512,1973.7
Brazil,round_of_16,Portugal,0.00364,1995.2
Brazil,round_of_16,South Africa,0.00268,1499.3
Brazil,round_of_16,DR Congo,0.0022,1680.2
Brazil,round_of_16,Sweden,0.0018,1725.7
Brazil,round_of_16,Curacao,0.00178,1421.3
Brazil,round_of_16,Czechia,0.00176,1700.3
Brazil,round_of_16,Colombia,0.00174,2005.8
Brazil,round_of_16,Uzbekistan,0.00172,1673.2
Brazil,round_of_16,Iraq,0.00128,1583.0
Brazil,round_of_16,Germany,0.001,1997.8
Brazil,round_of_16,Japan,0.00098,1966.0
Brazil,round_of_16,Croatia,0.00082,1867.1
Brazil,round_of_16,Paraguay,0.00078,1826.8
Brazil,round_of_16,Australia,0.00056,1806.2
Brazil,round_of_16,Bosnia and Herzegovina,0.00054,1574.5
Brazil,round_of_16,Turkey,0.00036,1824.0
Brazil,round_of_16,Ghana,0.00028,1527.5
Brazil,round_of_16,Algeria,0.00026,1784.8
Brazil,round_of_16,Austria,0.00014,1894.3
Brazil,round_of_16,Panama,8e-05,1673.3
Brazil,round_of_16,Belgium,6e-05,1897.7
Brazil,round_of_16,Jordan,6e-05,1612.9
Brazil,round_of_16,Iran,4e-05,1788.7
Brazil,round_of_16,Netherlands,4e-05,1988.0
Brazil,round_of_16,New Zealand,4e-05,1551.7
Brazil,round_of_16,Spain,4e-05,2156.2
Brazil,round_of_16,Uruguay,4e-05,1840.2
Brazil,round_of_16,Argentina,2e-05,2165.3
Brazil,round_of_16,Cape Verde,2e-05,1634.0
Brazil,round_of_16,Egypt,2e-05,1718.7
Brazil,round_of_16,Saudi Arabia,2e-05,1567.9
Brazil,round_of_32,Japan,0.40006,1966.0
Brazil,round_of_32,Netherlands,0.35666,1988.0
Brazil,round_of_32,Mexico,0.10686,1973.7
Brazil,round_of_32,Sweden,0.08906,1725.7
Brazil,round_of_32,Germany,0.04242,1997.8
Brazil,round_of_32,South Korea,0.0045,1771.5
Brazil,round_of_32,Ivory Coast,0.00028,1764.0
Brazil,round_of_32,France,0.00014,2121.4
Brazil,round_of_32,Norway,2e-05,1936.7
Brazil,semi_final,Argentina,0.06614,2165.3
Brazil,semi_final,Spain,0.0265,2156.2
Brazil,semi_final,Colombia,0.02346,2005.8
Brazil,semi_final,Portugal,0.01372,1995.2
Brazil,semi_final,Austria,0.00808,1894.3
Brazil,semi_final,Belgium,0.0077,1897.7
Brazil,semi_final,United States,0.00644,1866.7
Brazil,semi_final,Switzerland,0.00512,1892.8
Brazil,semi_final,Canada,0.00444,1835.5
Brazil,semi_final,Australia,0.00326,1806.2
Brazil,semi_final,Iran,0.00294,1788.7
Brazil,semi_final,Croatia,0.00282,1867.1
Brazil,semi_final,Paraguay,0.00272,1826.8
Brazil,semi_final,Egypt,0.00154,1718.7
Brazil,semi_final,Norway,0.00152,1936.7
Brazil,semi_final,Algeria,0.00144,1784.8
Brazil,semi_final,Uruguay,0.00142,1840.2
Brazil,semi_final,Senegal,0.00118,1834.5
Brazil,semi_final,Ecuador,0.00074,1869.7
Brazil,semi_final,England,0.00072,2076.8
Brazil,semi_final,Cape Verde,0.00058,1634.0
Brazil,semi_final,South Korea,0.00044,1771.5
Brazil,semi_final,France,0.00036,2121.4
Brazil,semi_final,DR Congo,0.00022,1680.2
Brazil,semi_final,Czechia,0.0002,1700.3
Brazil,semi_final,Ivory Coast,0.00014,1764.0
Brazil,semi_final,Panama,0.00014,1673.3
Brazil,semi_final,Saudi Arabia,0.00014,1567.9
Brazil,semi_final,Bosnia and Herzegovina,8e-05,1574.5
Brazil,semi_final,Japan,8e-05,1966.0
Brazil,semi_final,New Zealand,8e-05,1551.7
Brazil,semi_final,Ghana,6e-05,1527.5
Brazil,semi_final,Iraq,6e-05,1583.0
Brazil,semi_final,Jordan,4e-05,1612.9
Brazil,semi_final,Uzbekistan,4e-05,1673.2
Brazil,semi_final,Turkey,2e-05,1824.0
Canada,final,Argentina,0.0033,2165.3
Canada,final,Spain,0.00316,2156.2
Canada,final,France,0.0028,2121.4
Canada,final,England,0.00138,2076.8
Canada,final,Colombia,0.00112,2005.8
Canada,final,Germany,0.00106,1997.8
Canada,final,Portugal,0.00092,1995.2
Canada,final,United States,0.00072,1866.7
Canada,final,Netherlands,0.00064,1988.0
Canada,final,Brazil,0.00054,2020.0
Canada,final,Japan,0.00048,1966.0
Canada,final,Switzerland,0.00046,1892.8
Canada,final,Norway,0.00042,1936.7
Canada,final,Mexico,0.00038,1973.7
Canada,final,Austria,0.00036,1894.3
Canada,final,Belgium,0.00028,1897.7
Canada,final,Morocco,0.00022,1896.5
Canada,final,Croatia,0.00014,1867.1
Canada,final,Australia,0.00012,1806.2
Canada,final,Scotland,8e-05,1773.8
Canada,final,Senegal,8e-05,1834.5
Canada,final,South Korea,8e-05,1771.5
Canada,final,Ecuador,6e-05,1869.7
Canada,final,Paraguay,6e-05,1826.8
Canada,final,Uruguay,6e-05,1840.2
Canada,final,Algeria,4e-05,1784.8
Canada,final,Iran,4e-05,1788.7
Canada,final,Egypt,2e-05,1718.7
Canada,final,Uzbekistan,2e-05,1673.2
Canada,quarter_final,Argentina,0.08188,2165.3
Canada,quarter_final,France,0.03794,2121.4
Canada,quarter_final,Germany,0.0287,1997.8
Canada,quarter_final,Australia,0.0101,1806.2
Canada,quarter_final,Paraguay,0.00948,1826.8
Canada,quarter_final,Norway,0.00872,1936.7
Canada,quarter_final,Austria,0.00848,1894.3
Canada,quarter_final,Belgium,0.00782,1897.7
Canada,quarter_final,Spain,0.00438,2156.2
Canada,quarter_final,Iran,0.003,1788.7
Canada,quarter_final,Japan,0.00268,1966.0
Canada,quarter_final,Cape Verde,0.00178,1634.0
Canada,quarter_final,Sweden,0.00174,1725.7
Canada,quarter_final,Egypt,0.00134,1718.7
Canada,quarter_final,Turkey,0.0012,1824.0
Canada,quarter_final,Scotland,0.00118,1773.8
Canada,quarter_final,Brazil,0.00108,2020.0
Canada,quarter_final,Uruguay,0.00094,1840.2
Canada,quarter_final,Saudi Arabia,0.00054,1567.9
Canada,quarter_final,New Zealand,0.00034,1551.7
Canada,quarter_final,Algeria,0.00014,1784.8
Canada,quarter_final,Senegal,0.00014,1834.5
Canada,quarter_final,Morocco,8e-05,1896.5
Canada,quarter_final,United States,8e-05,1866.7
Canada,quarter_final,Netherlands,4e-05,1988.0
Canada,quarter_final,Colombia,2e-05,2005.8
Canada,quarter_final,Croatia,2e-05,1867.1
Canada,quarter_final,Haiti,2e-05,1503.7
Canada,quarter_final,Iraq,2e-05,1583.0
Canada,round_of_16,Colombia,0.1779,2005.8
Canada,round_of_16,Netherlands,0.104,1988.0
Canada,round_of_16,Portugal,0.07962,1995.2
Canada,round_of_16,Morocco,0.0616,1896.5
Canada,round_of_16,Japan,0.04112,1966.0
Canada,round_of_16,Brazil,0.03348,2020.0
Canada,round_of_16,Croatia,0.01796,1867.1
Canada,round_of_16,Senegal,0.01342,1834.5
Canada,round_of_16,Ghana,0.01248,1527.5
Canada,round_of_16,Scotland,0.00942,1773.8
Canada,round_of_16,Norway,0.00816,1936.7
Canada,round_of_16,DR Congo,0.00806,1680.2
Canada,round_of_16,Panama,0.00714,1673.3
Canada,round_of_16,Ecuador,0.00456,1869.7
Canada,round_of_16,Sweden,0.00262,1725.7
Canada,round_of_16,Uzbekistan,0.0019,1673.2
Canada,round_of_16,Paraguay,0.00172,1826.8
Canada,round_of_16,England,0.00148,2076.8
Canada,round_of_16,Ivory Coast,0.00134,1764.0
Canada,round_of_16,France,0.00118,2121.4
Canada,round_of_16,Iraq,0.00096,1583.0
Canada,round_of_16,Australia,0.00092,1806.2
Canada,round_of_16,Turkey,0.00064,1824.0
Canada,round_of_16,Austria,0.00054,1894.3
Canada,round_of_16,Algeria,0.00048,1784.8
Canada,round_of_16,Belgium,0.00012,1897.7
Canada,round_of_16,Jordan,8e-05,1612.9
Canada,round_of_16,Argentina,6e-05,2165.3
Canada,round_of_16,Egypt,6e-05,1718.7
Canada,round_of_16,Curacao,4e-05,1421.3
Canada,round_of_16,Czechia,2e-05,1700.3
Canada,round_of_16,Iran,2e-05,1788.7
Canada,round_of_16,South Africa,2e-05,1499.3
Canada,round_of_16,Spain,2e-05,2156.2
Canada,round_of_16,Uruguay,2e-05,1840.2
Canada,round_of_32,South Korea,0.32656,1771.5
Canada,round_of_32,Egypt,0.12996,1718.7
Canada,round_of_32,Iran,0.11536,1788.7
Canada,round_of_32,Algeria,0.08102,1784.8
Canada,round_of_32,New Zealand,0.06998,1551.7
Canada,round_of_32,Belgium,0.0686,1897.7
Canada,round_of_32,South Africa,0.05544,1499.3
Canada,round_of_32,Austria,0.04246,1894.3
Canada,round_of_32,Jordan,0.02942,1612.9
Canada,round_of_32,Mexico,0.0251,1973.7
Canada,round_of_32,Czechia,0.01776,1700.3
Canada,round_of_32,Ecuador,0.01084,1869.7
Canada,round_of_32,Senegal,0.00864,1834.5
Canada,round_of_32,Ivory Coast,0.00504,1764.0
Canada,round_of_32,Sweden,0.00354,1725.7
Canada,round_of_32,Norway,0.00352,1936.7
Canada,round_of_32,Argentina,0.00182,2165.3
Canada,round_of_32,Curacao,0.00166,1421.3
Canada,round_of_32,Iraq,0.0015,1583.0
Canada,round_of_32,United States,0.00076,1866.7
Canada,round_of_32,Japan,0.00068,1966.0
Canada,round_of_32,France,0.00034,2121.4
Canada,semi_final,Spain,0.01128,2156.2
Canada,semi_final,England,0.00992,2076.8
Canada,semi_final,Mexico,0.00458,1973.7
Canada,semi_final,Brazil,0.00444,2020.0
Canada,semi_final,France,0.00356,2121.4
Canada,semi_final,Norway,0.00348,1936.7
Canada,semi_final,Portugal,0.00306,1995.2
Canada,semi_final,United States,0.00306,1866.7
Canada,semi_final,Japan,0.00274,1966.0
Canada,semi_final,Austria,0.0016,1894.3
Canada,semi_final,Colombia,0.00156,2005.8
Canada,semi_final,Morocco,0.00134,1896.5
Canada,semi_final,Netherlands,0.00134,1988.0
Canada,semi_final,Croatia,0.0013,1867.1
Canada,semi_final,Belgium,0.00124,1897.7
Canada,semi_final,Argentina,0.00112,2165.3
Canada,semi_final,Senegal,0.00102,1834.5
Canada,semi_final,Ivory Coast,0.00076,1764.0
Canada,semi_final,Ecuador,0.00046,1869.7
Canada,semi_final,Algeria,0.00042,1784.8
Canada,semi_final,Uruguay,0.00042,1840.2
Canada,semi_final,Iran,0.00038,1788.7
Canada,semi_final,Scotland,0.00028,1773.8
Canada,semi_final,DR Congo,0.00016,1680.2
Canada,semi_final,South Korea,0.00016,1771.5
Canada,semi_final,Egypt,0.00014,1718.7
Canada,semi_final,Czechia,0.0001,1700.3
Canada,semi_final,Bosnia and Herzegovina,6e-05,1574.5
Canada,semi_final,Sweden,6e-05,1725.7
Canada,semi_final,Cape Verde,4e-05,1634.0
Canada,semi_final,Ghana,4e-05,1527.5
Canada,semi_final,New Zealand,4e-05,1551.7
Canada,semi_final,Panama,4e-05,1673.3
Canada,semi_final,Uzbekistan,4e-05,1673.2
Canada,semi_final,Iraq,2e-05,1583.0
Canada,semi_final,Jordan,2e-05,1612.9
Cape Verde,final,France,0.00012,2121.4
Cape Verde,final,Spain,0.0001,2156.2
Cape Verde,final,Belgium,4e-05,1897.7
Cape Verde,final,Colombia,4e-05,2005.8
Cape Verde,final,Germany,4e-05,1997.8
Cape Verde,final,Portugal,4e-05,1995.2
Cape Verde,final,Argentina,2e-05,2165.3
Cape Verde,final,Brazil,2e-05,2020.0
Cape Verde,final,England,2e-05,2076.8
Cape Verde,final,Japan,2e-05,1966.0
Cape Verde,final,Morocco,2e-05,1896.5
Cape Verde,final,Netherlands,2e-05,1988.0
Cape Verde,final,Norway,2e-05,1936.7
Cape Verde,final,United States,2e-05,1866.7
Cape Verde,quarter_final,Colombia,0.00534,2005.8
Cape Verde,quarter_final,Portugal,0.00312,1995.2
Cape Verde,quarter_final,Spain,0.0018,2156.2
Cape Verde,quarter_final,Canada,0.00178,1835.5
Cape Verde,quarter_final,Switzerland,0.00162,1892.8
Cape Verde,quarter_final,Croatia,0.0008,1867.1
Cape Verde,quarter_final,Austria,0.00074,1894.3
Cape Verde,quarter_final,Belgium,0.00056,1897.7
Cape Verde,quarter_final,Iran,0.0005,1788.7
Cape Verde,quarter_final,United States,0.0005,1866.7
Cape Verde,quarter_final,Norway,0.00042,1936.7
Cape Verde,quarter_final,Algeria,0.00038,1784.8
Cape Verde,quarter_final,Argentina,0.00028,2165.3
Cape Verde,quarter_final,Egypt,0.00026,1718.7
Cape Verde,quarter_final,France,0.00024,2121.4
Cape Verde,quarter_final,Senegal,0.00022,1834.5
Cape Verde,quarter_final,Brazil,0.0002,2020.0
Cape Verde,quarter_final,Ecuador,0.0002,1869.7
Cape Verde,quarter_final,Uruguay,0.0002,1840.2
Cape Verde,quarter_final,Japan,0.00018,1966.0
Cape Verde,quarter_final,Netherlands,0.00016,1988.0
Cape Verde,quarter_final,DR Congo,0.00014,1680.2
Cape Verde,quarter_final,Ghana,0.0001,1527.5
Cape Verde,quarter_final,Czechia,8e-05,1700.3
Cape Verde,quarter_final,England,8e-05,2076.8
Cape Verde,quarter_final,Panama,8e-05,1673.3
Cape Verde,quarter_final,Uzbekistan,6e-05,1673.2
Cape Verde,quarter_final,Ivory Coast,4e-05,1764.0
Cape Verde,quarter_final,Morocco,4e-05,1896.5
Cape Verde,quarter_final,Iraq,2e-05,1583.0
Cape Verde,quarter_final,Jordan,2e-05,1612.9
Cape Verde,quarter_final,New Zealand,2e-05,1551.7
Cape Verde,quarter_final,Paraguay,2e-05,1826.8
Cape Verde,quarter_final,South Korea,2e-05,1771.5
Cape Verde,quarter_final,Turkey,2e-05,1824.0
Cape Verde,round_of_16,Australia,0.01464,1806.2
Cape Verde,round_of_16,United States,0.01084,1866.7
Cape Verde,round_of_16,Paraguay,0.01042,1826.8
Cape Verde,round_of_16,Belgium,0.00982,1897.7
Cape Verde,round_of_16,Iran,0.00566,1788.7
Cape Verde,round_of_16,England,0.00512,2076.8
Cape Verde,round_of_16,Egypt,0.00368,1718.7
Cape Verde,round_of_16,Portugal,0.0023,1995.2
Cape Verde,round_of_16,Croatia,0.00198,1867.1
Cape Verde,round_of_16,New Zealand,0.00132,1551.7
Cape Verde,round_of_16,Colombia,0.0011,2005.8
Cape Verde,round_of_16,Bosnia and Herzegovina,0.00098,1574.5
Cape Verde,round_of_16,Senegal,0.00064,1834.5
Cape Verde,round_of_16,DR Congo,0.00052,1680.2
Cape Verde,round_of_16,Norway,0.00048,1936.7
Cape Verde,round_of_16,Algeria,0.00046,1784.8
Cape Verde,round_of_16,Uzbekistan,0.0004,1673.2
Cape Verde,round_of_16,Austria,0.00038,1894.3
Cape Verde,round_of_16,Qatar,0.00032,1402.7
Cape Verde,round_of_16,Ecuador,0.00022,1869.7
Cape Verde,round_of_16,Ghana,0.00016,1527.5
Cape Verde,round_of_16,Germany,0.00012,1997.8
Cape Verde,round_of_16,Jordan,0.0001,1612.9
Cape Verde,round_of_16,Ivory Coast,8e-05,1764.0
Cape Verde,round_of_16,Panama,8e-05,1673.3
Cape Verde,round_of_16,Iraq,6e-05,1583.0
Cape Verde,round_of_16,Mexico,6e-05,1973.7
Cape Verde,round_of_16,France,4e-05,2121.4
Cape Verde,round_of_16,Scotland,4e-05,1773.8
Cape Verde,round_of_16,Argentina,2e-05,2165.3
Cape Verde,round_of_16,Brazil,2e-05,2020.0
Cape Verde,round_of_16,Curacao,2e-05,1421.3
Cape Verde,round_of_16,Japan,2e-05,1966.0
Cape Verde,round_of_16,Sweden,2e-05,1725.7
Cape Verde,round_of_16,Switzerland,2e-05,1892.8
Cape Verde,round_of_32,Argentina,0.50412,2165.3
Cape Verde,round_of_32,Austria,0.10454,1894.3
Cape Verde,round_of_32,Mexico,0.03226,1973.7
Cape Verde,round_of_32,Belgium,0.01646,1897.7
Cape Verde,round_of_32,Egypt,0.01522,1718.7
Cape Verde,round_of_32,Iran,0.0105,1788.7
Cape Verde,round_of_32,Algeria,0.00794,1784.8
Cape Verde,round_of_32,South Korea,0.00408,1771.5
Cape Verde,round_of_32,New Zealand,0.0038,1551.7
Cape Verde,round_of_32,France,0.00144,2121.4
Cape Verde,round_of_32,Jordan,0.00132,1612.9
Cape Verde,round_of_32,England,0.00086,2076.8
Cape Verde,round_of_32,Norway,0.00046,1936.7
Cape Verde,round_of_32,Croatia,4e-05,1867.1
Cape Verde,round_of_32,Senegal,4e-05,1834.5
Cape Verde,round_of_32,Iraq,2e-05,1583.0
Cape Verde,semi_final,England,0.00084,2076.8
Cape Verde,semi_final,France,0.0006,2121.4
Cape Verde,semi_final,Brazil,0.00058,2020.0
Cape Verde,semi_final,Mexico,0.00036,1973.7
Cape Verde,semi_final,Norway,0.00024,1936.7
Cape Verde,semi_final,Germany,0.00016,1997.8
Cape Verde,semi_final,Morocco,0.00016,1896.5
Cape Verde,semi_final,Japan,0.00014,1966.0
Cape Verde,semi_final,Portugal,0.00012,1995.2
Cape Verde,semi_final,Argentina,8e-05,2165.3
Cape Verde,semi_final,Ivory Coast,6e-05,1764.0
Cape Verde,semi_final,Senegal,6e-05,1834.5
Cape Verde,semi_final,Canada,4e-05,1835.5
Cape Verde,semi_final,Colombia,4e-05,2005.8
Cape Verde,semi_final,Netherlands,4e-05,1988.0
Cape Verde,semi_final,Austria,2e-05,1894.3
Cape Verde,semi_final,DR Congo,2e-05,1680.2
Cape Verde,semi_final,Scotland,2e-05,1773.8
Cape Verde,semi_final,South Korea,2e-05,1771.5
Cape Verde,semi_final,Sweden,2e-05,1725.7
Colombia,final,Spain,0.02378,2156.2
Colombia,final,France,0.01808,2121.4
Colombia,final,Argentina,0.01226,2165.3
Colombia,final,Portugal,0.00712,1995.2
Colombia,final,Germany,0.0067,1997.8
Colombia,final,Netherlands,0.00506,1988.0
Colombia,final,England,0.00444,2076.8
Colombia,final,Brazil,0.00406,2020.0
Colombia,final,United States,0.0033,1866.7
Colombia,final,Japan,0.00296,1966.0
Colombia,final,Norway,0.00272,1936.7
Colombia,final,Belgium,0.00198,1897.7
Colombia,final,Mexico,0.00174,1973.7
Colombia,final,Switzerland,0.00174,1892.8
Colombia,final,Austria,0.00172,1894.3
Colombia,final,Morocco,0.00154,1896.5
Colombia,final,Croatia,0.00136,1867.1
Colombia,final,Canada,0.00112,1835.5
Colombia,final,South Korea,0.00062,1771.5
Colombia,final,Uruguay,0.00056,1840.2
Colombia,final,Senegal,0.00054,1834.5
Colombia,final,Paraguay,0.00046,1826.8
Colombia,final,Algeria,0.00044,1784.8
Colombia,final,Iran,0.00036,1788.7
Colombia,final,Australia,0.00028,1806.2
Colombia,final,Egypt,0.00024,1718.7
Colombia,final,Ecuador,0.0002,1869.7
Colombia,final,Scotland,0.0002,1773.8
Colombia,final,Sweden,0.00018,1725.7
Colombia,final,Czechia,0.0001,1700.3
Colombia,final,Turkey,8e-05,1824.0
Colombia,final,Uzbekistan,6e-05,1673.2
Colombia,final,Cape Verde,4e-05,1634.0
Colombia,final,Bosnia and Herzegovina,2e-05,1574.5
Colombia,final,DR Congo,2e-05,1680.2
Colombia,final,Ivory Coast,2e-05,1764.0
Colombia,final,Jordan,2e-05,1612.9
Colombia,final,Panama,2e-05,1673.3
Colombia,quarter_final,Argentina,0.23826,2165.3
Colombia,quarter_final,Belgium,0.03374,1897.7
Colombia,quarter_final,United States,0.03152,1866.7
Colombia,quarter_final,Austria,0.02736,1894.3
Colombia,quarter_final,Australia,0.02422,1806.2
Colombia,quarter_final,Paraguay,0.01748,1826.8
Colombia,quarter_final,Iran,0.01376,1788.7
Colombia,quarter_final,Spain,0.01348,2156.2
Colombia,quarter_final,Egypt,0.00854,1718.7
Colombia,quarter_final,Norway,0.0054,1936.7
Colombia,quarter_final,Cape Verde,0.00534,1634.0
Colombia,quarter_final,Uruguay,0.00526,1840.2
Colombia,quarter_final,Senegal,0.00368,1834.5
Colombia,quarter_final,Brazil,0.00358,2020.0
Colombia,quarter_final,Algeria,0.00322,1784.8
Colombia,quarter_final,Japan,0.00312,1966.0
Colombia,quarter_final,France,0.00256,2121.4
Colombia,quarter_final,Ecuador,0.00196,1869.7
Colombia,quarter_final,South Korea,0.00196,1771.5
Colombia,quarter_final,Ivory Coast,0.0016,1764.0
Colombia,quarter_final,Bosnia and Herzegovina,0.00158,1574.5
Colombia,quarter_final,Netherlands,0.00158,1988.0
Colombia,quarter_final,Czechia,0.00144,1700.3
Colombia,quarter_final,Morocco,0.00136,1896.5
Colombia,quarter_final,Saudi Arabia,0.00134,1567.9
Colombia,quarter_final,New Zealand,0.00114,1551.7
Colombia,quarter_final,Jordan,0.00052,1612.9
Colombia,quarter_final,Sweden,0.00038,1725.7
Colombia,quarter_final,Iraq,0.00022,1583.0
Colombia,quarter_final,Switzerland,0.00018,1892.8
Colombia,quarter_final,Qatar,8e-05,1402.7
Colombia,quarter_final,Scotland,6e-05,1773.8
Colombia,quarter_final,South Africa,6e-05,1499.3
Colombia,quarter_final,Canada,2e-05,1835.5
Colombia,quarter_final,Curacao,2e-05,1421.3
Colombia,round_of_16,Canada,0.1779,1835.5
Colombia,round_of_16,Switzerland,0.14676,1892.8
Colombia,round_of_16,Spain,0.1286,2156.2
Colombia,round_of_16,Austria,0.05308,1894.3
Colombia,round_of_16,Iran,0.04372,1788.7
Colombia,round_of_16,Algeria,0.03772,1784.8
Colombia,round_of_16,Egypt,0.03748,1718.7
Colombia,round_of_16,Belgium,0.03326,1897.7
Colombia,round_of_16,Mexico,0.01942,1973.7
Colombia,round_of_16,Argentina,0.01624,2165.3
Colombia,round_of_16,New Zealand,0.01156,1551.7
Colombia,round_of_16,Uruguay,0.0084,1840.2
Colombia,round_of_16,Jordan,0.00654,1612.9
Colombia,round_of_16,Ecuador,0.00638,1869.7
Colombia,round_of_16,Scotland,0.00472,1773.8
Colombia,round_of_16,Senegal,0.00426,1834.5
Colombia,round_of_16,Norway,0.00228,1936.7
Colombia,round_of_16,Ivory Coast,0.00198,1764.0
Colombia,round_of_16,Brazil,0.00174,2020.0
Colombia,round_of_16,Sweden,0.00116,1725.7
Colombia,round_of_16,Cape Verde,0.0011,1634.0
Colombia,round_of_16,South Korea,0.00096,1771.5
Colombia,round_of_16,Japan,0.00056,1966.0
Colombia,round_of_16,Iraq,0.00038,1583.0
Colombia,round_of_16,Curacao,0.00034,1421.3
Colombia,round_of_16,France,0.00022,2121.4
Colombia,round_of_16,Morocco,0.00012,1896.5
Colombia,round_of_16,Haiti,2e-05,1503.7
Colombia,round_of_16,Saudi Arabia,2e-05,1567.9
Colombia,round_of_32,Ghana,0.33706,1527.5
Colombia,round_of_32,Croatia,0.27386,1867.1
Colombia,round_of_32,Panama,0.10008,1673.3
Colombia,round_of_32,England,0.08668,2076.8
Colombia,round_of_32,Senegal,0.07834,1834.5
Colombia,round_of_32,Norway,0.03322,1936.7
Colombia,round_of_32,Ecuador,0.02288,1869.7
Colombia,round_of_32,Iraq,0.01238,1583.0
Colombia,round_of_32,Paraguay,0.01042,1826.8
Colombia,round_of_32,Ivory Coast,0.00974,1764.0
Colombia,round_of_32,Australia,0.00774,1806.2
Colombia,round_of_32,Turkey,0.00466,1824.0
Colombia,round_of_32,France,0.00356,2121.4
Colombia,round_of_32,Algeria,0.00334,1784.8
Colombia,round_of_32,Curacao,0.00292,1421.3
Colombia,round_of_32,Austria,0.00148,1894.3
Colombia,round_of_32,Jordan,0.00106,1612.9
Colombia,round_of_32,Argentina,8e-05,2165.3
Colombia,semi_final,England,0.0498,2076.8
Colombia,semi_final,France,0.0286,2121.4
Colombia,semi_final,Brazil,0.02346,2020.0
Colombia,semi_final,Mexico,0.02222,1973.7
Colombia,semi_final,Norway,0.01464,1936.7
Colombia,semi_final,Japan,0.01424,1966.0
Colombia,semi_final,Netherlands,0.01256,1988.0
Colombia,semi_final,Germany,0.00938,1997.8
Colombia,semi_final,Morocco,0.00746,1896.5
Colombia,semi_final,Portugal,0.00488,1995.2
Colombia,semi_final,Argentina,0.00458,2165.3
Colombia,semi_final,Switzerland,0.00358,1892.8
Colombia,semi_final,Senegal,0.00336,1834.5
Colombia,semi_final,Ivory Coast,0.00282,1764.0
Colombia,semi_final,Scotland,0.00232,1773.8
Colombia,semi_final,Spain,0.0016,2156.2
Colombia,semi_final,Ecuador,0.00158,1869.7
Colombia,semi_final,Canada,0.00156,1835.5
Colombia,semi_final,South Korea,0.00148,1771.5
Colombia,semi_final,Paraguay,0.0009,1826.8
Colombia,semi_final,Sweden,0.00082,1725.7
Colombia,semi_final,Australia,0.00072,1806.2
Colombia,semi_final,Austria,0.0005,1894.3
Colombia,semi_final,Uruguay,0.0005,1840.2
Colombia,semi_final,Belgium,0.00046,1897.7
Colombia,semi_final,Croatia,0.00046,1867.1
Colombia,semi_final,Turkey,0.00032,1824.0
Colombia,semi_final,DR Congo,0.00028,1680.2
Colombia,semi_final,Iran,0.00024,1788.7
Colombia,semi_final,Uzbekistan,0.00022,1673.2
Colombia,semi_final,Algeria,0.00016,1784.8
Colombia,semi_final,Cape Verde,4e-05,1634.0
Colombia,semi_final,Egypt,4e-05,1718.7
Colombia,semi_final,Czechia,2e-05,1700.3
Colombia,semi_final,Ghana,2e-05,1527.5
Colombia,semi_final,Iraq,2e-05,1583.0
Colombia,semi_final,Panama,2e-05,1673.3
Colombia,semi_final,Saudi Arabia,2e-05,1567.9
Croatia,final,Argentina,0.00512,2165.3
Croatia,final,England,0.00256,2076.8
Croatia,final,Spain,0.00154,2156.2
Croatia,final,France,0.00144,2121.4
Croatia,final,Colombia,0.00136,2005.8
Croatia,final,Brazil,0.00116,2020.0
Croatia,final,Portugal,0.00094,1995.2
Croatia,final,Mexico,0.00078,1973.7
Croatia,final,Japan,0.00052,1966.0
Croatia,final,Norway,0.00052,1936.7
Croatia,final,Germany,0.00034,1997.8
Croatia,final,Belgium,0.00032,1897.7
Croatia,final,Netherlands,0.00028,1988.0
Croatia,final,Austria,0.00024,1894.3
Croatia,final,Switzerland,0.00024,1892.8
Croatia,final,Morocco,0.0002,1896.5
Croatia,final,Canada,0.00014,1835.5
Croatia,final,Paraguay,0.0001,1826.8
Croatia,final,Senegal,0.0001,1834.5
Croatia,final,United States,0.0001,1866.7
Croatia,final,Ivory Coast,8e-05,1764.0
Croatia,final,Ecuador,6e-05,1869.7
Croatia,final,Scotland,6e-05,1773.8
Croatia,final,Uruguay,6e-05,1840.2
Croatia,final,Australia,4e-05,1806.2
Croatia,final,Egypt,4e-05,1718.7
Croatia,final,Algeria,2e-05,1784.8
Croatia,final,Iran,2e-05,1788.7
Croatia,final,South Korea,2e-05,1771.5
Croatia,final,Sweden,2e-05,1725.7
Croatia,final,Turkey,2e-05,1824.0
Croatia,quarter_final,United States,0.0349,1866.7
Croatia,quarter_final,Argentina,0.01848,2165.3
Croatia,quarter_final,Belgium,0.01398,1897.7
Croatia,quarter_final,Iran,0.00548,1788.7
Croatia,quarter_final,Austria,0.00452,1894.3
Croatia,quarter_final,Egypt,0.00438,1718.7
Croatia,quarter_final,Spain,0.00366,2156.2
Croatia,quarter_final,Algeria,0.00332,1784.8
Croatia,quarter_final,Senegal,0.0027,1834.5
Croatia,quarter_final,Norway,0.00256,1936.7
Croatia,quarter_final,Uruguay,0.00228,1840.2
Croatia,quarter_final,Bosnia and Herzegovina,0.00222,1574.5
Croatia,quarter_final,South Korea,0.00214,1771.5
Croatia,quarter_final,Australia,0.00184,1806.2
Croatia,quarter_final,Czechia,0.0016,1700.3
Croatia,quarter_final,France,0.00144,2121.4
Croatia,quarter_final,Ecuador,0.00142,1869.7
Croatia,quarter_final,Paraguay,0.00132,1826.8
Croatia,quarter_final,Brazil,0.00128,2020.0
Croatia,quarter_final,Japan,0.0011,1966.0
Croatia,quarter_final,Cape Verde,0.0008,1634.0
Croatia,quarter_final,Ivory Coast,0.00072,1764.0
Croatia,quarter_final,Morocco,0.00058,1896.5
Croatia,quarter_final,Netherlands,0.00056,1988.0
Croatia,quarter_final,Jordan,0.00048,1612.9
Croatia,quarter_final,New Zealand,0.00036,1551.7
Croatia,quarter_final,Saudi Arabia,0.00036,1567.9
Croatia,quarter_final,Sweden,0.00022,1725.7
Croatia,quarter_final,Iraq,0.00016,1583.0
Croatia,quarter_final,Switzerland,0.00014,1892.8
Croatia,quarter_final,Qatar,0.00012,1402.7
Croatia,quarter_final,South Africa,4e-05,1499.3
Croatia,quarter_final,Canada,2e-05,1835.5
Croatia,quarter_final,Scotland,2e-05,1773.8
Croatia,round_of_16,Spain,0.20174,2156.2
Croatia,round_of_16,Austria,0.05436,1894.3
Croatia,round_of_16,Argentina,0.02344,2165.3
Croatia,round_of_16,Canada,0.01796,1835.5
Croatia,round_of_16,Switzerland,0.01386,1892.8
Croatia,round_of_16,Algeria,0.01348,1784.8
Croatia,round_of_16,Uruguay,0.01344,1840.2
Croatia,round_of_16,Mexico,0.0092,1973.7
Croatia,round_of_16,Iran,0.00418,1788.7
Croatia,round_of_16,Egypt,0.00342,1718.7
Croatia,round_of_16,Belgium,0.00316,1897.7
Croatia,round_of_16,Cape Verde,0.00198,1634.0
Croatia,round_of_16,Scotland,0.00162,1773.8
Croatia,round_of_16,Jordan,0.0011,1612.9
Croatia,round_of_16,Ecuador,0.00104,1869.7
Croatia,round_of_16,New Zealand,0.00094,1551.7
Croatia,round_of_16,Senegal,0.0009,1834.5
Croatia,round_of_16,Brazil,0.00082,2020.0
Croatia,round_of_16,Ivory Coast,0.00038,1764.0
Croatia,round_of_16,South Korea,0.00034,1771.5
Croatia,round_of_16,Norway,0.00026,1936.7
Croatia,round_of_16,Sweden,0.0001,1725.7
Croatia,round_of_16,Saudi Arabia,8e-05,1567.9
Croatia,round_of_16,Iraq,6e-05,1583.0
Croatia,round_of_16,Japan,4e-05,1966.0
Croatia,round_of_16,France,2e-05,2121.4
Croatia,round_of_16,Morocco,2e-05,1896.5
Croatia,round_of_32,Portugal,0.34468,1995.2
Croatia,round_of_32,Colombia,0.27386,2005.8
Croatia,round_of_32,DR Congo,0.13994,1680.2
Croatia,round_of_32,Uzbekistan,0.07268,1673.2
Croatia,round_of_32,Senegal,0.0034,1834.5
Croatia,round_of_32,Norway,0.00146,1936.7
Croatia,round_of_32,Iraq,0.00066,1583.0
Croatia,round_of_32,Ecuador,0.00038,1869.7
Croatia,round_of_32,Algeria,0.00036,1784.8
Croatia,round_of_32,Ivory Coast,0.00016,1764.0
Croatia,round_of_32,Jordan,0.00016,1612.9
Croatia,round_of_32,Uruguay,0.0001,1840.2
Croatia,round_of_32,Austria,8e-05,1894.3
Croatia,round_of_32,Curacao,6e-05,1421.3
Croatia,round_of_32,Cape Verde,4e-05,1634.0
Croatia,round_of_32,France,4e-05,2121.4
Croatia,round_of_32,Saudi Arabia,2e-05,1567.9
Croatia,round_of_32,Spain,2e-05,2156.2
Croatia,semi_final,France,0.01478,2121.4
Croatia,semi_final,Germany,0.00842,1997.8
Croatia,semi_final,Netherlands,0.00598,1988.0
Croatia,semi_final,Japan,0.0035,1966.0
Croatia,semi_final,Brazil,0.00282,2020.0
Croatia,semi_final,England,0.00234,2076.8
Croatia,semi_final,Switzerland,0.00234,1892.8
Croatia,semi_final,Morocco,0.00226,1896.5
Croatia,semi_final,Norway,0.00222,1936.7
Croatia,semi_final,Mexico,0.00166,1973.7
Croatia,semi_final,Canada,0.0013,1835.5
Croatia,semi_final,Argentina,0.00098,2165.3
Croatia,semi_final,South Korea,0.00086,1771.5
Croatia,semi_final,Paraguay,0.00076,1826.8
Croatia,semi_final,Australia,0.00048,1806.2
Croatia,semi_final,Colombia,0.00046,2005.8
Croatia,semi_final,Scotland,0.00044,1773.8
Croatia,semi_final,Portugal,0.00034,1995.2
Croatia,semi_final,Sweden,0.00026,1725.7
Croatia,semi_final,Ivory Coast,0.00022,1764.0
Croatia,semi_final,Spain,0.00022,2156.2
Croatia,semi_final,Turkey,0.00022,1824.0
Croatia,semi_final,Senegal,0.00016,1834.5
Croatia,semi_final,Belgium,0.00012,1897.7
Croatia,semi_final,Austria,6e-05,1894.3
Croatia,semi_final,Ecuador,6e-05,1869.7
Croatia,semi_final,Iran,6e-05,1788.7
Croatia,semi_final,DR Congo,4e-05,1680.2
Croatia,semi_final,Uruguay,4e-05,1840.2
Croatia,semi_final,Egypt,2e-05,1718.7
Croatia,semi_final,Ghana,2e-05,1527.5
Croatia,semi_final,Panama,2e-05,1673.3
Curacao,quarter_final,England,0.00014,2076.8
Curacao,quarter_final,Mexico,0.0001,1973.7
Curacao,quarter_final,Argentina,6e-05,2165.3
Curacao,quarter_final,Spain,6e-05,2156.2
Curacao,quarter_final,Brazil,4e-05,2020.0
Curacao,quarter_final,Norway,4e-05,1936.7
Curacao,quarter_final,Colombia,2e-05,2005.8
Curacao,quarter_final,DR Congo,2e-05,1680.2
Curacao,quarter_final,Ecuador,2e-05,1869.7
Curacao,quarter_final,France,2e-05,2121.4
Curacao,quarter_final,Ivory Coast,2e-05,1764.0
Curacao,quarter_final,Japan,2e-05,1966.0
Curacao,quarter_final,Paraguay,2e-05,1826.8
Curacao,quarter_final,Portugal,2e-05,1995.2
Curacao,quarter_final,Scotland,2e-05,1773.8
Curacao,quarter_final,Uruguay,2e-05,1840.2
Curacao,round_of_16,Brazil,0.00178,2020.0
Curacao,round_of_16,Japan,0.00138,1966.0
Curacao,round_of_16,Morocco,0.00088,1896.5
Curacao,round_of_16,Netherlands,0.00078,1988.0
Curacao,round_of_16,United States,0.0007,1866.7
Curacao,round_of_16,England,0.00042,2076.8
Curacao,round_of_16,Colombia,0.00034,2005.8
Curacao,round_of_16,Bosnia and Herzegovina,0.00014,1574.5
Curacao,round_of_16,Sweden,0.00014,1725.7
Curacao,round_of_16,Egypt,0.00012,1718.7
Curacao,round_of_16,Belgium,0.0001,1897.7
Curacao,round_of_16,Portugal,0.0001,1995.2
Curacao,round_of_16,Senegal,0.0001,1834.5
Curacao,round_of_16,Switzerland,0.0001,1892.8
Curacao,round_of_16,Iran,8e-05,1788.7
Curacao,round_of_16,Algeria,6e-05,1784.8
Curacao,round_of_16,Norway,6e-05,1936.7
Curacao,round_of_16,Scotland,6e-05,1773.8
Curacao,round_of_16,Austria,4e-05,1894.3
Curacao,round_of_16,Canada,4e-05,1835.5
Curacao,round_of_16,Ghana,4e-05,1527.5
Curacao,round_of_16,South Korea,4e-05,1771.5
Curacao,round_of_16,Cape Verde,2e-05,1634.0
Curacao,round_of_16,DR Congo,2e-05,1680.2
Curacao,round_of_16,Mexico,2e-05,1973.7
Curacao,round_of_16,New Zealand,2e-05,1551.7
Curacao,round_of_16,Spain,2e-05,2156.2
Curacao,round_of_16,Uzbekistan,2e-05,1673.2
Curacao,round_of_32,Norway,0.04404,1936.7
Curacao,round_of_32,France,0.02044,2121.4
Curacao,round_of_32,Senegal,0.01782,1834.5
Curacao,round_of_32,Mexico,0.00998,1973.7
Curacao,round_of_32,United States,0.00374,1866.7
Curacao,round_of_32,Colombia,0.00292,2005.8
Curacao,round_of_32,England,0.0017,2076.8
Curacao,round_of_32,Canada,0.00166,1835.5
Curacao,round_of_32,Belgium,0.00164,1897.7
Curacao,round_of_32,Egypt,0.00156,1718.7
Curacao,round_of_32,Portugal,0.00136,1995.2
Curacao,round_of_32,Switzerland,0.00106,1892.8
Curacao,round_of_32,Iran,0.0009,1788.7
Curacao,round_of_32,South Korea,0.0008,1771.5
Curacao,round_of_32,Iraq,0.00062,1583.0
Curacao,round_of_32,New Zealand,0.00032,1551.7
Curacao,round_of_32,DR Congo,0.00012,1680.2
Curacao,round_of_32,Australia,6e-05,1806.2
Curacao,round_of_32,Croatia,6e-05,1867.1
Curacao,round_of_32,Uzbekistan,6e-05,1673.2
Curacao,round_of_32,Ghana,2e-05,1527.5
Curacao,round_of_32,Panama,2e-05,1673.3
Curacao,semi_final,Argentina,2e-05,2165.3
Czechia,final,Argentina,0.00026,2165.3
Czechia,final,Colombia,0.0001,2005.8
Czechia,final,England,0.0001,2076.8
Czechia,final,Mexico,6e-05,1973.7
Czechia,final,France,4e-05,2121.4
Czechia,final,Spain,4e-05,2156.2
Czechia,final,Brazil,2e-05,2020.0
Czechia,final,Morocco,2e-05,1896.5
Czechia,final,Netherlands,2e-05,1988.0
Czechia,final,Norway,2e-05,1936.7
Czechia,final,Portugal,2e-05,1995.2
Czechia,final,Switzerland,2e-05,1892.8
Czechia,quarter_final,Spain,0.00864,2156.2
Czechia,quarter_final,Portugal,0.00206,1995.2
Czechia,quarter_final,Austria,0.00168,1894.3
Czechia,quarter_final,Croatia,0.0016,1867.1
Czechia,quarter_final,Colombia,0.00144,2005.8
Czechia,quarter_final,France,0.00136,2121.4
Czechia,quarter_final,Argentina,0.00124,2165.3
Czechia,quarter_final,Germany,0.00098,1997.8
Czechia,quarter_final,Uruguay,0.00034,1840.2
Czechia,quarter_final,England,0.00028,2076.8
Czechia,quarter_final,Algeria,0.00024,1784.8
Czechia,quarter_final,DR Congo,0.0002,1680.2
Czechia,quarter_final,Norway,0.00018,1936.7
Czechia,quarter_final,Japan,0.00014,1966.0
Czechia,quarter_final,Cape Verde,8e-05,1634.0
Czechia,quarter_final,Sweden,8e-05,1725.7
Czechia,quarter_final,Australia,6e-05,1806.2
Czechia,quarter_final,Brazil,6e-05,2020.0
Czechia,quarter_final,Morocco,6e-05,1896.5
Czechia,quarter_final,Scotland,6e-05,1773.8
Czechia,quarter_final,Uzbekistan,6e-05,1673.2
Czechia,quarter_final,Paraguay,4e-05,1826.8
Czechia,quarter_final,Ghana,2e-05,1527.5
Czechia,quarter_final,Mexico,2e-05,1973.7
Czechia,quarter_final,Panama,2e-05,1673.3
Czechia,quarter_final,Switzerland,2e-05,1892.8
Czechia,quarter_final,Turkey,2e-05,1824.0
Czechia,round_of_16,United States,0.03786,1866.7
Czechia,round_of_16,Netherlands,0.00518,1988.0
Czechia,round_of_16,Bosnia and Herzegovina,0.0044,1574.5
Czechia,round_of_16,Morocco,0.0031,1896.5
Czechia,round_of_16,Japan,0.0027,1966.0
Czechia,round_of_16,Brazil,0.00176,2020.0
Czechia,round_of_16,Senegal,0.00108,1834.5
Czechia,round_of_16,Algeria,0.001,1784.8
Czechia,round_of_16,Qatar,0.00092,1402.7
Czechia,round_of_16,Austria,0.00088,1894.3
Czechia,round_of_16,Sweden,0.00078,1725.7
Czechia,round_of_16,Norway,0.00066,1936.7
Czechia,round_of_16,Ecuador,0.00056,1869.7
Czechia,round_of_16,France,0.0005,2121.4
Czechia,round_of_16,Scotland,0.00044,1773.8
Czechia,round_of_16,Switzerland,0.0003,1892.8
Czechia,round_of_16,Australia,0.00024,1806.2
Czechia,round_of_16,Jordan,0.00022,1612.9
Czechia,round_of_16,Iraq,0.00016,1583.0
Czechia,round_of_16,Ivory Coast,0.00014,1764.0
Czechia,round_of_16,Paraguay,6e-05,1826.8
Czechia,round_of_16,Egypt,4e-05,1718.7
Czechia,round_of_16,Argentina,2e-05,2165.3
Czechia,round_of_16,Canada,2e-05,1835.5
Czechia,round_of_32,Belgium,0.04736,1897.7
Czechia,round_of_32,Egypt,0.0387,1718.7
Czechia,round_of_32,Iran,0.02958,1788.7
Czechia,round_of_32,Switzerland,0.0244,1892.8
Czechia,round_of_32,Canada,0.01776,1835.5
Czechia,round_of_32,New Zealand,0.00984,1551.7
Czechia,round_of_32,Germany,0.00198,1997.8
Czechia,round_of_32,Bosnia and Herzegovina,0.00054,1574.5
Czechia,semi_final,France,0.00082,2121.4
Czechia,semi_final,Germany,0.0006,1997.8
Czechia,semi_final,Netherlands,0.00038,1988.0
Czechia,semi_final,Japan,0.00022,1966.0
Czechia,semi_final,Brazil,0.0002,2020.0
Czechia,semi_final,Mexico,0.00018,1973.7
Czechia,semi_final,Spain,0.00018,2156.2
Czechia,semi_final,Belgium,0.00012,1897.7
Czechia,semi_final,Canada,0.0001,1835.5
Czechia,semi_final,Morocco,0.0001,1896.5
Czechia,semi_final,Norway,0.0001,1936.7
Czechia,semi_final,Austria,8e-05,1894.3
Czechia,semi_final,Portugal,8e-05,1995.2
Czechia,semi_final,Switzerland,8e-05,1892.8
Czechia,semi_final,Argentina,4e-05,2165.3
Czechia,semi_final,South Korea,4e-05,1771.5
Czechia,semi_final,Sweden,4e-05,1725.7
Czechia,semi_final,United States,4e-05,1866.7
Czechia,semi_final,Bosnia and Herzegovina,2e-05,1574.5
Czechia,semi_final,Colombia,2e-05,2005.8
Czechia,semi_final,Iran,2e-05,1788.7
Czechia,semi_final,New Zealand,2e-05,1551.7
Czechia,semi_final,Paraguay,2e-05,1826.8
Czechia,semi_final,Scotland,2e-05,1773.8
Czechia,semi_final,Senegal,2e-05,1834.5
Czechia,semi_final,Turkey,2e-05,1824.0
DR Congo,final,Spain,0.0002,2156.2
DR Congo,final,Argentina,0.00012,2165.3
DR Congo,final,England,0.0001,2076.8
DR Congo,final,France,0.0001,2121.4
DR Congo,final,Germany,6e-05,1997.8
DR Congo,final,Portugal,6e-05,1995.2
DR Congo,final,Brazil,4e-05,2020.0
DR Congo,final,Netherlands,4e-05,1988.0
DR Congo,final,Colombia,2e-05,2005.8
DR Congo,final,Egypt,2e-05,1718.7
DR Congo,final,Ivory Coast,2e-05,1764.0
DR Congo,final,Norway,2e-05,1936.7
DR Congo,final,Paraguay,2e-05,1826.8
DR Congo,final,Senegal,2e-05,1834.5
DR Congo,final,South Korea,2e-05,1771.5
DR Congo,final,United States,2e-05,1866.7
DR Congo,quarter_final,Argentina,0.00568,2165.3
DR Congo,quarter_final,United States,0.00422,1866.7
DR Congo,quarter_final,Brazil,0.00174,2020.0
DR Congo,quarter_final,Norway,0.00172,1936.7
DR Congo,quarter_final,Belgium,0.00154,1897.7
DR Congo,quarter_final,Japan,0.00132,1966.0
DR Congo,quarter_final,France,0.00126,2121.4
DR Congo,quarter_final,Senegal,0.00098,1834.5
DR Congo,quarter_final,Netherlands,0.00094,1988.0
DR Congo,quarter_final,Austria,0.00088,1894.3
DR Congo,quarter_final,Spain,0.0008,2156.2
DR Congo,quarter_final,Iran,0.00072,1788.7
DR Congo,quarter_final,Egypt,0.00066,1718.7
DR Congo,quarter_final,Australia,0.0006,1806.2
DR Congo,quarter_final,Morocco,0.00058,1896.5
DR Congo,quarter_final,Ivory Coast,0.00056,1764.0
DR Congo,quarter_final,Paraguay,0.00048,1826.8
DR Congo,quarter_final,South Korea,0.00034,1771.5
DR Congo,quarter_final,Bosnia and Herzegovina,0.00028,1574.5
DR Congo,quarter_final,Ecuador,0.00026,1869.7
DR Congo,quarter_final,Algeria,0.00024,1784.8
DR Congo,quarter_final,Uruguay,0.00024,1840.2
DR Congo,quarter_final,Czechia,0.0002,1700.3
DR Congo,quarter_final,Cape Verde,0.00014,1634.0
DR Congo,quarter_final,Sweden,0.0001,1725.7
DR Congo,quarter_final,Saudi Arabia,8e-05,1567.9
DR Congo,quarter_final,Iraq,4e-05,1583.0
DR Congo,quarter_final,Jordan,4e-05,1612.9
DR Congo,quarter_final,New Zealand,4e-05,1551.7
DR Congo,quarter_final,Qatar,4e-05,1402.7
DR Congo,quarter_final,Scotland,4e-05,1773.8
DR Congo,quarter_final,Curacao,2e-05,1421.3
DR Congo,quarter_final,Germany,2e-05,1997.8
DR Congo,quarter_final,South Africa,2e-05,1499.3
DR Congo,round_of_16,Spain,0.04898,2156.2
DR Congo,round_of_16,Mexico,0.02206,1973.7
DR Congo,round_of_16,Austria,0.0132,1894.3
DR Congo,round_of_16,Canada,0.00806,1835.5
DR Congo,round_of_16,Switzerland,0.00728,1892.8
DR Congo,round_of_16,Argentina,0.00538,2165.3
DR Congo,round_of_16,Scotland,0.00514,1773.8
DR Congo,round_of_16,Uruguay,0.00428,1840.2
DR Congo,round_of_16,Algeria,0.00422,1784.8
DR Congo,round_of_16,Brazil,0.0022,2020.0
DR Congo,round_of_16,Egypt,0.00198,1718.7
DR Congo,round_of_16,Ecuador,0.0016,1869.7
DR Congo,round_of_16,Iran,0.00156,1788.7
DR Congo,round_of_16,Belgium,0.00138,1897.7
DR Congo,round_of_16,South Korea,0.00092,1771.5
DR Congo,round_of_16,Senegal,0.00084,1834.5
DR Congo,round_of_16,Jordan,0.00054,1612.9
DR Congo,round_of_16,Cape Verde,0.00052,1634.0
DR Congo,round_of_16,New Zealand,0.00038,1551.7
DR Congo,round_of_16,Norway,0.00034,1936.7
DR Congo,round_of_16,Morocco,0.00024,1896.5
DR Congo,round_of_16,Ivory Coast,0.00022,1764.0
DR Congo,round_of_16,Saudi Arabia,0.0001,1567.9
DR Congo,round_of_16,Japan,6e-05,1966.0
DR Congo,round_of_16,Sweden,6e-05,1725.7
DR Congo,round_of_16,Iraq,4e-05,1583.0
DR Congo,round_of_16,Curacao,2e-05,1421.3
DR Congo,round_of_32,England,0.26888,2076.8
DR Congo,round_of_32,Croatia,0.13994,1867.1
DR Congo,round_of_32,Ghana,0.06548,1527.5
DR Congo,round_of_32,Panama,0.02086,1673.3
DR Congo,round_of_32,Senegal,0.00822,1834.5
DR Congo,round_of_32,Norway,0.00408,1936.7
DR Congo,round_of_32,Ecuador,0.00148,1869.7
DR Congo,round_of_32,Iraq,0.0013,1583.0
DR Congo,round_of_32,Ivory Coast,0.00078,1764.0
DR Congo,round_of_32,Paraguay,0.00052,1826.8
DR Congo,round_of_32,France,0.00044,2121.4
DR Congo,round_of_32,Australia,0.00034,1806.2
DR Congo,round_of_32,Algeria,0.00032,1784.8
DR Congo,round_of_32,Turkey,0.00018,1824.0
DR Congo,round_of_32,Austria,0.00016,1894.3
DR Congo,round_of_32,Curacao,0.00012,1421.3
DR Congo,round_of_32,Jordan,8e-05,1612.9
DR Congo,semi_final,France,0.00132,2121.4
DR Congo,semi_final,Argentina,0.00084,2165.3
DR Congo,semi_final,Germany,0.0005,1997.8
DR Congo,semi_final,Netherlands,0.00044,1988.0
DR Congo,semi_final,England,0.00036,2076.8
DR Congo,semi_final,Japan,0.0003,1966.0
DR Congo,semi_final,Colombia,0.00028,2005.8
DR Congo,semi_final,Mexico,0.00026,1973.7
DR Congo,semi_final,Norway,0.00026,1936.7
DR Congo,semi_final,Brazil,0.00022,2020.0
DR Congo,semi_final,Switzerland,0.00022,1892.8
DR Congo,semi_final,Morocco,0.0002,1896.5
DR Congo,semi_final,Portugal,0.0002,1995.2
DR Congo,semi_final,Canada,0.00016,1835.5
DR Congo,semi_final,Paraguay,0.00016,1826.8
DR Congo,semi_final,Australia,0.00012,1806.2
DR Congo,semi_final,Austria,0.00012,1894.3
DR Congo,semi_final,South Korea,8e-05,1771.5
DR Congo,semi_final,Spain,8e-05,2156.2
DR Congo,semi_final,Belgium,6e-05,1897.7
DR Congo,semi_final,Croatia,4e-05,1867.1
DR Congo,semi_final,Iran,4e-05,1788.7
DR Congo,semi_final,Algeria,2e-05,1784.8
DR Congo,semi_final,Cape Verde,2e-05,1634.0
DR Congo,semi_final,Ecuador,2e-05,1869.7
DR Congo,semi_final,Senegal,2e-05,1834.5
DR Congo,semi_final,Sweden,2e-05,1725.7
DR Congo,semi_final,Turkey,2e-05,1824.0
DR Congo,semi_final,United States,2e-05,1866.7
DR Congo,semi_final,Uzbekistan,2e-05,1673.2
Ecuador,final,Spain,0.00114,2156.2
Ecuador,final,Argentina,0.00096,2165.3
Ecuador,final,France,0.00092,2121.4
Ecuador,final,England,0.0004,2076.8
Ecuador,final,Germany,0.0003,1997.8
Ecuador,final,Brazil,0.00026,2020.0
Ecuador,final,Mexico,0.00022,1973.7
Ecuador,final,Colombia,0.0002,2005.8
Ecuador,final,Japan,0.0002,1966.0
Ecuador,final,Netherlands,0.0002,1988.0
Ecuador,final,Portugal,0.0002,1995.2
Ecuador,final,United States,0.0002,1866.7
Ecuador,final,Norway,0.00018,1936.7
Ecuador,final,Morocco,0.00012,1896.5
Ecuador,final,Switzerland,0.00012,1892.8
Ecuador,final,Austria,8e-05,1894.3
Ecuador,final,Belgium,8e-05,1897.7
Ecuador,final,Canada,6e-05,1835.5
Ecuador,final,Croatia,6e-05,1867.1
Ecuador,final,Algeria,4e-05,1784.8
Ecuador,final,South Korea,4e-05,1771.5
Ecuador,final,Australia,2e-05,1806.2
Ecuador,final,Iran,2e-05,1788.7
Ecuador,final,Scotland,2e-05,1773.8
Ecuador,final,Senegal,2e-05,1834.5
Ecuador,final,Sweden,2e-05,1725.7
Ecuador,quarter_final,Spain,0.01336,2156.2
Ecuador,quarter_final,Argentina,0.00814,2165.3
Ecuador,quarter_final,England,0.0044,2076.8
Ecuador,quarter_final,Brazil,0.00332,2020.0
Ecuador,quarter_final,Mexico,0.0025,1973.7
Ecuador,quarter_final,Norway,0.0025,1936.7
Ecuador,quarter_final,Austria,0.00246,1894.3
Ecuador,quarter_final,Portugal,0.00244,1995.2
Ecuador,quarter_final,Colombia,0.00196,2005.8
Ecuador,quarter_final,Japan,0.00178,1966.0
Ecuador,quarter_final,France,0.00168,2121.4
Ecuador,quarter_final,Croatia,0.00142,1867.1
Ecuador,quarter_final,Ivory Coast,0.00118,1764.0
Ecuador,quarter_final,Netherlands,0.00108,1988.0
Ecuador,quarter_final,Morocco,0.00078,1896.5
Ecuador,quarter_final,Senegal,0.00074,1834.5
Ecuador,quarter_final,Belgium,0.0007,1897.7
Ecuador,quarter_final,Australia,0.00068,1806.2
Ecuador,quarter_final,Paraguay,0.00052,1826.8
Ecuador,quarter_final,DR Congo,0.00026,1680.2
Ecuador,quarter_final,Scotland,0.00024,1773.8
Ecuador,quarter_final,Uruguay,0.00024,1840.2
Ecuador,quarter_final,Algeria,0.00022,1784.8
Ecuador,quarter_final,Uzbekistan,0.00022,1673.2
Ecuador,quarter_final,Cape Verde,0.0002,1634.0
Ecuador,quarter_final,Egypt,0.0002,1718.7
Ecuador,quarter_final,Iran,0.0002,1788.7
Ecuador,quarter_final,Ghana,0.00012,1527.5
Ecuador,quarter_final,Sweden,0.00012,1725.7
Ecuador,quarter_final,Panama,0.0001,1673.3
Ecuador,quarter_final,Germany,6e-05,1997.8
Ecuador,quarter_final,South Korea,4e-05,1771.5
Ecuador,quarter_final,Curacao,2e-05,1421.3
Ecuador,quarter_final,New Zealand,2e-05,1551.7
Ecuador,round_of_16,England,0.02228,2076.8
Ecuador,round_of_16,United States,0.0177,1866.7
Ecuador,round_of_16,Brazil,0.0075,2020.0
Ecuador,round_of_16,Colombia,0.00638,2005.8
Ecuador,round_of_16,Japan,0.0056,1966.0
Ecuador,round_of_16,Belgium,0.0054,1897.7
Ecuador,round_of_16,Portugal,0.00466,1995.2
Ecuador,round_of_16,Canada,0.00456,1835.5
Ecuador,round_of_16,Switzerland,0.00404,1892.8
Ecuador,round_of_16,Egypt,0.0039,1718.7
Ecuador,round_of_16,Morocco,0.00344,1896.5
Ecuador,round_of_16,Netherlands,0.00318,1988.0
Ecuador,round_of_16,Iran,0.00316,1788.7
Ecuador,round_of_16,Mexico,0.00314,1973.7
Ecuador,round_of_16,Senegal,0.00292,1834.5
Ecuador,round_of_16,Bosnia and Herzegovina,0.00286,1574.5
Ecuador,round_of_16,Algeria,0.00212,1784.8
Ecuador,round_of_16,Norway,0.00176,1936.7
Ecuador,round_of_16,Uruguay,0.0017,1840.2
Ecuador,round_of_16,DR Congo,0.0016,1680.2
Ecuador,round_of_16,Austria,0.00144,1894.3
Ecuador,round_of_16,Uzbekistan,0.00116,1673.2
Ecuador,round_of_16,Croatia,0.00104,1867.1
Ecuador,round_of_16,South Korea,0.00098,1771.5
Ecuador,round_of_16,Sweden,0.00074,1725.7
Ecuador,round_of_16,New Zealand,0.0007,1551.7
Ecuador,round_of_16,Scotland,0.00068,1773.8
Ecuador,round_of_16,Ghana,0.00058,1527.5
Ecuador,round_of_16,Czechia,0.00056,1700.3
Ecuador,round_of_16,Qatar,0.00056,1402.7
Ecuador,round_of_16,Jordan,0.00046,1612.9
Ecuador,round_of_16,Spain,0.00046,2156.2
Ecuador,round_of_16,Iraq,0.00036,1583.0
Ecuador,round_of_16,Panama,0.00032,1673.3
Ecuador,round_of_16,Australia,0.00024,1806.2
Ecuador,round_of_16,Cape Verde,0.00022,1634.0
Ecuador,round_of_16,France,0.00012,2121.4
Ecuador,round_of_16,Saudi Arabia,0.00012,1567.9
Ecuador,round_of_16,Paraguay,0.0001,1826.8
Ecuador,round_of_16,South Africa,0.0001,1499.3
Ecuador,round_of_16,Argentina,8e-05,2165.3
Ecuador,round_of_16,Turkey,2e-05,1824.0
Ecuador,round_of_32,Mexico,0.07176,1973.7
Ecuador,round_of_32,United States,0.03626,1866.7
Ecuador,round_of_32,Norway,0.027,1936.7
Ecuador,round_of_32,Colombia,0.02288,2005.8
Ecuador,round_of_32,England,0.01446,2076.8
Ecuador,round_of_32,France,0.01284,2121.4
Ecuador,round_of_32,Egypt,0.01276,1718.7
Ecuador,round_of_32,Belgium,0.01248,1897.7
Ecuador,round_of_32,Canada,0.01084,1835.5
Ecuador,round_of_32,Senegal,0.01014,1834.5
Ecuador,round_of_32,Portugal,0.00954,1995.2
Ecuador,round_of_32,Switzerland,0.00876,1892.8
Ecuador,round_of_32,Iran,0.0076,1788.7
Ecuador,round_of_32,South Korea,0.00584,1771.5
Ecuador,round_of_32,New Zealand,0.00276,1551.7
Ecuador,round_of_32,DR Congo,0.00148,1680.2
Ecuador,round_of_32,Uzbekistan,0.00044,1673.2
Ecuador,round_of_32,Ghana,0.00042,1527.5
Ecuador,round_of_32,Iraq,0.0004,1583.0
Ecuador,round_of_32,Croatia,0.00038,1867.1
Ecuador,round_of_32,Australia,0.00024,1806.2
Ecuador,round_of_32,Panama,0.00012,1673.3
Ecuador,round_of_32,Paraguay,0.0001,1826.8
Ecuador,semi_final,Argentina,0.00392,2165.3
Ecuador,semi_final,France,0.00276,2121.4
Ecuador,semi_final,Colombia,0.00158,2005.8
Ecuador,semi_final,England,0.00106,2076.8
Ecuador,semi_final,Germany,0.0008,1997.8
Ecuador,semi_final,Netherlands,0.0008,1988.0
Ecuador,semi_final,Brazil,0.00074,2020.0
Ecuador,semi_final,Norway,0.00068,1936.7
Ecuador,semi_final,Switzerland,0.00068,1892.8
Ecuador,semi_final,Portugal,0.00056,1995.2
Ecuador,semi_final,Morocco,0.00054,1896.5
Ecuador,semi_final,Mexico,0.0005,1973.7
Ecuador,semi_final,Japan,0.00048,1966.0
Ecuador,semi_final,Canada,0.00046,1835.5
Ecuador,semi_final,Austria,0.00024,1894.3
Ecuador,semi_final,South Korea,0.00024,1771.5
Ecuador,semi_final,Spain,0.00022,2156.2
Ecuador,semi_final,Belgium,0.00018,1897.7
Ecuador,semi_final,Paraguay,0.00018,1826.8
Ecuador,semi_final,Australia,0.0001,1806.2
Ecuador,semi_final,Iran,0.0001,1788.7
Ecuador,semi_final,Scotland,0.0001,1773.8
Ecuador,semi_final,Ivory Coast,8e-05,1764.0
Ecuador,semi_final,Algeria,6e-05,1784.8
Ecuador,semi_final,Croatia,6e-05,1867.1
Ecuador,semi_final,Egypt,6e-05,1718.7
Ecuador,semi_final,Senegal,6e-05,1834.5
Ecuador,semi_final,Sweden,4e-05,1725.7
Ecuador,semi_final,Turkey,4e-05,1824.0
Ecuador,semi_final,DR Congo,2e-05,1680.2
Ecuador,semi_final,Jordan,2e-05,1612.9
Ecuador,semi_final,Uruguay,2e-05,1840.2
Egypt,final,Argentina,0.00076,2165.3
Egypt,final,France,0.00036,2121.4
Egypt,final,Spain,0.00036,2156.2
Egypt,final,Portugal,0.0003,1995.2
Egypt,final,Colombia,0.00024,2005.8
Egypt,final,England,0.00022,2076.8
Egypt,final,Brazil,0.00016,2020.0
Egypt,final,Mexico,0.00016,1973.7
Egypt,final,Japan,0.0001,1966.0
Egypt,final,Netherlands,0.0001,1988.0
Egypt,final,Austria,8e-05,1894.3
Egypt,final,Belgium,8e-05,1897.7
Egypt,final,Germany,8e-05,1997.8
Egypt,final,United States,8e-05,1866.7
Egypt,final,Switzerland,6e-05,1892.8
Egypt,final,Croatia,4e-05,1867.1
Egypt,final,South Korea,4e-05,1771.5
Egypt,final,Australia,2e-05,1806.2
Egypt,final,Canada,2e-05,1835.5
Egypt,final,DR Congo,2e-05,1680.2
Egypt,final,Ivory Coast,2e-05,1764.0
Egypt,final,Morocco,2e-05,1896.5
Egypt,final,Norway,2e-05,1936.7
Egypt,quarter_final,Spain,0.02606,2156.2
Egypt,quarter_final,Argentina,0.01444,2165.3
Egypt,quarter_final,Colombia,0.00854,2005.8
Egypt,quarter_final,Portugal,0.00808,1995.2
Egypt,quarter_final,Austria,0.00558,1894.3
Egypt,quarter_final,Croatia,0.00438,1867.1
Egypt,quarter_final,Belgium,0.00182,1897.7
Egypt,quarter_final,Iran,0.00158,1788.7
Egypt,quarter_final,Switzerland,0.0014,1892.8
Egypt,quarter_final,Canada,0.00134,1835.5
Egypt,quarter_final,Australia,0.00122,1806.2
Egypt,quarter_final,Uruguay,0.001,1840.2
Egypt,quarter_final,Paraguay,0.00084,1826.8
Egypt,quarter_final,England,0.00078,2076.8
Egypt,quarter_final,Algeria,0.00066,1784.8
Egypt,quarter_final,DR Congo,0.00066,1680.2
Egypt,quarter_final,Senegal,0.00034,1834.5
Egypt,quarter_final,Uzbekistan,0.00034,1673.2
Egypt,quarter_final,Cape Verde,0.00026,1634.0
Egypt,quarter_final,Ghana,0.00022,1527.5
Egypt,quarter_final,Ecuador,0.0002,1869.7
Egypt,quarter_final,Norway,0.0002,1936.7
Egypt,quarter_final,Panama,0.00016,1673.3
Egypt,quarter_final,Netherlands,0.00012,1988.0
Egypt,quarter_final,Japan,0.0001,1966.0
Egypt,quarter_final,Morocco,8e-05,1896.5
Egypt,quarter_final,New Zealand,6e-05,1551.7
Egypt,quarter_final,Saudi Arabia,6e-05,1567.9
Egypt,quarter_final,France,4e-05,2121.4
Egypt,quarter_final,South Korea,4e-05,1771.5
Egypt,quarter_final,United States,4e-05,1866.7
Egypt,quarter_final,Iraq,2e-05,1583.0
Egypt,quarter_final,Jordan,2e-05,1612.9
Egypt,round_of_16,United States,0.0965,1866.7
Egypt,round_of_16,Argentina,0.06502,2165.3
Egypt,round_of_16,Colombia,0.03748,2005.8
Egypt,round_of_16,Portugal,0.01592,1995.2
Egypt,round_of_16,Bosnia and Herzegovina,0.01236,1574.5
Egypt,round_of_16,Austria,0.0103,1894.3
Egypt,round_of_16,Senegal,0.0071,1834.5
Egypt,round_of_16,Ecuador,0.0039,1869.7
Egypt,round_of_16,Cape Verde,0.00368,1634.0
Egypt,round_of_16,Norway,0.00358,1936.7
Egypt,round_of_16,Croatia,0.00342,1867.1
Egypt,round_of_16,Spain,0.00308,2156.2
Egypt,round_of_16,Ghana,0.00262,1527.5
Egypt,round_of_16,DR Congo,0.00198,1680.2
Egypt,round_of_16,Qatar,0.0019,1402.7
Egypt,round_of_16,Algeria,0.00176,1784.8
Egypt,round_of_16,Germany,0.00154,1997.8
Egypt,round_of_16,Uruguay,0.00144,1840.2
Egypt,round_of_16,Panama,0.00138,1673.3
Egypt,round_of_16,Australia,0.0012,1806.2
Egypt,round_of_16,Ivory Coast,0.0012,1764.0
Egypt,round_of_16,Saudi Arabia,0.00112,1567.9
Egypt,round_of_16,Switzerland,0.00084,1892.8
Egypt,round_of_16,Iraq,0.00074,1583.0
Egypt,round_of_16,Paraguay,0.00068,1826.8
Egypt,round_of_16,Sweden,0.0006,1725.7
Egypt,round_of_16,France,0.00052,2121.4
Egypt,round_of_16,Uzbekistan,0.00048,1673.2
Egypt,round_of_16,Jordan,0.00042,1612.9
Egypt,round_of_16,Japan,0.00034,1966.0
Egypt,round_of_16,England,0.00026,2076.8
Egypt,round_of_16,Turkey,0.00022,1824.0
Egypt,round_of_16,Curacao,0.00012,1421.3
Egypt,round_of_16,Canada,6e-05,1835.5
Egypt,round_of_16,Czechia,4e-05,1700.3
Egypt,round_of_16,Scotland,4e-05,1773.8
Egypt,round_of_16,Brazil,2e-05,2020.0
Egypt,round_of_16,Morocco,2e-05,1896.5
Egypt,round_of_16,Netherlands,2e-05,1988.0
Egypt,round_of_32,Australia,0.13194,1806.2
Egypt,round_of_32,Canada,0.12996,1835.5
Egypt,round_of_32,Switzerland,0.09522,1892.8
Egypt,round_of_32,Paraguay,0.08158,1826.8
Egypt,round_of_32,Uruguay,0.04264,1840.2
Egypt,round_of_32,South Korea,0.03946,1771.5
Egypt,round_of_32,Czechia,0.0387,1700.3
Egypt,round_of_32,Senegal,0.03338,1834.5
Egypt,round_of_32,Algeria,0.02552,1784.8
Egypt,round_of_32,Norway,0.01814,1936.7
Egypt,round_of_32,Cape Verde,0.01522,1634.0
Egypt,round_of_32,Austria,0.01442,1894.3
Egypt,round_of_32,France,0.01368,2121.4
Egypt,round_of_32,Ecuador,0.01276,1869.7
Egypt,round_of_32,Jordan,0.01066,1612.9
Egypt,round_of_32,Spain,0.00846,2156.2
Egypt,round_of_32,Iraq,0.00708,1583.0
Egypt,round_of_32,South Africa,0.00666,1499.3
Egypt,round_of_32,Saudi Arabia,0.00636,1567.9
Egypt,round_of_32,Ivory Coast,0.00616,1764.0
Egypt,round_of_32,United States,0.00198,1866.7
Egypt,round_of_32,Curacao,0.00156,1421.3
Egypt,round_of_32,Argentina,0.00046,2165.3
Egypt,semi_final,France,0.00336,2121.4
Egypt,semi_final,England,0.0021,2076.8
Egypt,semi_final,Germany,0.00184,1997.8
Egypt,semi_final,Netherlands,0.00166,1988.0
Egypt,semi_final,Brazil,0.00154,2020.0
Egypt,semi_final,Norway,0.00114,1936.7
Egypt,semi_final,Japan,0.00098,1966.0
Egypt,semi_final,Mexico,0.00088,1973.7
Egypt,semi_final,Morocco,0.00076,1896.5
Egypt,semi_final,Switzerland,0.00036,1892.8
Egypt,semi_final,South Korea,0.00022,1771.5
Egypt,semi_final,Australia,0.00018,1806.2
Egypt,semi_final,Spain,0.00016,2156.2
Egypt,semi_final,Canada,0.00014,1835.5
Egypt,semi_final,Senegal,0.00012,1834.5
Egypt,semi_final,Paraguay,0.0001,1826.8
Egypt,semi_final,Scotland,0.0001,1773.8
Egypt,semi_final,Ivory Coast,8e-05,1764.0
Egypt,semi_final,Portugal,8e-05,1995.2
Egypt,semi_final,Sweden,8e-05,1725.7
Egypt,semi_final,Belgium,6e-05,1897.7
Egypt,semi_final,Ecuador,6e-05,1869.7
Egypt,semi_final,Colombia,4e-05,2005.8
Egypt,semi_final,Algeria,2e-05,1784.8
Egypt,semi_final,Austria,2e-05,1894.3
Egypt,semi_final,Croatia,2e-05,1867.1
Egypt,semi_final,Turkey,2e-05,1824.0
Egypt,semi_final,Uzbekistan,2e-05,1673.2
England,final,Spain,0.04684,2156.2
England,final,France,0.03382,2121.4
England,final,Germany,0.01494,1997.8
England,final,Netherlands,0.00974,1988.0
England,final,Argentina,0.0086,2165.3
England,final,United States,0.00682,1866.7
England,final,Portugal,0.0066,1995.2
England,final,Japan,0.00502,1966.0
England,final,Brazil,0.005,2020.0
England,final,Colombia,0.00444,2005.8
England,final,Norway,0.0039,1936.7
England,final,Austria,0.00374,1894.3
England,final,Morocco,0.00336,1896.5
England,final,Switzerland,0.0032,1892.8
England,final,Belgium,0.00308,1897.7
England,final,Croatia,0.00256,1867.1
England,final,Canada,0.00138,1835.5
England,final,South Korea,0.00102,1771.5
England,final,Mexico,0.00096,1973.7
England,final,Uruguay,0.00082,1840.2
England,final,Algeria,0.00074,1784.8
England,final,Senegal,0.00062,1834.5
England,final,Paraguay,0.00058,1826.8
England,final,Iran,0.00048,1788.7
England,final,Ecuador,0.0004,1869.7
England,final,Scotland,0.00038,1773.8
England,final,Sweden,0.00028,1725.7
England,final,Australia,0.00026,1806.2
England,final,Turkey,0.00024,1824.0
England,final,Egypt,0.00022,1718.7
England,final,Czechia,0.0001,1700.3
England,final,DR Congo,0.0001,1680.2
England,final,Ivory Coast,6e-05,1764.0
England,final,Panama,6e-05,1673.3
England,final,Cape Verde,2e-05,1634.0
England,final,Ghana,2e-05,1527.5
England,quarter_final,Brazil,0.11182,2020.0
England,quarter_final,Norway,0.08928,1936.7
England,quarter_final,Japan,0.07746,1966.0
England,quarter_final,France,0.07062,2121.4
England,quarter_final,Netherlands,0.04566,1988.0
England,quarter_final,Morocco,0.0405,1896.5
England,quarter_final,Ivory Coast,0.03384,1764.0
England,quarter_final,Senegal,0.02248,1834.5
England,quarter_final,Sweden,0.00534,1725.7
England,quarter_final,United States,0.00502,1866.7
England,quarter_final,Ecuador,0.0044,1869.7
England,quarter_final,Belgium,0.00226,1897.7
England,quarter_final,Scotland,0.002,1773.8
England,quarter_final,Argentina,0.00172,2165.3
England,quarter_final,Egypt,0.00078,1718.7
England,quarter_final,Iran,0.00078,1788.7
England,quarter_final,Austria,0.00058,1894.3
England,quarter_final,Uruguay,0.00056,1840.2
England,quarter_final,Algeria,0.00054,1784.8
England,quarter_final,Germany,0.0004,1997.8
England,quarter_final,Spain,0.00038,2156.2
England,quarter_final,Bosnia and Herzegovina,0.00028,1574.5
England,quarter_final,Czechia,0.00028,1700.3
England,quarter_final,Iraq,0.00028,1583.0
England,quarter_final,South Korea,0.00026,1771.5
England,quarter_final,Paraguay,0.0002,1826.8
England,quarter_final,Australia,0.00018,1806.2
England,quarter_final,Curacao,0.00014,1421.3
England,quarter_final,Cape Verde,8e-05,1634.0
England,quarter_final,Jordan,6e-05,1612.9
England,quarter_final,Saudi Arabia,6e-05,1567.9
England,quarter_final,New Zealand,4e-05,1551.7
England,quarter_final,Switzerland,4e-05,1892.8
England,quarter_final,South Africa,2e-05,1499.3
England,round_of_16,Mexico,0.48346,1973.7
England,round_of_16,Scotland,0.1139,1773.8
England,round_of_16,Brazil,0.048,2020.0
England,round_of_16,Spain,0.03086,2156.2
England,round_of_16,Ecuador,0.02228,1869.7
England,round_of_16,Uruguay,0.02156,1840.2
England,round_of_16,South Korea,0.0207,1771.5
England,round_of_16,Senegal,0.00718,1834.5
England,round_of_16,Ivory Coast,0.00652,1764.0
England,round_of_16,Cape Verde,0.00512,1634.0
England,round_of_16,Austria,0.00506,1894.3
England,round_of_16,Morocco,0.00466,1896.5
England,round_of_16,Norway,0.00428,1936.7
England,round_of_16,Argentina,0.00238,2165.3
England,round_of_16,Canada,0.00148,1835.5
England,round_of_16,Saudi Arabia,0.00142,1567.9
England,round_of_16,Algeria,0.00112,1784.8
England,round_of_16,Sweden,0.00098,1725.7
England,round_of_16,Switzerland,0.00078,1892.8
England,round_of_16,Haiti,0.00066,1503.7
England,round_of_16,France,0.00058,2121.4
England,round_of_16,Curacao,0.00042,1421.3
England,round_of_16,Japan,0.00038,1966.0
England,round_of_16,Iraq,0.0003,1583.0
England,round_of_16,Egypt,0.00026,1718.7
England,round_of_16,Belgium,0.00022,1897.7
England,round_of_16,Iran,0.00022,1788.7
England,round_of_16,Jordan,8e-05,1612.9
England,round_of_16,New Zealand,8e-05,1551.7
England,round_of_32,DR Congo,0.26888,1680.2
England,round_of_32,Uzbekistan,0.22536,1673.2
England,round_of_32,Portugal,0.14384,1995.2
England,round_of_32,Senegal,0.12934,1834.5
England,round_of_32,Colombia,0.08668,2005.8
England,round_of_32,Norway,0.05414,1936.7
England,round_of_32,Iraq,0.02698,1583.0
England,round_of_32,Algeria,0.01574,1784.8
England,round_of_32,Ecuador,0.01446,1869.7
England,round_of_32,Austria,0.00976,1894.3
England,round_of_32,Ivory Coast,0.00624,1764.0
England,round_of_32,Jordan,0.00604,1612.9
England,round_of_32,France,0.00492,2121.4
England,round_of_32,Uruguay,0.00254,1840.2
England,round_of_32,Curacao,0.0017,1421.3
England,round_of_32,Cape Verde,0.00086,1634.0
England,round_of_32,Spain,0.00066,2156.2
England,round_of_32,Argentina,0.00044,2165.3
England,round_of_32,Saudi Arabia,0.00038,1567.9
England,semi_final,Argentina,0.1553,2165.3
England,semi_final,Colombia,0.0498,2005.8
England,semi_final,Portugal,0.02242,1995.2
England,semi_final,Switzerland,0.01292,1892.8
England,semi_final,Austria,0.01172,1894.3
England,semi_final,Belgium,0.01162,1897.7
England,semi_final,Canada,0.00992,1835.5
England,semi_final,Australia,0.00822,1806.2
England,semi_final,Spain,0.00738,2156.2
England,semi_final,Paraguay,0.00656,1826.8
England,semi_final,Iran,0.00508,1788.7
England,semi_final,France,0.00414,2121.4
England,semi_final,Norway,0.0025,1936.7
England,semi_final,Croatia,0.00234,1867.1
England,semi_final,Egypt,0.0021,1718.7
England,semi_final,Senegal,0.002,1834.5
England,semi_final,Algeria,0.00168,1784.8
England,semi_final,Germany,0.00166,1997.8
England,semi_final,Netherlands,0.00138,1988.0
England,semi_final,Ecuador,0.00106,1869.7
England,semi_final,Uruguay,0.00092,1840.2
England,semi_final,Cape Verde,0.00084,1634.0
England,semi_final,Japan,0.00074,1966.0
England,semi_final,Brazil,0.00072,2020.0
England,semi_final,Morocco,0.00044,1896.5
England,semi_final,DR Congo,0.00036,1680.2
England,semi_final,Mexico,0.00036,1973.7
England,semi_final,Ivory Coast,0.00024,1764.0
England,semi_final,New Zealand,0.0002,1551.7
England,semi_final,Saudi Arabia,0.00018,1567.9
England,semi_final,Turkey,0.00018,1824.0
England,semi_final,Ghana,0.00016,1527.5
England,semi_final,Panama,0.00014,1673.3
England,semi_final,Scotland,0.0001,1773.8
England,semi_final,South Korea,0.0001,1771.5
England,semi_final,Sweden,0.0001,1725.7
England,semi_final,United States,0.0001,1866.7
England,semi_final,Uzbekistan,0.0001,1673.2
England,semi_final,Jordan,8e-05,1612.9
England,semi_final,Iraq,2e-05,1583.0
France,final,Argentina,0.06712,2165.3
France,final,England,0.03382,2076.8
France,final,Spain,0.02018,2156.2
France,final,Colombia,0.01808,2005.8
France,final,Brazil,0.01494,2020.0
France,final,Norway,0.01166,1936.7
France,final,Mexico,0.01152,1973.7
France,final,Portugal,0.01096,1995.2
France,final,Japan,0.00772,1966.0
France,final,Netherlands,0.00706,1988.0
France,final,Germany,0.00592,1997.8
France,final,Belgium,0.00438,1897.7
France,final,Switzerland,0.00432,1892.8
France,final,Austria,0.00392,1894.3
France,final,Morocco,0.00334,1896.5
France,final,Canada,0.0028,1835.5
France,final,United States,0.00268,1866.7
France,final,Senegal,0.00218,1834.5
France,final,Paraguay,0.0015,1826.8
France,final,Croatia,0.00144,1867.1
France,final,Australia,0.0013,1806.2
France,final,Ecuador,0.00092,1869.7
France,final,Iran,0.00088,1788.7
France,final,Uruguay,0.00074,1840.2
France,final,Scotland,0.00072,1773.8
France,final,Ivory Coast,0.0007,1764.0
France,final,South Korea,0.0005,1771.5
France,final,Algeria,0.00044,1784.8
France,final,Egypt,0.00036,1718.7
France,final,Sweden,0.0002,1725.7
France,final,Cape Verde,0.00012,1634.0
France,final,Turkey,0.00012,1824.0
France,final,DR Congo,0.0001,1680.2
France,final,Panama,8e-05,1673.3
France,final,Czechia,4e-05,1700.3
France,final,Jordan,4e-05,1612.9
France,final,Uzbekistan,4e-05,1673.2
France,final,Bosnia and Herzegovina,2e-05,1574.5
France,final,Ghana,2e-05,1527.5
France,final,Iraq,2e-05,1583.0
France,final,New Zealand,2e-05,1551.7
France,final,Saudi Arabia,2e-05,1567.9
France,quarter_final,Netherlands,0.12248,1988.0
France,quarter_final,England,0.07062,2076.8
France,quarter_final,Switzerland,0.06654,1892.8
France,quarter_final,Morocco,0.06188,1896.5
France,quarter_final,Japan,0.04874,1966.0
France,quarter_final,Brazil,0.0476,2020.0
France,quarter_final,Mexico,0.04498,1973.7
France,quarter_final,South Korea,0.03974,1771.5
France,quarter_final,Canada,0.03794,1835.5
France,quarter_final,Scotland,0.01208,1773.8
France,quarter_final,Portugal,0.00498,1995.2
France,quarter_final,Spain,0.00356,2156.2
France,quarter_final,Senegal,0.00334,1834.5
France,quarter_final,Colombia,0.00256,2005.8
France,quarter_final,Argentina,0.00228,2165.3
France,quarter_final,Ecuador,0.00168,1869.7
France,quarter_final,Sweden,0.00156,1725.7
France,quarter_final,Uruguay,0.00146,1840.2
France,quarter_final,Croatia,0.00144,1867.1
France,quarter_final,Czechia,0.00136,1700.3
France,quarter_final,DR Congo,0.00126,1680.2
France,quarter_final,Uzbekistan,0.00092,1673.2
France,quarter_final,Austria,0.0008,1894.3
France,quarter_final,South Africa,0.0007,1499.3
France,quarter_final,Ivory Coast,0.00066,1764.0
France,quarter_final,Norway,0.00038,1936.7
France,quarter_final,Algeria,0.0003,1784.8
France,quarter_final,Bosnia and Herzegovina,0.00024,1574.5
France,quarter_final,Cape Verde,0.00024,1634.0
France,quarter_final,Paraguay,0.00022,1826.8
France,quarter_final,Australia,0.00018,1806.2
France,quarter_final,Belgium,0.00016,1897.7
France,quarter_final,Iraq,0.00016,1583.0
France,quarter_final,Ghana,0.00014,1527.5
France,quarter_final,Iran,0.00014,1788.7
France,quarter_final,Panama,0.00012,1673.3
France,quarter_final,Egypt,4e-05,1718.7
France,quarter_final,Curacao,2e-05,1421.3
France,round_of_16,Germany,0.44102,1997.8
France,round_of_16,Brazil,0.08688,2020.0
France,round_of_16,Paraguay,0.07104,1826.8
France,round_of_16,Japan,0.05846,1966.0
France,round_of_16,Australia,0.04418,1806.2
France,round_of_16,Morocco,0.03714,1896.5
France,round_of_16,Netherlands,0.03242,1988.0
France,round_of_16,Scotland,0.02836,1773.8
France,round_of_16,Turkey,0.02648,1824.0
France,round_of_16,Sweden,0.00934,1725.7
France,round_of_16,United States,0.00268,1866.7
France,round_of_16,Mexico,0.00164,1973.7
France,round_of_16,Canada,0.00118,1835.5
France,round_of_16,Ivory Coast,0.00118,1764.0
France,round_of_16,Switzerland,0.00118,1892.8
France,round_of_16,Belgium,0.0007,1897.7
France,round_of_16,England,0.00058,2076.8
France,round_of_16,Egypt,0.00052,1718.7
France,round_of_16,Czechia,0.0005,1700.3
France,round_of_16,Iran,0.00048,1788.7
France,round_of_16,South Korea,0.00046,1771.5
France,round_of_16,Algeria,0.00038,1784.8
France,round_of_16,Bosnia and Herzegovina,0.00038,1574.5
France,round_of_16,Austria,0.00024,1894.3
France,round_of_16,Portugal,0.00024,1995.2
France,round_of_16,Spain,0.00024,2156.2
France,round_of_16,Colombia,0.00022,2005.8
France,round_of_16,Uruguay,0.0002,1840.2
France,round_of_16,New Zealand,0.00018,1551.7
France,round_of_16,Ecuador,0.00012,1869.7
France,round_of_16,Haiti,8e-05,1503.7
France,round_of_16,Ghana,6e-05,1527.5
France,round_of_16,Cape Verde,4e-05,1634.0
France,round_of_16,Qatar,4e-05,1402.7
France,round_of_16,Uzbekistan,4e-05,1673.2
France,round_of_16,Croatia,2e-05,1867.1
France,round_of_16,Jordan,2e-05,1612.9
France,round_of_16,Panama,2e-05,1673.3
France,round_of_16,Saudi Arabia,2e-05,1567.9
France,round_of_32,Sweden,0.53232,1725.7
France,round_of_32,Ivory Coast,0.20726,1764.0
France,round_of_32,Japan,0.11404,1966.0
France,round_of_32,Paraguay,0.02268,1826.8
France,round_of_32,Curacao,0.02044,1421.3
France,round_of_32,Australia,0.0167,1806.2
France,round_of_32,Egypt,0.01368,1718.7
France,round_of_32,Ecuador,0.01284,1869.7
France,round_of_32,Iran,0.01118,1788.7
France,round_of_32,Turkey,0.00964,1824.0
France,round_of_32,Belgium,0.00764,1897.7
France,round_of_32,New Zealand,0.00604,1551.7
France,round_of_32,England,0.00492,2076.8
France,round_of_32,Colombia,0.00356,2005.8
France,round_of_32,Uruguay,0.003,1840.2
France,round_of_32,United States,0.00214,1866.7
France,round_of_32,Netherlands,0.0019,1988.0
France,round_of_32,Portugal,0.00166,1995.2
France,round_of_32,Germany,0.00154,1997.8
France,round_of_32,Cape Verde,0.00144,1634.0
France,round_of_32,Mexico,0.00102,1973.7
France,round_of_32,Spain,0.001,2156.2
France,round_of_32,Saudi Arabia,0.00064,1567.9
France,round_of_32,DR Congo,0.00044,1680.2
France,round_of_32,Canada,0.00034,1835.5
France,round_of_32,Scotland,0.00022,1773.8
France,round_of_32,Ghana,0.00018,1527.5
France,round_of_32,Switzerland,0.00018,1892.8
France,round_of_32,Brazil,0.00014,2020.0
France,round_of_32,South Korea,0.0001,1771.5
France,round_of_32,Croatia,4e-05,1867.1
France,round_of_32,Tunisia,4e-05,1530.8
France,round_of_32,Morocco,2e-05,1896.5
France,round_of_32,Panama,2e-05,1673.3
France,round_of_32,Uzbekistan,2e-05,1673.2
France,semi_final,Spain,0.13938,2156.2
France,semi_final,Argentina,0.05948,2165.3
France,semi_final,United States,0.0386,1866.7
France,semi_final,Portugal,0.03188,1995.2
France,semi_final,Colombia,0.0286,2005.8
France,semi_final,Austria,0.02038,1894.3
France,semi_final,Belgium,0.01954,1897.7
France,semi_final,Croatia,0.01478,1867.1
France,semi_final,Uruguay,0.00544,1840.2
France,semi_final,Iran,0.0051,1788.7
France,semi_final,Algeria,0.00458,1784.8
France,semi_final,England,0.00414,2076.8
France,semi_final,Norway,0.00402,1936.7
France,semi_final,Senegal,0.0038,1834.5
France,semi_final,Switzerland,0.0036,1892.8
France,semi_final,Canada,0.00356,1835.5
France,semi_final,Egypt,0.00336,1718.7
France,semi_final,Ecuador,0.00276,1869.7
France,semi_final,Australia,0.00226,1806.2
France,semi_final,South Korea,0.00174,1771.5
France,semi_final,Paraguay,0.00154,1826.8
France,semi_final,DR Congo,0.00132,1680.2
France,semi_final,Czechia,0.00082,1700.3
France,semi_final,Germany,0.00068,1997.8
France,semi_final,Cape Verde,0.0006,1634.0
France,semi_final,Bosnia and Herzegovina,0.00054,1574.5
France,semi_final,Uzbekistan,0.0005,1673.2
France,semi_final,Ivory Coast,0.0004,1764.0
France,semi_final,Netherlands,0.0004,1988.0
France,semi_final,Brazil,0.00036,2020.0
France,semi_final,Japan,0.00036,1966.0
France,semi_final,Mexico,0.00036,1973.7
France,semi_final,Panama,0.00028,1673.3
France,semi_final,New Zealand,0.00026,1551.7
France,semi_final,Morocco,0.00022,1896.5
France,semi_final,Ghana,0.00018,1527.5
France,semi_final,Jordan,0.00018,1612.9
France,semi_final,Saudi Arabia,0.00014,1567.9
France,semi_final,Sweden,0.00012,1725.7
France,semi_final,Qatar,8e-05,1402.7
France,semi_final,Iraq,4e-05,1583.0
France,semi_final,Scotland,4e-05,1773.8
France,semi_final,South Africa,2e-05,1499.3
Germany,final,Argentina,0.02954,2165.3
Germany,final,England,0.01494,2076.8
Germany,final,Colombia,0.0067,2005.8
Germany,final,France,0.00592,2121.4
Germany,final,Brazil,0.00546,2020.0
Germany,final,Mexico,0.00512,1973.7
Germany,final,Portugal,0.0037,1995.2
Germany,final,Norway,0.00276,1936.7
Germany,final,Spain,0.00262,2156.2
Germany,final,Japan,0.0024,1966.0
Germany,final,Netherlands,0.0015,1988.0
Germany,final,Austria,0.00146,1894.3
Germany,final,Switzerland,0.0013,1892.8
Germany,final,Canada,0.00106,1835.5
Germany,final,Morocco,0.00094,1896.5
Germany,final,Belgium,0.00082,1897.7
Germany,final,Australia,0.0006,1806.2
Germany,final,Senegal,0.00058,1834.5
Germany,final,Paraguay,0.0005,1826.8
Germany,final,Iran,0.00042,1788.7
Germany,final,Croatia,0.00034,1867.1
Germany,final,Ecuador,0.0003,1869.7
Germany,final,Scotland,0.0003,1773.8
Germany,final,Ivory Coast,0.00026,1764.0
Germany,final,Algeria,0.00022,1784.8
Germany,final,Uruguay,0.00016,1840.2
Germany,final,Egypt,8e-05,1718.7
Germany,final,DR Congo,6e-05,1680.2
Germany,final,Cape Verde,4e-05,1634.0
Germany,final,New Zealand,4e-05,1551.7
Germany,final,South Korea,4e-05,1771.5
Germany,final,Saudi Arabia,2e-05,1567.9
Germany,final,Uzbekistan,2e-05,1673.2
Germany,quarter_final,Netherlands,0.0887,1988.0
Germany,quarter_final,Switzerland,0.05038,1892.8
Germany,quarter_final,Morocco,0.04646,1896.5
Germany,quarter_final,Japan,0.03566,1966.0
Germany,quarter_final,Brazil,0.03246,2020.0
Germany,quarter_final,Canada,0.0287,1835.5
Germany,quarter_final,South Korea,0.0278,1771.5
Germany,quarter_final,Mexico,0.00568,1973.7
Germany,quarter_final,Scotland,0.00468,1773.8
Germany,quarter_final,Sweden,0.0012,1725.7
Germany,quarter_final,Czechia,0.00098,1700.3
Germany,quarter_final,South Africa,0.00064,1499.3
Germany,quarter_final,England,0.0004,2076.8
Germany,quarter_final,Bosnia and Herzegovina,0.0001,1574.5
Germany,quarter_final,Ecuador,6e-05,1869.7
Germany,quarter_final,DR Congo,2e-05,1680.2
Germany,quarter_final,Norway,2e-05,1936.7
Germany,quarter_final,Portugal,2e-05,1995.2
Germany,quarter_final,Senegal,2e-05,1834.5
Germany,quarter_final,Uzbekistan,2e-05,1673.2
Germany,round_of_16,France,0.44102,2121.4
Germany,round_of_16,Norway,0.1224,1936.7
Germany,round_of_16,Sweden,0.0764,1725.7
Germany,round_of_16,Japan,0.0404,1966.0
Germany,round_of_16,Senegal,0.00482,1834.5
Germany,round_of_16,Paraguay,0.00468,1826.8
Germany,round_of_16,Australia,0.00312,1806.2
Germany,round_of_16,Turkey,0.0022,1824.0
Germany,round_of_16,Iran,0.00182,1788.7
Germany,round_of_16,Belgium,0.0017,1897.7
Germany,round_of_16,Egypt,0.00154,1718.7
Germany,round_of_16,Netherlands,0.00104,1988.0
Germany,round_of_16,Brazil,0.001,2020.0
Germany,round_of_16,Spain,0.00074,2156.2
Germany,round_of_16,Uruguay,0.00058,1840.2
Germany,round_of_16,New Zealand,0.00042,1551.7
Germany,round_of_16,Morocco,0.00036,1896.5
Germany,round_of_16,Iraq,0.00022,1583.0
Germany,round_of_16,Cape Verde,0.00012,1634.0
Germany,round_of_16,Saudi Arabia,4e-05,1567.9
Germany,round_of_16,Scotland,2e-05,1773.8
Germany,round_of_32,Paraguay,0.36774,1826.8
Germany,round_of_32,Australia,0.25248,1806.2
Germany,round_of_32,Scotland,0.1541,1773.8
Germany,round_of_32,Turkey,0.14104,1824.0
Germany,round_of_32,Brazil,0.04242,2020.0
Germany,round_of_32,Sweden,0.01884,1725.7
Germany,round_of_32,Morocco,0.0062,1896.5
Germany,round_of_32,Japan,0.00514,1966.0
Germany,round_of_32,Haiti,0.00236,1503.7
Germany,round_of_32,Norway,0.0023,1936.7
Germany,round_of_32,Czechia,0.00198,1700.3
Germany,round_of_32,South Korea,0.00194,1771.5
Germany,round_of_32,France,0.00154,2121.4
Germany,round_of_32,Senegal,0.0009,1834.5
Germany,round_of_32,South Africa,0.00052,1499.3
Germany,round_of_32,Bosnia and Herzegovina,0.0003,1574.5
Germany,round_of_32,Qatar,0.00012,1402.7
Germany,round_of_32,Netherlands,4e-05,1988.0
Germany,round_of_32,Iraq,2e-05,1583.0
Germany,round_of_32,Switzerland,2e-05,1892.8
Germany,semi_final,Spain,0.08212,2156.2
Germany,semi_final,United States,0.0237,1866.7
Germany,semi_final,Portugal,0.01516,1995.2
Germany,semi_final,Austria,0.01104,1894.3
Germany,semi_final,Argentina,0.00992,2165.3
Germany,semi_final,Colombia,0.00938,2005.8
Germany,semi_final,Belgium,0.00926,1897.7
Germany,semi_final,Croatia,0.00842,1867.1
Germany,semi_final,Uruguay,0.00348,1840.2
Germany,semi_final,Algeria,0.0027,1784.8
Germany,semi_final,Iran,0.00262,1788.7
Germany,semi_final,Senegal,0.0019,1834.5
Germany,semi_final,Egypt,0.00184,1718.7
Germany,semi_final,England,0.00166,2076.8
Germany,semi_final,Norway,0.00142,1936.7
Germany,semi_final,Ecuador,0.0008,1869.7
Germany,semi_final,South Korea,0.0008,1771.5
Germany,semi_final,France,0.00068,2121.4
Germany,semi_final,Czechia,0.0006,1700.3
Germany,semi_final,Bosnia and Herzegovina,0.00052,1574.5
Germany,semi_final,DR Congo,0.0005,1680.2
Germany,semi_final,Uzbekistan,0.00032,1673.2
Germany,semi_final,Switzerland,0.0002,1892.8
Germany,semi_final,Cape Verde,0.00016,1634.0
Germany,semi_final,Australia,0.00014,1806.2
Germany,semi_final,Panama,0.00014,1673.3
Germany,semi_final,Ivory Coast,0.00012,1764.0
Germany,semi_final,Ghana,0.0001,1527.5
Germany,semi_final,Jordan,0.0001,1612.9
Germany,semi_final,New Zealand,0.0001,1551.7
Germany,semi_final,Iraq,6e-05,1583.0
Germany,semi_final,Japan,6e-05,1966.0
Germany,semi_final,Saudi Arabia,4e-05,1567.9
Germany,semi_final,Paraguay,2e-05,1826.8
Germany,semi_final,Sweden,2e-05,1725.7
Ghana,final,Argentina,2e-05,2165.3
Ghana,final,Australia,2e-05,1806.2
Ghana,final,Brazil,2e-05,2020.0
Ghana,final,England,2e-05,2076.8
Ghana,final,France,2e-05,2121.4
Ghana,final,Mexico,2e-05,1973.7
Ghana,final,Spain,2e-05,2156.2
Ghana,final,Turkey,2e-05,1824.0
Ghana,quarter_final,Argentina,0.00396,2165.3
Ghana,quarter_final,Belgium,0.00078,1897.7
Ghana,quarter_final,United States,0.00066,1866.7
Ghana,quarter_final,Australia,0.00048,1806.2
Ghana,quarter_final,Austria,0.00048,1894.3
Ghana,quarter_final,Paraguay,0.00042,1826.8
Ghana,quarter_final,Iran,0.00028,1788.7
Ghana,quarter_final,Spain,0.00024,2156.2
Ghana,quarter_final,Egypt,0.00022,1718.7
Ghana,quarter_final,France,0.00014,2121.4
Ghana,quarter_final,Ecuador,0.00012,1869.7
Ghana,quarter_final,Brazil,0.0001,2020.0
Ghana,quarter_final,Cape Verde,0.0001,1634.0
Ghana,quarter_final,Japan,0.0001,1966.0
Ghana,quarter_final,Norway,0.0001,1936.7
Ghana,quarter_final,Senegal,0.0001,1834.5
Ghana,quarter_final,Uruguay,0.0001,1840.2
Ghana,quarter_final,Ivory Coast,8e-05,1764.0
Ghana,quarter_final,Morocco,8e-05,1896.5
Ghana,quarter_final,Bosnia and Herzegovina,6e-05,1574.5
Ghana,quarter_final,Netherlands,6e-05,1988.0
Ghana,quarter_final,South Korea,6e-05,1771.5
Ghana,quarter_final,Algeria,4e-05,1784.8
Ghana,quarter_final,Czechia,2e-05,1700.3
Ghana,quarter_final,Jordan,2e-05,1612.9
Ghana,quarter_final,Qatar,2e-05,1402.7
Ghana,quarter_final,Sweden,2e-05,1725.7
Ghana,round_of_16,Spain,0.02226,2156.2
Ghana,round_of_16,Canada,0.01248,1835.5
Ghana,round_of_16,Switzerland,0.00958,1892.8
Ghana,round_of_16,Austria,0.00696,1894.3
Ghana,round_of_16,Algeria,0.00354,1784.8
Ghana,round_of_16,Mexico,0.0029,1973.7
Ghana,round_of_16,Iran,0.00286,1788.7
Ghana,round_of_16,Argentina,0.00276,2165.3
Ghana,round_of_16,Egypt,0.00262,1718.7
Ghana,round_of_16,Belgium,0.00248,1897.7
Ghana,round_of_16,Uruguay,0.00184,1840.2
Ghana,round_of_16,Scotland,0.00084,1773.8
Ghana,round_of_16,New Zealand,0.00072,1551.7
Ghana,round_of_16,Jordan,0.00062,1612.9
Ghana,round_of_16,Ecuador,0.00058,1869.7
Ghana,round_of_16,Senegal,0.00036,1834.5
Ghana,round_of_16,Brazil,0.00028,2020.0
Ghana,round_of_16,Cape Verde,0.00016,1634.0
Ghana,round_of_16,South Korea,0.00016,1771.5
Ghana,round_of_16,Norway,0.00014,1936.7
Ghana,round_of_16,Ivory Coast,0.0001,1764.0
Ghana,round_of_16,France,6e-05,2121.4
Ghana,round_of_16,Iraq,6e-05,1583.0
Ghana,round_of_16,Sweden,6e-05,1725.7
Ghana,round_of_16,Curacao,4e-05,1421.3
Ghana,round_of_16,Morocco,2e-05,1896.5
Ghana,round_of_16,Saudi Arabia,2e-05,1567.9
Ghana,round_of_32,Colombia,0.33706,2005.8
Ghana,round_of_32,Portugal,0.21618,1995.2
Ghana,round_of_32,DR Congo,0.06548,1680.2
Ghana,round_of_32,Uzbekistan,0.0288,1673.2
Ghana,round_of_32,Senegal,0.00254,1834.5
Ghana,round_of_32,Norway,0.00122,1936.7
Ghana,round_of_32,Iraq,0.0007,1583.0
Ghana,round_of_32,Ecuador,0.00042,1869.7
Ghana,round_of_32,Algeria,0.00038,1784.8
Ghana,round_of_32,Austria,0.00022,1894.3
Ghana,round_of_32,France,0.00018,2121.4
Ghana,round_of_32,Ivory Coast,0.00016,1764.0
Ghana,round_of_32,Jordan,0.00012,1612.9
Ghana,round_of_32,Uruguay,4e-05,1840.2
Ghana,round_of_32,Curacao,2e-05,1421.3
Ghana,round_of_32,Saudi Arabia,2e-05,1567.9
Ghana,semi_final,France,0.00018,2121.4
Ghana,semi_final,Mexico,0.00018,1973.7
Ghana,semi_final,England,0.00016,2076.8
Ghana,semi_final,Germany,0.0001,1997.8
Ghana,semi_final,Norway,0.0001,1936.7
Ghana,semi_final,Brazil,6e-05,2020.0
Ghana,semi_final,Netherlands,6e-05,1988.0
Ghana,semi_final,Canada,4e-05,1835.5
Ghana,semi_final,Morocco,4e-05,1896.5
Ghana,semi_final,Colombia,2e-05,2005.8
Ghana,semi_final,Croatia,2e-05,1867.1
Ghana,semi_final,Japan,2e-05,1966.0
Ghana,semi_final,Senegal,2e-05,1834.5
Ghana,semi_final,Switzerland,2e-05,1892.8
Haiti,quarter_final,Brazil,2e-05,2020.0
Haiti,quarter_final,Canada,2e-05,1835.5
Haiti,quarter_final,Japan,2e-05,1966.0
Haiti,quarter_final,Norway,2e-05,1936.7
Haiti,round_of_16,England,0.00066,2076.8
Haiti,round_of_16,France,8e-05,2121.4
Haiti,round_of_16,Norway,4e-05,1936.7
Haiti,round_of_16,Paraguay,4e-05,1826.8
Haiti,round_of_16,Portugal,4e-05,1995.2
Haiti,round_of_16,Senegal,4e-05,1834.5
Haiti,round_of_16,Algeria,2e-05,1784.8
Haiti,round_of_16,Colombia,2e-05,2005.8
Haiti,round_of_16,Uzbekistan,2e-05,1673.2
Haiti,round_of_32,Mexico,0.0098,1973.7
Haiti,round_of_32,Germany,0.00236,1997.8
Haiti,round_of_32,South Korea,0.00042,1771.5
Haiti,round_of_32,Ivory Coast,2e-05,1764.0
Iran,final,Argentina,0.00142,2165.3
Iran,final,Spain,0.00108,2156.2
Iran,final,France,0.00088,2121.4
Iran,final,England,0.00048,2076.8
Iran,final,Germany,0.00042,1997.8
Iran,final,Netherlands,0.00042,1988.0
Iran,final,Brazil,0.0004,2020.0
Iran,final,Colombia,0.00036,2005.8
Iran,final,Belgium,0.00024,1897.7
Iran,final,Mexico,0.00024,1973.7
Iran,final,Portugal,0.00024,1995.2
Iran,final,United States,0.00018,1866.7
Iran,final,Japan,0.00016,1966.0
Iran,final,Austria,0.00014,1894.3
Iran,final,Morocco,0.00012,1896.5
Iran,final,Norway,0.00012,1936.7
Iran,final,Switzerland,0.00012,1892.8
Iran,final,Algeria,4e-05,1784.8
Iran,final,Canada,4e-05,1835.5
Iran,final,Senegal,4e-05,1834.5
Iran,final,Croatia,2e-05,1867.1
Iran,final,Ecuador,2e-05,1869.7
Iran,final,Paraguay,2e-05,1826.8
Iran,final,South Korea,2e-05,1771.5
Iran,final,Uruguay,2e-05,1840.2
Iran,quarter_final,Spain,0.02984,2156.2
Iran,quarter_final,Argentina,0.02102,2165.3
Iran,quarter_final,Colombia,0.01376,2005.8
Iran,quarter_final,Portugal,0.01102,1995.2
Iran,quarter_final,Austria,0.00744,1894.3
Iran,quarter_final,Croatia,0.00548,1867.1
Iran,quarter_final,Canada,0.003,1835.5
Iran,quarter_final,Switzerland,0.00292,1892.8
Iran,quarter_final,Belgium,0.00226,1897.7
Iran,quarter_final,Australia,0.00212,1806.2
Iran,quarter_final,Paraguay,0.0016,1826.8
Iran,quarter_final,Egypt,0.00158,1718.7
Iran,quarter_final,Uruguay,0.00122,1840.2
Iran,quarter_final,Algeria,0.0011,1784.8
Iran,quarter_final,Senegal,0.0008,1834.5
Iran,quarter_final,England,0.00078,2076.8
Iran,quarter_final,DR Congo,0.00072,1680.2
Iran,quarter_final,Cape Verde,0.0005,1634.0
Iran,quarter_final,Norway,0.0005,1936.7
Iran,quarter_final,Ghana,0.00028,1527.5
Iran,quarter_final,Netherlands,0.00026,1988.0
Iran,quarter_final,Panama,0.00022,1673.3
Iran,quarter_final,Uzbekistan,0.00022,1673.2
Iran,quarter_final,Ecuador,0.0002,1869.7
Iran,quarter_final,New Zealand,0.00016,1551.7
Iran,quarter_final,France,0.00014,2121.4
Iran,quarter_final,Saudi Arabia,0.00014,1567.9
Iran,quarter_final,Morocco,0.00012,1896.5
Iran,quarter_final,Japan,0.0001,1966.0
Iran,quarter_final,Brazil,8e-05,2020.0
Iran,quarter_final,Turkey,8e-05,1824.0
Iran,quarter_final,South Korea,6e-05,1771.5
Iran,quarter_final,Ivory Coast,4e-05,1764.0
Iran,quarter_final,Jordan,4e-05,1612.9
Iran,quarter_final,United States,4e-05,1866.7
Iran,quarter_final,Scotland,2e-05,1773.8
Iran,round_of_16,Argentina,0.09622,2165.3
Iran,round_of_16,United States,0.09436,1866.7
Iran,round_of_16,Colombia,0.04372,2005.8
Iran,round_of_16,Portugal,0.01968,1995.2
Iran,round_of_16,Austria,0.01578,1894.3
Iran,round_of_16,Bosnia and Herzegovina,0.01202,1574.5
Iran,round_of_16,Senegal,0.00676,1834.5
Iran,round_of_16,Cape Verde,0.00566,1634.0
Iran,round_of_16,Spain,0.0047,2156.2
Iran,round_of_16,Croatia,0.00418,1867.1
Iran,round_of_16,Norway,0.00398,1936.7
Iran,round_of_16,Ecuador,0.00316,1869.7
Iran,round_of_16,Algeria,0.0029,1784.8
Iran,round_of_16,Ghana,0.00286,1527.5
Iran,round_of_16,Qatar,0.002,1402.7
Iran,round_of_16,Saudi Arabia,0.00196,1567.9
Iran,round_of_16,Panama,0.00186,1673.3
Iran,round_of_16,Germany,0.00182,1997.8
Iran,round_of_16,Uruguay,0.0017,1840.2
Iran,round_of_16,DR Congo,0.00156,1680.2
Iran,round_of_16,Australia,0.00112,1806.2
Iran,round_of_16,Ivory Coast,0.00108,1764.0
Iran,round_of_16,Jordan,0.00074,1612.9
Iran,round_of_16,Paraguay,0.00074,1826.8
Iran,round_of_16,Switzerland,0.00056,1892.8
Iran,round_of_16,France,0.00048,2121.4
Iran,round_of_16,Iraq,0.00048,1583.0
Iran,round_of_16,Sweden,0.00046,1725.7
Iran,round_of_16,Uzbekistan,0.00034,1673.2
Iran,round_of_16,Turkey,0.00032,1824.0
Iran,round_of_16,Japan,0.00026,1966.0
Iran,round_of_16,England,0.00022,2076.8
Iran,round_of_16,Scotland,0.00012,1773.8
Iran,round_of_16,Curacao,8e-05,1421.3
Iran,round_of_16,Brazil,4e-05,2020.0
Iran,round_of_16,Canada,2e-05,1835.5
Iran,round_of_32,Australia,0.16216,1806.2
Iran,round_of_32,Canada,0.11536,1835.5
Iran,round_of_32,Paraguay,0.10414,1826.8
Iran,round_of_32,Switzerland,0.08474,1892.8
Iran,round_of_32,Algeria,0.04448,1784.8
Iran,round_of_32,South Korea,0.03132,1771.5
Iran,round_of_32,Czechia,0.02958,1700.3
Iran,round_of_32,Uruguay,0.0249,1840.2
Iran,round_of_32,Austria,0.0228,1894.3
Iran,round_of_32,Senegal,0.0188,1834.5
Iran,round_of_32,Jordan,0.0162,1612.9
Iran,round_of_32,Norway,0.01132,1936.7
Iran,round_of_32,France,0.01118,2121.4
Iran,round_of_32,Cape Verde,0.0105,1634.0
Iran,round_of_32,Ecuador,0.0076,1869.7
Iran,round_of_32,Spain,0.0058,2156.2
Iran,round_of_32,South Africa,0.00476,1499.3
Iran,round_of_32,Saudi Arabia,0.0046,1567.9
Iran,round_of_32,Ivory Coast,0.00388,1764.0
Iran,round_of_32,Iraq,0.00384,1583.0
Iran,round_of_32,United States,0.00266,1866.7
Iran,round_of_32,Curacao,0.0009,1421.3
Iran,round_of_32,Argentina,0.00088,2165.3
Iran,semi_final,France,0.0051,2121.4
Iran,semi_final,England,0.00508,2076.8
Iran,semi_final,Brazil,0.00294,2020.0
Iran,semi_final,Germany,0.00262,1997.8
Iran,semi_final,Netherlands,0.00218,1988.0
Iran,semi_final,Mexico,0.00198,1973.7
Iran,semi_final,Norway,0.00178,1936.7
Iran,semi_final,Japan,0.00156,1966.0
Iran,semi_final,Morocco,0.0013,1896.5
Iran,semi_final,Switzerland,0.00054,1892.8
Iran,semi_final,Canada,0.00038,1835.5
Iran,semi_final,Senegal,0.00034,1834.5
Iran,semi_final,South Korea,0.00034,1771.5
Iran,semi_final,Scotland,0.0003,1773.8
Iran,semi_final,Colombia,0.00024,2005.8
Iran,semi_final,Portugal,0.00024,1995.2
Iran,semi_final,Spain,0.00024,2156.2
Iran,semi_final,Ivory Coast,0.00018,1764.0
Iran,semi_final,Paraguay,0.00014,1826.8
Iran,semi_final,Sweden,0.00012,1725.7
Iran,semi_final,Ecuador,0.0001,1869.7
Iran,semi_final,Austria,6e-05,1894.3
Iran,semi_final,Croatia,6e-05,1867.1
Iran,semi_final,Australia,4e-05,1806.2
Iran,semi_final,DR Congo,4e-05,1680.2
Iran,semi_final,United States,4e-05,1866.7
Iran,semi_final,Algeria,2e-05,1784.8
Iran,semi_final,Belgium,2e-05,1897.7
Iran,semi_final,Czechia,2e-05,1700.3
Iran,semi_final,Uruguay,2e-05,1840.2
Iran,semi_final,Uzbekistan,2e-05,1673.2
Iraq,final,Argentina,2e-05,2165.3
Iraq,final,Australia,2e-05,1806.2
Iraq,final,France,2e-05,2121.4
Iraq,final,Spain,2e-05,2156.2
Iraq,quarter_final,Spain,0.00104,2156.2
Iraq,quarter_final,Argentina,0.0007,2165.3
Iraq,quarter_final,Portugal,0.00032,1995.2
Iraq,quarter_final,England,0.00028,2076.8
Iraq,quarter_final,Austria,0.00024,1894.3
Iraq,quarter_final,Colombia,0.00022,2005.8
Iraq,quarter_final,Croatia,0.00016,1867.1
Iraq,quarter_final,France,0.00016,2121.4
Iraq,quarter_final,Japan,0.00012,1966.0
Iraq,quarter_final,Brazil,0.0001,2020.0
Iraq,quarter_final,Mexico,0.0001,1973.7
Iraq,quarter_final,Norway,0.0001,1936.7
Iraq,quarter_final,DR Congo,4e-05,1680.2
Iraq,quarter_final,Netherlands,4e-05,1988.0
Iraq,quarter_final,Scotland,4e-05,1773.8
Iraq,quarter_final,Australia,2e-05,1806.2
Iraq,quarter_final,Canada,2e-05,1835.5
Iraq,quarter_final,Cape Verde,2e-05,1634.0
Iraq,quarter_final,Egypt,2e-05,1718.7
Iraq,quarter_final,Morocco,2e-05,1896.5
Iraq,quarter_final,Panama,2e-05,1673.3
Iraq,quarter_final,Paraguay,2e-05,1826.8
Iraq,quarter_final,Sweden,2e-05,1725.7
Iraq,quarter_final,Uruguay,2e-05,1840.2
Iraq,quarter_final,Uzbekistan,2e-05,1673.2
Iraq,round_of_16,United States,0.00446,1866.7
Iraq,round_of_16,Mexico,0.00166,1973.7
Iraq,round_of_16,Brazil,0.00128,2020.0
Iraq,round_of_16,Canada,0.00096,1835.5
Iraq,round_of_16,Belgium,0.00088,1897.7
Iraq,round_of_16,Japan,0.00082,1966.0
Iraq,round_of_16,Egypt,0.00074,1718.7
Iraq,round_of_16,Switzerland,0.00074,1892.8
Iraq,round_of_16,Bosnia and Herzegovina,0.00068,1574.5
Iraq,round_of_16,Scotland,0.00054,1773.8
Iraq,round_of_16,Algeria,0.0005,1784.8
Iraq,round_of_16,Netherlands,0.0005,1988.0
Iraq,round_of_16,Iran,0.00048,1788.7
Iraq,round_of_16,Morocco,0.00042,1896.5
Iraq,round_of_16,Colombia,0.00038,2005.8
Iraq,round_of_16,Ecuador,0.00036,1869.7
Iraq,round_of_16,England,0.0003,2076.8
Iraq,round_of_16,Uruguay,0.00028,1840.2
Iraq,round_of_16,Germany,0.00022,1997.8
Iraq,round_of_16,South Korea,0.00022,1771.5
Iraq,round_of_16,Portugal,0.0002,1995.2
Iraq,round_of_16,Spain,0.0002,2156.2
Iraq,round_of_16,Austria,0.00018,1894.3
Iraq,round_of_16,Czechia,0.00016,1700.3
Iraq,round_of_16,Ivory Coast,0.00014,1764.0
Iraq,round_of_16,Qatar,0.00014,1402.7
Iraq,round_of_16,Sweden,0.00014,1725.7
Iraq,round_of_16,New Zealand,0.0001,1551.7
Iraq,round_of_16,Australia,6e-05,1806.2
Iraq,round_of_16,Cape Verde,6e-05,1634.0
Iraq,round_of_16,Croatia,6e-05,1867.1
Iraq,round_of_16,Ghana,6e-05,1527.5
Iraq,round_of_16,Jordan,6e-05,1612.9
Iraq,round_of_16,DR Congo,4e-05,1680.2
Iraq,round_of_16,Saudi Arabia,4e-05,1567.9
Iraq,round_of_16,Uzbekistan,4e-05,1673.2
Iraq,round_of_16,Paraguay,2e-05,1826.8
Iraq,round_of_16,South Africa,2e-05,1499.3
Iraq,round_of_16,Turkey,2e-05,1824.0
Iraq,round_of_32,England,0.02698,2076.8
Iraq,round_of_32,United States,0.01312,1866.7
Iraq,round_of_32,Colombia,0.01238,2005.8
Iraq,round_of_32,Ivory Coast,0.00798,1764.0
Iraq,round_of_32,Egypt,0.00708,1718.7
Iraq,round_of_32,Portugal,0.00672,1995.2
Iraq,round_of_32,Belgium,0.00606,1897.7
Iraq,round_of_32,Iran,0.00384,1788.7
Iraq,round_of_32,Mexico,0.00302,1973.7
Iraq,round_of_32,New Zealand,0.00184,1551.7
Iraq,round_of_32,Canada,0.0015,1835.5
Iraq,round_of_32,DR Congo,0.0013,1680.2
Iraq,round_of_32,Switzerland,0.0013,1892.8
Iraq,round_of_32,Ghana,0.0007,1527.5
Iraq,round_of_32,Croatia,0.00066,1867.1
Iraq,round_of_32,Curacao,0.00062,1421.3
Iraq,round_of_32,Sweden,0.00056,1725.7
Iraq,round_of_32,Ecuador,0.0004,1869.7
Iraq,round_of_32,South Korea,0.00038,1771.5
Iraq,round_of_32,Uzbekistan,0.00036,1673.2
Iraq,round_of_32,Japan,0.0002,1966.0
Iraq,round_of_32,Australia,0.00012,1806.2
Iraq,round_of_32,Panama,0.00012,1673.3
Iraq,round_of_32,Cape Verde,2e-05,1634.0
Iraq,round_of_32,Germany,2e-05,1997.8
Iraq,round_of_32,Paraguay,2e-05,1826.8
Iraq,round_of_32,Turkey,2e-05,1824.0
Iraq,semi_final,Netherlands,8e-05,1988.0
Iraq,semi_final,Brazil,6e-05,2020.0
Iraq,semi_final,Germany,6e-05,1997.8
Iraq,semi_final,Argentina,4e-05,2165.3
Iraq,semi_final,France,4e-05,2121.4
Iraq,semi_final,Japan,4e-05,1966.0
Iraq,semi_final,Australia,2e-05,1806.2
Iraq,semi_final,Canada,2e-05,1835.5
Iraq,semi_final,Colombia,2e-05,2005.8
Iraq,semi_final,England,2e-05,2076.8
Iraq,semi_final,Mexico,2e-05,1973.7
Iraq,semi_final,Norway,2e-05,1936.7
Iraq,semi_final,Portugal,2e-05,1995.2
Iraq,semi_final,Switzerland,2e-05,1892.8
Ivory Coast,final,Spain,0.00112,2156.2
Ivory Coast,final,France,0.0007,2121.4
Ivory Coast,final,Netherlands,0.00032,1988.0
Ivory Coast,final,Germany,0.00026,1997.8
Ivory Coast,final,Argentina,0.00022,2165.3
Ivory Coast,final,United States,0.00018,1866.7
Ivory Coast,final,Japan,0.00014,1966.0
Ivory Coast,final,Austria,0.00012,1894.3
Ivory Coast,final,Belgium,0.00012,1897.7
Ivory Coast,final,Portugal,0.00012,1995.2
Ivory Coast,final,Croatia,8e-05,1867.1
Ivory Coast,final,Morocco,8e-05,1896.5
Ivory Coast,final,Norway,8e-05,1936.7
Ivory Coast,final,Brazil,6e-05,2020.0
Ivory Coast,final,England,6e-05,2076.8
Ivory Coast,final,Mexico,6e-05,1973.7
Ivory Coast,final,Paraguay,6e-05,1826.8
Ivory Coast,final,Switzerland,6e-05,1892.8
Ivory Coast,final,Australia,2e-05,1806.2
Ivory Coast,final,Colombia,2e-05,2005.8
Ivory Coast,final,DR Congo,2e-05,1680.2
Ivory Coast,final,Egypt,2e-05,1718.7
Ivory Coast,final,Senegal,2e-05,1834.5
Ivory Coast,final,South Korea,2e-05,1771.5
Ivory Coast,final,Turkey,2e-05,1824.0
Ivory Coast,quarter_final,England,0.03384,2076.8
Ivory Coast,quarter_final,Mexico,0.01878,1973.7
Ivory Coast,quarter_final,Spain,0.0042,2156.2
Ivory Coast,quarter_final,Brazil,0.00276,2020.0
Ivory Coast,quarter_final,Portugal,0.00252,1995.2
Ivory Coast,quarter_final,Scotland,0.00238,1773.8
Ivory Coast,quarter_final,Argentina,0.0018,2165.3
Ivory Coast,quarter_final,Colombia,0.0016,2005.8
Ivory Coast,quarter_final,Norway,0.00146,1936.7
Ivory Coast,quarter_final,Ecuador,0.00118,1869.7
Ivory Coast,quarter_final,Senegal,0.00112,1834.5
Ivory Coast,quarter_final,Austria,0.00086,1894.3
Ivory Coast,quarter_final,Uruguay,0.00076,1840.2
Ivory Coast,quarter_final,Croatia,0.00072,1867.1
Ivory Coast,quarter_final,France,0.00066,2121.4
Ivory Coast,quarter_final,DR Congo,0.00056,1680.2
Ivory Coast,quarter_final,Netherlands,0.00046,1988.0
Ivory Coast,quarter_final,Japan,0.00038,1966.0
Ivory Coast,quarter_final,South Korea,0.00036,1771.5
Ivory Coast,quarter_final,Uzbekistan,0.0003,1673.2
Ivory Coast,quarter_final,Morocco,0.00026,1896.5
Ivory Coast,quarter_final,Australia,0.00018,1806.2
Ivory Coast,quarter_final,Belgium,0.00018,1897.7
Ivory Coast,quarter_final,Paraguay,0.00018,1826.8
Ivory Coast,quarter_final,Algeria,0.00014,1784.8
Ivory Coast,quarter_final,Switzerland,0.0001,1892.8
Ivory Coast,quarter_final,Ghana,8e-05,1527.5
Ivory Coast,quarter_final,Panama,6e-05,1673.3
Ivory Coast,quarter_final,Cape Verde,4e-05,1634.0
Ivory Coast,quarter_final,Iran,4e-05,1788.7
Ivory Coast,quarter_final,Saudi Arabia,4e-05,1567.9
Ivory Coast,quarter_final,Sweden,4e-05,1725.7
Ivory Coast,quarter_final,Curacao,2e-05,1421.3
Ivory Coast,quarter_final,United States,2e-05,1866.7
Ivory Coast,round_of_16,Brazil,0.08816,2020.0
Ivory Coast,round_of_16,Japan,0.06798,1966.0
Ivory Coast,round_of_16,Morocco,0.0423,1896.5
Ivory Coast,round_of_16,Netherlands,0.03922,1988.0
Ivory Coast,round_of_16,Sweden,0.00852,1725.7
Ivory Coast,round_of_16,England,0.00652,2076.8
Ivory Coast,round_of_16,United States,0.00632,1866.7
Ivory Coast,round_of_16,Scotland,0.00344,1773.8
Ivory Coast,round_of_16,Colombia,0.00198,2005.8
Ivory Coast,round_of_16,Belgium,0.0016,1897.7
Ivory Coast,round_of_16,Canada,0.00134,1835.5
Ivory Coast,round_of_16,Portugal,0.00128,1995.2
Ivory Coast,round_of_16,Switzerland,0.00124,1892.8
Ivory Coast,round_of_16,Egypt,0.0012,1718.7
Ivory Coast,round_of_16,France,0.00118,2121.4
Ivory Coast,round_of_16,Bosnia and Herzegovina,0.00108,1574.5
Ivory Coast,round_of_16,Iran,0.00108,1788.7
Ivory Coast,round_of_16,Senegal,0.00096,1834.5
Ivory Coast,round_of_16,Norway,0.00088,1936.7
Ivory Coast,round_of_16,Mexico,0.00078,1973.7
Ivory Coast,round_of_16,Algeria,0.00064,1784.8
Ivory Coast,round_of_16,Uruguay,0.00048,1840.2
Ivory Coast,round_of_16,Austria,0.00042,1894.3
Ivory Coast,round_of_16,Croatia,0.00038,1867.1
Ivory Coast,round_of_16,South Korea,0.00036,1771.5
Ivory Coast,round_of_16,Uzbekistan,0.00028,1673.2
Ivory Coast,round_of_16,Spain,0.00024,2156.2
Ivory Coast,round_of_16,DR Congo,0.00022,1680.2
Ivory Coast,round_of_16,Jordan,0.00018,1612.9
Ivory Coast,round_of_16,Czechia,0.00014,1700.3
Ivory Coast,round_of_16,Iraq,0.00014,1583.0
Ivory Coast,round_of_16,Australia,0.0001,1806.2
Ivory Coast,round_of_16,Ghana,0.0001,1527.5
Ivory Coast,round_of_16,New Zealand,0.0001,1551.7
Ivory Coast,round_of_16,Cape Verde,8e-05,1634.0
Ivory Coast,round_of_16,Panama,8e-05,1673.3
Ivory Coast,round_of_16,Qatar,8e-05,1402.7
Ivory Coast,round_of_16,Argentina,4e-05,2165.3
Ivory Coast,round_of_16,Paraguay,4e-05,1826.8
Ivory Coast,round_of_16,Saudi Arabia,2e-05,1567.9
Ivory Coast,round_of_32,Norway,0.47204,1936.7
Ivory Coast,round_of_32,France,0.20726,2121.4
Ivory Coast,round_of_32,Senegal,0.17466,1834.5
Ivory Coast,round_of_32,Mexico,0.03094,1973.7
Ivory Coast,round_of_32,United States,0.0157,1866.7
Ivory Coast,round_of_32,Colombia,0.00974,2005.8
Ivory Coast,round_of_32,Iraq,0.00798,1583.0
Ivory Coast,round_of_32,England,0.00624,2076.8
Ivory Coast,round_of_32,Egypt,0.00616,1718.7
Ivory Coast,round_of_32,Belgium,0.00522,1897.7
Ivory Coast,round_of_32,Canada,0.00504,1835.5
Ivory Coast,round_of_32,Portugal,0.00436,1995.2
Ivory Coast,round_of_32,Iran,0.00388,1788.7
Ivory Coast,round_of_32,Switzerland,0.00332,1892.8
Ivory Coast,round_of_32,South Korea,0.00254,1771.5
Ivory Coast,round_of_32,Paraguay,0.00144,1826.8
Ivory Coast,round_of_32,Australia,0.00132,1806.2
Ivory Coast,round_of_32,New Zealand,0.00112,1551.7
Ivory Coast,round_of_32,Scotland,0.00084,1773.8
Ivory Coast,round_of_32,DR Congo,0.00078,1680.2
Ivory Coast,round_of_32,Turkey,0.00066,1824.0
Ivory Coast,round_of_32,Brazil,0.00028,2020.0
Ivory Coast,round_of_32,Sweden,0.00026,1725.7
Ivory Coast,round_of_32,Uzbekistan,0.00018,1673.2
Ivory Coast,round_of_32,Croatia,0.00016,1867.1
Ivory Coast,round_of_32,Ghana,0.00016,1527.5
Ivory Coast,round_of_32,Panama,8e-05,1673.3
Ivory Coast,round_of_32,Morocco,4e-05,1896.5
Ivory Coast,round_of_32,Haiti,2e-05,1503.7
Ivory Coast,round_of_32,Japan,2e-05,1966.0
Ivory Coast,semi_final,Argentina,0.00824,2165.3
Ivory Coast,semi_final,Colombia,0.00282,2005.8
Ivory Coast,semi_final,Portugal,0.00112,1995.2
Ivory Coast,semi_final,Austria,0.00084,1894.3
Ivory Coast,semi_final,Belgium,0.00078,1897.7
Ivory Coast,semi_final,Canada,0.00076,1835.5
Ivory Coast,semi_final,Switzerland,0.00056,1892.8
Ivory Coast,semi_final,Australia,0.00052,1806.2
Ivory Coast,semi_final,Spain,0.00044,2156.2
Ivory Coast,semi_final,France,0.0004,2121.4
Ivory Coast,semi_final,Paraguay,0.00028,1826.8
Ivory Coast,semi_final,England,0.00024,2076.8
Ivory Coast,semi_final,Croatia,0.00022,1867.1
Ivory Coast,semi_final,Norway,0.0002,1936.7
Ivory Coast,semi_final,Iran,0.00018,1788.7
Ivory Coast,semi_final,Brazil,0.00014,2020.0
Ivory Coast,semi_final,Netherlands,0.00014,1988.0
Ivory Coast,semi_final,Germany,0.00012,1997.8
Ivory Coast,semi_final,Japan,0.0001,1966.0
Ivory Coast,semi_final,Senegal,0.0001,1834.5
Ivory Coast,semi_final,Algeria,8e-05,1784.8
Ivory Coast,semi_final,Ecuador,8e-05,1869.7
Ivory Coast,semi_final,Egypt,8e-05,1718.7
Ivory Coast,semi_final,Cape Verde,6e-05,1634.0
Ivory Coast,semi_final,Mexico,6e-05,1973.7
Ivory Coast,semi_final,Morocco,6e-05,1896.5
Ivory Coast,semi_final,Panama,6e-05,1673.3
Ivory Coast,semi_final,Uruguay,6e-05,1840.2
Ivory Coast,semi_final,South Korea,4e-05,1771.5
Ivory Coast,semi_final,New Zealand,2e-05,1551.7
Ivory Coast,semi_final,Saudi Arabia,2e-05,1567.9
Ivory Coast,semi_final,Scotland,2e-05,1773.8
Ivory Coast,semi_final,Turkey,2e-05,1824.0
Japan,final,Argentina,0.01058,2165.3
Japan,final,Spain,0.00846,2156.2
Japan,final,France,0.00772,2121.4
Japan,final,England,0.00502,2076.8
Japan,final,Netherlands,0.00382,1988.0
Japan,final,Colombia,0.00296,2005.8
Japan,final,Germany,0.0024,1997.8
Japan,final,Brazil,0.00218,2020.0
Japan,final,Portugal,0.00208,1995.2
Japan,final,Mexico,0.00188,1973.7
Japan,final,Norway,0.00138,1936.7
Japan,final,United States,0.00114,1866.7
Japan,final,Switzerland,0.00092,1892.8
Japan,final,Belgium,0.0009,1897.7
Japan,final,Morocco,0.00078,1896.5
Japan,final,Austria,0.00064,1894.3
Japan,final,Croatia,0.00052,1867.1
Japan,final,Canada,0.00048,1835.5
Japan,final,Australia,0.00038,1806.2
Japan,final,Paraguay,0.0003,1826.8
Japan,final,Uruguay,0.00026,1840.2
Japan,final,Senegal,0.00022,1834.5
Japan,final,Ecuador,0.0002,1869.7
Japan,final,Algeria,0.00018,1784.8
Japan,final,Iran,0.00016,1788.7
Japan,final,Ivory Coast,0.00014,1764.0
Japan,final,Egypt,0.0001,1718.7
Japan,final,South Korea,8e-05,1771.5
Japan,final,Scotland,6e-05,1773.8
Japan,final,Sweden,4e-05,1725.7
Japan,final,Cape Verde,2e-05,1634.0
Japan,final,Panama,2e-05,1673.3
Japan,final,Turkey,2e-05,1824.0
Japan,quarter_final,England,0.07746,2076.8
Japan,quarter_final,France,0.04874,2121.4
Japan,quarter_final,Mexico,0.04208,1973.7
Japan,quarter_final,Germany,0.03566,1997.8
Japan,quarter_final,Norway,0.01244,1936.7
Japan,quarter_final,Brazil,0.0108,2020.0
Japan,quarter_final,Netherlands,0.01006,1988.0
Japan,quarter_final,Scotland,0.00712,1773.8
Japan,quarter_final,Morocco,0.00524,1896.5
Japan,quarter_final,Portugal,0.00476,1995.2
Japan,quarter_final,Switzerland,0.0045,1892.8
Japan,quarter_final,Paraguay,0.00402,1826.8
Japan,quarter_final,Sweden,0.00396,1725.7
Japan,quarter_final,South Korea,0.00386,1771.5
Japan,quarter_final,Colombia,0.00312,2005.8
Japan,quarter_final,Senegal,0.0031,1834.5
Japan,quarter_final,Canada,0.00268,1835.5
Japan,quarter_final,Australia,0.0023,1806.2
Japan,quarter_final,Spain,0.00212,2156.2
Japan,quarter_final,Ecuador,0.00178,1869.7
Japan,quarter_final,Turkey,0.00154,1824.0
Japan,quarter_final,Uruguay,0.00136,1840.2
Japan,quarter_final,DR Congo,0.00132,1680.2
Japan,quarter_final,Croatia,0.0011,1867.1
Japan,quarter_final,Uzbekistan,0.00098,1673.2
Japan,quarter_final,Austria,0.00044,1894.3
Japan,quarter_final,Ivory Coast,0.00038,1764.0
Japan,quarter_final,Belgium,0.00018,1897.7
Japan,quarter_final,Cape Verde,0.00018,1634.0
Japan,quarter_final,Argentina,0.00016,2165.3
Japan,quarter_final,Algeria,0.00014,1784.8
Japan,quarter_final,Czechia,0.00014,1700.3
Japan,quarter_final,Iraq,0.00012,1583.0
Japan,quarter_final,Egypt,0.0001,1718.7
Japan,quarter_final,Ghana,0.0001,1527.5
Japan,quarter_final,Iran,0.0001,1788.7
Japan,quarter_final,Panama,0.0001,1673.3
Japan,quarter_final,Saudi Arabia,8e-05,1567.9
Japan,quarter_final,South Africa,8e-05,1499.3
Japan,quarter_final,Jordan,4e-05,1612.9
Japan,quarter_final,Curacao,2e-05,1421.3
Japan,quarter_final,Haiti,2e-05,1503.7
Japan,round_of_16,Norway,0.1057,1936.7
Japan,round_of_16,Ivory Coast,0.06798,1764.0
Japan,round_of_16,Switzerland,0.0616,1892.8
Japan,round_of_16,France,0.05846,2121.4
Japan,round_of_16,South Korea,0.04932,1771.5
Japan,round_of_16,Canada,0.04112,1835.5
Japan,round_of_16,Germany,0.0404,1997.8
Japan,round_of_16,Senegal,0.03564,1834.5
Japan,round_of_16,Paraguay,0.0066,1826.8
Japan,round_of_16,Mexico,0.00628,1973.7
Japan,round_of_16,Ecuador,0.0056,1869.7
Japan,round_of_16,Australia,0.00408,1806.2
Japan,round_of_16,South Africa,0.00324,1499.3
Japan,round_of_16,Czechia,0.0027,1700.3
Japan,round_of_16,Turkey,0.0023,1824.0
Japan,round_of_16,Scotland,0.0015,1773.8
Japan,round_of_16,Curacao,0.00138,1421.3
Japan,round_of_16,Brazil,0.00098,2020.0
Japan,round_of_16,Iraq,0.00082,1583.0
Japan,round_of_16,Bosnia and Herzegovina,0.0006,1574.5
Japan,round_of_16,Colombia,0.00056,2005.8
Japan,round_of_16,Belgium,0.0004,1897.7
Japan,round_of_16,England,0.00038,2076.8
Japan,round_of_16,Egypt,0.00034,1718.7
Japan,round_of_16,Iran,0.00026,1788.7
Japan,round_of_16,Portugal,0.00016,1995.2
Japan,round_of_16,Morocco,8e-05,1896.5
Japan,round_of_16,DR Congo,6e-05,1680.2
Japan,round_of_16,Croatia,4e-05,1867.1
Japan,round_of_16,New Zealand,4e-05,1551.7
Japan,round_of_16,Cape Verde,2e-05,1634.0
Japan,round_of_16,Panama,2e-05,1673.3
Japan,round_of_16,Spain,2e-05,2156.2
Japan,round_of_16,Uruguay,2e-05,1840.2
Japan,round_of_32,Brazil,0.40006,2020.0
Japan,round_of_32,Morocco,0.37488,1896.5
Japan,round_of_32,France,0.11404,2121.4
Japan,round_of_32,Scotland,0.06024,1773.8
Japan,round_of_32,Norway,0.03928,1936.7
Japan,round_of_32,Germany,0.00514,1997.8
Japan,round_of_32,United States,0.00188,1866.7
Japan,round_of_32,Senegal,0.0018,1834.5
Japan,round_of_32,Mexico,0.0008,1973.7
Japan,round_of_32,Canada,0.00068,1835.5
Japan,round_of_32,Switzerland,0.00066,1892.8
Japan,round_of_32,South Korea,0.00032,1771.5
Japan,round_of_32,Iraq,0.0002,1583.0
Japan,round_of_32,Ivory Coast,2e-05,1764.0
Japan,semi_final,Argentina,0.03776,2165.3
Japan,semi_final,Spain,0.0292,2156.2
Japan,semi_final,Colombia,0.01424,2005.8
Japan,semi_final,Portugal,0.0103,1995.2
Japan,semi_final,United States,0.00782,1866.7
Japan,semi_final,Austria,0.00632,1894.3
Japan,semi_final,Belgium,0.00568,1897.7
Japan,semi_final,Croatia,0.0035,1867.1
Japan,semi_final,Canada,0.00274,1835.5
Japan,semi_final,Switzerland,0.0027,1892.8
Japan,semi_final,Uruguay,0.0017,1840.2
Japan,semi_final,Australia,0.00162,1806.2
Japan,semi_final,Iran,0.00156,1788.7
Japan,semi_final,Paraguay,0.00148,1826.8
Japan,semi_final,Algeria,0.00136,1784.8
Japan,semi_final,Senegal,0.00124,1834.5
Japan,semi_final,Norway,0.00112,1936.7
Japan,semi_final,Egypt,0.00098,1718.7
Japan,semi_final,England,0.00074,2076.8
Japan,semi_final,Ecuador,0.00048,1869.7
Japan,semi_final,France,0.00036,2121.4
Japan,semi_final,DR Congo,0.0003,1680.2
Japan,semi_final,South Korea,0.00028,1771.5
Japan,semi_final,Czechia,0.00022,1700.3
Japan,semi_final,Uzbekistan,0.00016,1673.2
Japan,semi_final,Cape Verde,0.00014,1634.0
Japan,semi_final,Saudi Arabia,0.00012,1567.9
Japan,semi_final,Bosnia and Herzegovina,0.0001,1574.5
Japan,semi_final,Ivory Coast,0.0001,1764.0
Japan,semi_final,Jordan,0.0001,1612.9
Japan,semi_final,Brazil,8e-05,2020.0
Japan,semi_final,Germany,6e-05,1997.8
Japan,semi_final,Panama,6e-05,1673.3
Japan,semi_final,Iraq,4e-05,1583.0
Japan,semi_final,Morocco,4e-05,1896.5
Japan,semi_final,New Zealand,4e-05,1551.7
Japan,semi_final,Ghana,2e-05,1527.5
Japan,semi_final,Netherlands,2e-05,1988.0
Japan,semi_final,Scotland,2e-05,1773.8
Japan,semi_final,Sweden,2e-05,1725.7
Japan,semi_final,Turkey,2e-05,1824.0
Jordan,final,Argentina,4e-05,2165.3
Jordan,final,France,4e-05,2121.4
Jordan,final,Mexico,4e-05,1973.7
Jordan,final,Austria,2e-05,1894.3
Jordan,final,Brazil,2e-05,2020.0
Jordan,final,Colombia,2e-05,2005.8
Jordan,final,Portugal,2e-05,1995.2
Jordan,quarter_final,Spain,0.00284,2156.2
Jordan,quarter_final,Argentina,0.00208,2165.3
Jordan,quarter_final,Portugal,0.00088,1995.2
Jordan,quarter_final,Austria,0.00086,1894.3
Jordan,quarter_final,Colombia,0.00052,2005.8
Jordan,quarter_final,Croatia,0.00048,1867.1
Jordan,quarter_final,Belgium,0.00028,1897.7
Jordan,quarter_final,Brazil,0.00012,2020.0
Jordan,quarter_final,Australia,0.0001,1806.2
Jordan,quarter_final,United States,0.0001,1866.7
Jordan,quarter_final,Paraguay,8e-05,1826.8
Jordan,quarter_final,Uruguay,8e-05,1840.2
Jordan,quarter_final,England,6e-05,2076.8
Jordan,quarter_final,DR Congo,4e-05,1680.2
Jordan,quarter_final,Iran,4e-05,1788.7
Jordan,quarter_final,Japan,4e-05,1966.0
Jordan,quarter_final,Switzerland,4e-05,1892.8
Jordan,quarter_final,Bosnia and Herzegovina,2e-05,1574.5
Jordan,quarter_final,Cape Verde,2e-05,1634.0
Jordan,quarter_final,Egypt,2e-05,1718.7
Jordan,quarter_final,Ghana,2e-05,1527.5
Jordan,quarter_final,Morocco,2e-05,1896.5
Jordan,quarter_final,Norway,2e-05,1936.7
Jordan,quarter_final,Panama,2e-05,1673.3
Jordan,quarter_final,Senegal,2e-05,1834.5
Jordan,round_of_16,United States,0.01264,1866.7
Jordan,round_of_16,Colombia,0.00654,2005.8
Jordan,round_of_16,Portugal,0.0032,1995.2
Jordan,round_of_16,Bosnia and Herzegovina,0.00188,1574.5
Jordan,round_of_16,Senegal,0.0012,1834.5
Jordan,round_of_16,Belgium,0.00118,1897.7
Jordan,round_of_16,Croatia,0.0011,1867.1
Jordan,round_of_16,Uruguay,0.00082,1840.2
Jordan,round_of_16,Iran,0.00074,1788.7
Jordan,round_of_16,Norway,0.00066,1936.7
Jordan,round_of_16,Ghana,0.00062,1527.5
Jordan,round_of_16,DR Congo,0.00054,1680.2
Jordan,round_of_16,Ecuador,0.00046,1869.7
Jordan,round_of_16,Egypt,0.00042,1718.7
Jordan,round_of_16,South Korea,0.00042,1771.5
Jordan,round_of_16,Australia,0.0004,1806.2
Jordan,round_of_16,Mexico,0.0004,1973.7
Jordan,round_of_16,Panama,0.00024,1673.3
Jordan,round_of_16,Switzerland,0.00024,1892.8
Jordan,round_of_16,Czechia,0.00022,1700.3
Jordan,round_of_16,Qatar,0.00022,1402.7
Jordan,round_of_16,Ivory Coast,0.00018,1764.0
Jordan,round_of_16,Paraguay,0.00018,1826.8
Jordan,round_of_16,Spain,0.00018,2156.2
Jordan,round_of_16,Uzbekistan,0.00012,1673.2
Jordan,round_of_16,Cape Verde,0.0001,1634.0
Jordan,round_of_16,Scotland,0.0001,1773.8
Jordan,round_of_16,Canada,8e-05,1835.5
Jordan,round_of_16,England,8e-05,2076.8
Jordan,round_of_16,Brazil,6e-05,2020.0
Jordan,round_of_16,Iraq,6e-05,1583.0
Jordan,round_of_16,New Zealand,6e-05,1551.7
Jordan,round_of_16,Saudi Arabia,4e-05,1567.9
Jordan,round_of_16,France,2e-05,2121.4
Jordan,round_of_16,South Africa,2e-05,1499.3
Jordan,round_of_16,Turkey,2e-05,1824.0
Jordan,round_of_32,Canada,0.02942,1835.5
Jordan,round_of_32,Belgium,0.0278,1897.7
Jordan,round_of_32,Switzerland,0.02238,1892.8
Jordan,round_of_32,Iran,0.0162,1788.7
Jordan,round_of_32,United States,0.01508,1866.7
Jordan,round_of_32,Spain,0.01474,2156.2
Jordan,round_of_32,Egypt,0.01066,1718.7
Jordan,round_of_32,England,0.00604,2076.8
Jordan,round_of_32,New Zealand,0.00374,1551.7
Jordan,round_of_32,Uruguay,0.0018,1840.2
Jordan,round_of_32,Cape Verde,0.00132,1634.0
Jordan,round_of_32,Colombia,0.00106,2005.8
Jordan,round_of_32,Portugal,0.0008,1995.2
Jordan,round_of_32,Saudi Arabia,0.00036,1567.9
Jordan,round_of_32,Australia,0.00016,1806.2
Jordan,round_of_32,Croatia,0.00016,1867.1
Jordan,round_of_32,Ghana,0.00012,1527.5
Jordan,round_of_32,DR Congo,8e-05,1680.2
Jordan,round_of_32,Paraguay,4e-05,1826.8
Jordan,semi_final,France,0.00018,2121.4
Jordan,semi_final,Germany,0.0001,1997.8
Jordan,semi_final,Japan,0.0001,1966.0
Jordan,semi_final,Norway,0.0001,1936.7
Jordan,semi_final,England,8e-05,2076.8
Jordan,semi_final,Mexico,8e-05,1973.7
Jordan,semi_final,Netherlands,8e-05,1988.0
Jordan,semi_final,Brazil,4e-05,2020.0
Jordan,semi_final,Senegal,4e-05,1834.5
Jordan,semi_final,Argentina,2e-05,2165.3
Jordan,semi_final,Canada,2e-05,1835.5
Jordan,semi_final,Ecuador,2e-05,1869.7
Jordan,semi_final,Paraguay,2e-05,1826.8
Jordan,semi_final,South Korea,2e-05,1771.5
Jordan,semi_final,Switzerland,2e-05,1892.8
Mexico,final,Spain,0.01644,2156.2
Mexico,final,France,0.01152,2121.4
Mexico,final,Germany,0.00512,1997.8
Mexico,final,Argentina,0.0042,2165.3
Mexico,final,Netherlands,0.00306,1988.0
Mexico,final,Portugal,0.00264,1995.2
Mexico,final,United States,0.00228,1866.7
Mexico,final,Japan,0.00188,1966.0
Mexico,final,Colombia,0.00174,2005.8
Mexico,final,Brazil,0.00162,2020.0
Mexico,final,Switzerland,0.00138,1892.8
Mexico,final,Norway,0.00136,1936.7
Mexico,final,Austria,0.00118,1894.3
Mexico,final,Morocco,0.00098,1896.5
Mexico,final,England,0.00096,2076.8
Mexico,final,Belgium,0.00092,1897.7
Mexico,final,Croatia,0.00078,1867.1
Mexico,final,South Korea,0.00048,1771.5
Mexico,final,Canada,0.00038,1835.5
Mexico,final,Paraguay,0.00038,1826.8
Mexico,final,Uruguay,0.00028,1840.2
Mexico,final,Iran,0.00024,1788.7
Mexico,final,Ecuador,0.00022,1869.7
Mexico,final,Algeria,0.0002,1784.8
Mexico,final,Egypt,0.00016,1718.7
Mexico,final,Senegal,0.00014,1834.5
Mexico,final,Australia,0.00012,1806.2
Mexico,final,Sweden,0.0001,1725.7
Mexico,final,Scotland,8e-05,1773.8
Mexico,final,Czechia,6e-05,1700.3
Mexico,final,Ivory Coast,6e-05,1764.0
Mexico,final,Jordan,4e-05,1612.9
Mexico,final,Turkey,4e-05,1824.0
Mexico,final,Ghana,2e-05,1527.5
Mexico,final,Panama,2e-05,1673.3
Mexico,final,Uzbekistan,2e-05,1673.2
Mexico,quarter_final,Brazil,0.06668,2020.0
Mexico,quarter_final,Norway,0.05168,1936.7
Mexico,quarter_final,France,0.04498,2121.4
Mexico,quarter_final,Japan,0.04208,1966.0
Mexico,quarter_final,Netherlands,0.02464,1988.0
Mexico,quarter_final,Morocco,0.02168,1896.5
Mexico,quarter_final,Ivory Coast,0.01878,1764.0
Mexico,quarter_final,Senegal,0.01226,1834.5
Mexico,quarter_final,Germany,0.00568,1997.8
Mexico,quarter_final,Sweden,0.00336,1725.7
Mexico,quarter_final,Ecuador,0.0025,1869.7
Mexico,quarter_final,Scotland,0.00142,1773.8
Mexico,quarter_final,Paraguay,0.00074,1826.8
Mexico,quarter_final,Australia,0.00026,1806.2
Mexico,quarter_final,Turkey,0.00018,1824.0
Mexico,quarter_final,Curacao,0.0001,1421.3
Mexico,quarter_final,Iraq,0.0001,1583.0
Mexico,quarter_final,Belgium,8e-05,1897.7
Mexico,quarter_final,Czechia,2e-05,1700.3
Mexico,quarter_final,Spain,2e-05,2156.2
Mexico,round_of_16,England,0.48346,2076.8
Mexico,round_of_16,Portugal,0.03588,1995.2
Mexico,round_of_16,DR Congo,0.02206,1680.2
Mexico,round_of_16,Senegal,0.02192,1834.5
Mexico,round_of_16,Colombia,0.01942,2005.8
Mexico,round_of_16,Uzbekistan,0.01834,1673.2
Mexico,round_of_16,Netherlands,0.01426,1988.0
Mexico,round_of_16,Norway,0.01248,1936.7
Mexico,round_of_16,Croatia,0.0092,1867.1
Mexico,round_of_16,Morocco,0.00894,1896.5
Mexico,round_of_16,Japan,0.00628,1966.0
Mexico,round_of_16,Brazil,0.00512,2020.0
Mexico,round_of_16,Ecuador,0.00314,1869.7
Mexico,round_of_16,Ghana,0.0029,1527.5
Mexico,round_of_16,Austria,0.00192,1894.3
Mexico,round_of_16,Algeria,0.00178,1784.8
Mexico,round_of_16,Iraq,0.00166,1583.0
Mexico,round_of_16,France,0.00164,2121.4
Mexico,round_of_16,Scotland,0.0014,1773.8
Mexico,round_of_16,Panama,0.001,1673.3
Mexico,round_of_16,Ivory Coast,0.00078,1764.0
Mexico,round_of_16,Jordan,0.0004,1612.9
Mexico,round_of_16,Uruguay,0.00036,1840.2
Mexico,round_of_16,Sweden,0.0003,1725.7
Mexico,round_of_16,Spain,0.00022,2156.2
Mexico,round_of_16,Argentina,0.00018,2165.3
Mexico,round_of_16,Cape Verde,6e-05,1634.0
Mexico,round_of_16,Curacao,2e-05,1421.3
Mexico,round_of_16,Saudi Arabia,2e-05,1567.9
Mexico,round_of_32,Scotland,0.51948,1773.8
Mexico,round_of_32,Brazil,0.10686,2020.0
Mexico,round_of_32,Ecuador,0.07176,1869.7
Mexico,round_of_32,Uruguay,0.06244,1840.2
Mexico,round_of_32,Switzerland,0.0331,1892.8
Mexico,round_of_32,Cape Verde,0.03226,1634.0
Mexico,round_of_32,Ivory Coast,0.03094,1764.0
Mexico,round_of_32,Canada,0.0251,1835.5
Mexico,round_of_32,Senegal,0.02386,1834.5
Mexico,round_of_32,Spain,0.02332,2156.2
Mexico,round_of_32,Saudi Arabia,0.01544,1567.9
Mexico,round_of_32,Morocco,0.0149,1896.5
Mexico,round_of_32,Norway,0.01088,1936.7
Mexico,round_of_32,Curacao,0.00998,1421.3
Mexico,round_of_32,Haiti,0.0098,1503.7
Mexico,round_of_32,Sweden,0.00446,1725.7
Mexico,round_of_32,Iraq,0.00302,1583.0
Mexico,round_of_32,France,0.00102,2121.4
Mexico,round_of_32,Japan,0.0008,1966.0
Mexico,round_of_32,Bosnia and Herzegovina,0.00054,1574.5
Mexico,round_of_32,Netherlands,2e-05,1988.0
Mexico,round_of_32,Qatar,2e-05,1402.7
Mexico,semi_final,Argentina,0.07024,2165.3
Mexico,semi_final,Colombia,0.02222,2005.8
Mexico,semi_final,Portugal,0.00978,1995.2
Mexico,semi_final,Spain,0.00668,2156.2
Mexico,semi_final,Belgium,0.00598,1897.7
Mexico,semi_final,Austria,0.00542,1894.3
Mexico,semi_final,Switzerland,0.00494,1892.8
Mexico,semi_final,Canada,0.00458,1835.5
Mexico,semi_final,Australia,0.00354,1806.2
Mexico,semi_final,Paraguay,0.00304,1826.8
Mexico,semi_final,Iran,0.00198,1788.7
Mexico,semi_final,Croatia,0.00166,1867.1
Mexico,semi_final,Senegal,0.00116,1834.5
Mexico,semi_final,United States,0.00104,1866.7
Mexico,semi_final,Egypt,0.00088,1718.7
Mexico,semi_final,Norway,0.0008,1936.7
Mexico,semi_final,Algeria,0.00072,1784.8
Mexico,semi_final,Uruguay,0.00052,1840.2
Mexico,semi_final,Ecuador,0.0005,1869.7
Mexico,semi_final,Cape Verde,0.00036,1634.0
Mexico,semi_final,England,0.00036,2076.8
Mexico,semi_final,France,0.00036,2121.4
Mexico,semi_final,DR Congo,0.00026,1680.2
Mexico,semi_final,Czechia,0.00018,1700.3
Mexico,semi_final,Ghana,0.00018,1527.5
Mexico,semi_final,Panama,0.00014,1673.3
Mexico,semi_final,Jordan,8e-05,1612.9
Mexico,semi_final,Saudi Arabia,8e-05,1567.9
Mexico,semi_final,Ivory Coast,6e-05,1764.0
Mexico,semi_final,New Zealand,6e-05,1551.7
Mexico,semi_final,Bosnia and Herzegovina,4e-05,1574.5
Mexico,semi_final,Sweden,4e-05,1725.7
Mexico,semi_final,Turkey,4e-05,1824.0
Mexico,semi_final,Uzbekistan,4e-05,1673.2
Mexico,semi_final,Iraq,2e-05,1583.0
Morocco,final,Argentina,0.00684,2165.3
Morocco,final,Spain,0.00368,2156.2
Morocco,final,England,0.00336,2076.8
Morocco,final,France,0.00334,2121.4
Morocco,final,Brazil,0.00244,2020.0
Morocco,final,Colombia,0.00154,2005.8
Morocco,final,Portugal,0.00106,1995.2
Morocco,final,Netherlands,0.001,1988.0
Morocco,final,Mexico,0.00098,1973.7
Morocco,final,Germany,0.00094,1997.8
Morocco,final,Japan,0.00078,1966.0
Morocco,final,Austria,0.00062,1894.3
Morocco,final,Norway,0.00056,1936.7
Morocco,final,Switzerland,0.00054,1892.8
Morocco,final,Belgium,0.00052,1897.7
Morocco,final,United States,0.00028,1866.7
Morocco,final,Australia,0.00022,1806.2
Morocco,final,Canada,0.00022,1835.5
Morocco,final,Croatia,0.0002,1867.1
Morocco,final,Senegal,0.00018,1834.5
Morocco,final,Uruguay,0.00014,1840.2
Morocco,final,Ecuador,0.00012,1869.7
Morocco,final,Iran,0.00012,1788.7
Morocco,final,Paraguay,0.0001,1826.8
Morocco,final,Scotland,0.0001,1773.8
Morocco,final,Ivory Coast,8e-05,1764.0
Morocco,final,Sweden,8e-05,1725.7
Morocco,final,Algeria,6e-05,1784.8
Morocco,final,South Korea,6e-05,1771.5
Morocco,final,Turkey,4e-05,1824.0
Morocco,final,Cape Verde,2e-05,1634.0
Morocco,final,Czechia,2e-05,1700.3
Morocco,final,Egypt,2e-05,1718.7
Morocco,final,Saudi Arabia,2e-05,1567.9
Morocco,quarter_final,France,0.06188,2121.4
Morocco,quarter_final,Germany,0.04646,1997.8
Morocco,quarter_final,England,0.0405,2076.8
Morocco,quarter_final,Mexico,0.02168,1973.7
Morocco,quarter_final,Norway,0.0137,1936.7
Morocco,quarter_final,Brazil,0.0064,2020.0
Morocco,quarter_final,Japan,0.00524,1966.0
Morocco,quarter_final,Paraguay,0.00456,1826.8
Morocco,quarter_final,Sweden,0.00434,1725.7
Morocco,quarter_final,Scotland,0.0038,1773.8
Morocco,quarter_final,Australia,0.00298,1806.2
Morocco,quarter_final,Portugal,0.00268,1995.2
Morocco,quarter_final,Turkey,0.00198,1824.0
Morocco,quarter_final,Senegal,0.00172,1834.5
Morocco,quarter_final,Colombia,0.00136,2005.8
Morocco,quarter_final,Spain,0.00096,2156.2
Morocco,quarter_final,Uruguay,0.00082,1840.2
Morocco,quarter_final,Ecuador,0.00078,1869.7
Morocco,quarter_final,Netherlands,0.00074,1988.0
Morocco,quarter_final,South Korea,0.0007,1771.5
Morocco,quarter_final,Croatia,0.00058,1867.1
Morocco,quarter_final,DR Congo,0.00058,1680.2
Morocco,quarter_final,Uzbekistan,0.0005,1673.2
Morocco,quarter_final,Ivory Coast,0.00026,1764.0
Morocco,quarter_final,Belgium,0.0002,1897.7
Morocco,quarter_final,Switzerland,0.00018,1892.8
Morocco,quarter_final,Algeria,0.00012,1784.8
Morocco,quarter_final,Iran,0.00012,1788.7
Morocco,quarter_final,Austria,8e-05,1894.3
Morocco,quarter_final,Canada,8e-05,1835.5
Morocco,quarter_final,Egypt,8e-05,1718.7
Morocco,quarter_final,Ghana,8e-05,1527.5
Morocco,quarter_final,Czechia,6e-05,1700.3
Morocco,quarter_final,Argentina,4e-05,2165.3
Morocco,quarter_final,Cape Verde,4e-05,1634.0
Morocco,quarter_final,Iraq,2e-05,1583.0
Morocco,quarter_final,Jordan,2e-05,1612.9
Morocco,quarter_final,New Zealand,2e-05,1551.7
Morocco,round_of_16,Switzerland,0.09288,1892.8
Morocco,round_of_16,South Korea,0.07356,1771.5
Morocco,round_of_16,Norway,0.06508,1936.7
Morocco,round_of_16,Canada,0.0616,1835.5
Morocco,round_of_16,Ivory Coast,0.0423,1764.0
Morocco,round_of_16,France,0.03714,2121.4
Morocco,round_of_16,Senegal,0.02136,1834.5
Morocco,round_of_16,Mexico,0.00894,1973.7
Morocco,round_of_16,South Africa,0.00472,1499.3
Morocco,round_of_16,England,0.00466,2076.8
Morocco,round_of_16,Ecuador,0.00344,1869.7
Morocco,round_of_16,Czechia,0.0031,1700.3
Morocco,round_of_16,Curacao,0.00088,1421.3
Morocco,round_of_16,Bosnia and Herzegovina,0.00086,1574.5
Morocco,round_of_16,Iraq,0.00042,1583.0
Morocco,round_of_16,Germany,0.00036,1997.8
Morocco,round_of_16,Portugal,0.00034,1995.2
Morocco,round_of_16,DR Congo,0.00024,1680.2
Morocco,round_of_16,Sweden,0.00018,1725.7
Morocco,round_of_16,Uzbekistan,0.00018,1673.2
Morocco,round_of_16,Colombia,0.00012,2005.8
Morocco,round_of_16,Japan,8e-05,1966.0
Morocco,round_of_16,Algeria,6e-05,1784.8
Morocco,round_of_16,Paraguay,6e-05,1826.8
Morocco,round_of_16,Panama,4e-05,1673.3
Morocco,round_of_16,Australia,2e-05,1806.2
Morocco,round_of_16,Austria,2e-05,1894.3
Morocco,round_of_16,Croatia,2e-05,1867.1
Morocco,round_of_16,Egypt,2e-05,1718.7
Morocco,round_of_16,Ghana,2e-05,1527.5
Morocco,round_of_16,Turkey,2e-05,1824.0
Morocco,round_of_32,Netherlands,0.53502,1988.0
Morocco,round_of_32,Japan,0.37488,1966.0
Morocco,round_of_32,Sweden,0.06844,1725.7
Morocco,round_of_32,Mexico,0.0149,1973.7
Morocco,round_of_32,Germany,0.0062,1997.8
Morocco,round_of_32,South Korea,0.00048,1771.5
Morocco,round_of_32,Ivory Coast,4e-05,1764.0
Morocco,round_of_32,France,2e-05,2121.4
Morocco,round_of_32,Norway,2e-05,1936.7
Morocco,semi_final,Spain,0.02176,2156.2
Morocco,semi_final,Argentina,0.01848,2165.3
Morocco,semi_final,Colombia,0.00746,2005.8
Morocco,semi_final,United States,0.00674,1866.7
Morocco,semi_final,Portugal,0.00644,1995.2
Morocco,semi_final,Austria,0.00392,1894.3
Morocco,semi_final,Belgium,0.00378,1897.7
Morocco,semi_final,Croatia,0.00226,1867.1
Morocco,semi_final,Canada,0.00134,1835.5
Morocco,semi_final,Uruguay,0.00134,1840.2
Morocco,semi_final,Iran,0.0013,1788.7
Morocco,semi_final,Switzerland,0.00114,1892.8
Morocco,semi_final,Egypt,0.00076,1718.7
Morocco,semi_final,Algeria,0.00068,1784.8
Morocco,semi_final,Senegal,0.00066,1834.5
Morocco,semi_final,Paraguay,0.00058,1826.8
Morocco,semi_final,Australia,0.00054,1806.2
Morocco,semi_final,Ecuador,0.00054,1869.7
Morocco,semi_final,Norway,0.00054,1936.7
Morocco,semi_final,England,0.00044,2076.8
Morocco,semi_final,South Korea,0.00044,1771.5
Morocco,semi_final,France,0.00022,2121.4
Morocco,semi_final,DR Congo,0.0002,1680.2
Morocco,semi_final,Cape Verde,0.00016,1634.0
Morocco,semi_final,Czechia,0.0001,1700.3
Morocco,semi_final,Uzbekistan,0.0001,1673.2
Morocco,semi_final,Bosnia and Herzegovina,8e-05,1574.5
Morocco,semi_final,Panama,8e-05,1673.3
Morocco,semi_final,Ivory Coast,6e-05,1764.0
Morocco,semi_final,Ghana,4e-05,1527.5
Morocco,semi_final,Japan,4e-05,1966.0
Morocco,semi_final,New Zealand,4e-05,1551.7
Morocco,semi_final,Saudi Arabia,2e-05,1567.9
Morocco,semi_final,Sweden,2e-05,1725.7
Morocco,semi_final,Turkey,2e-05,1824.0
Netherlands,final,Argentina,0.0204,2165.3
Netherlands,final,England,0.00974,2076.8
Netherlands,final,France,0.00706,2121.4
Netherlands,final,Spain,0.00616,2156.2
Netherlands,final,Colombia,0.00506,2005.8
Netherlands,final,Brazil,0.00434,2020.0
Netherlands,final,Japan,0.00382,1966.0
Netherlands,final,Mexico,0.00306,1973.7
Netherlands,final,Portugal,0.00278,1995.2
Netherlands,final,Norway,0.00226,1936.7
Netherlands,final,Germany,0.0015,1997.8
Netherlands,final,Switzerland,0.00136,1892.8
Netherlands,final,Belgium,0.00116,1897.7
Netherlands,final,Austria,0.00112,1894.3
Netherlands,final,Morocco,0.001,1896.5
Netherlands,final,United States,0.00084,1866.7
Netherlands,final,Canada,0.00064,1835.5
Netherlands,final,Australia,0.00058,1806.2
Netherlands,final,Iran,0.00042,1788.7
Netherlands,final,Paraguay,0.0004,1826.8
Netherlands,final,Senegal,0.00034,1834.5
Netherlands,final,Ivory Coast,0.00032,1764.0
Netherlands,final,Croatia,0.00028,1867.1
Netherlands,final,Ecuador,0.0002,1869.7
Netherlands,final,Scotland,0.00018,1773.8
Netherlands,final,Uruguay,0.00016,1840.2
Netherlands,final,Algeria,0.0001,1784.8
Netherlands,final,Egypt,0.0001,1718.7
Netherlands,final,South Korea,0.0001,1771.5
Netherlands,final,Sweden,8e-05,1725.7
Netherlands,final,DR Congo,4e-05,1680.2
Netherlands,final,Uzbekistan,4e-05,1673.2
Netherlands,final,Cape Verde,2e-05,1634.0
Netherlands,final,Czechia,2e-05,1700.3
Netherlands,final,Panama,2e-05,1673.3
Netherlands,final,Saudi Arabia,2e-05,1567.9
Netherlands,final,Turkey,2e-05,1824.0
Netherlands,quarter_final,France,0.12248,2121.4
Netherlands,quarter_final,Germany,0.0887,1997.8
Netherlands,quarter_final,England,0.04566,2076.8
Netherlands,quarter_final,Mexico,0.02464,1973.7
Netherlands,quarter_final,Norway,0.02452,1936.7
Netherlands,quarter_final,Japan,0.01006,1966.0
Netherlands,quarter_final,Paraguay,0.00942,1826.8
Netherlands,quarter_final,Sweden,0.00788,1725.7
Netherlands,quarter_final,Brazil,0.0067,2020.0
Netherlands,quarter_final,Australia,0.00542,1806.2
Netherlands,quarter_final,Scotland,0.00526,1773.8
Netherlands,quarter_final,Turkey,0.00356,1824.0
Netherlands,quarter_final,Portugal,0.00304,1995.2
Netherlands,quarter_final,Senegal,0.0022,1834.5
Netherlands,quarter_final,Colombia,0.00158,2005.8
Netherlands,quarter_final,Spain,0.00152,2156.2
Netherlands,quarter_final,Ecuador,0.00108,1869.7
Netherlands,quarter_final,DR Congo,0.00094,1680.2
Netherlands,quarter_final,Uruguay,0.00078,1840.2
Netherlands,quarter_final,Morocco,0.00074,1896.5
Netherlands,quarter_final,South Korea,0.00074,1771.5
Netherlands,quarter_final,Croatia,0.00056,1867.1
Netherlands,quarter_final,Uzbekistan,0.0005,1673.2
Netherlands,quarter_final,Ivory Coast,0.00046,1764.0
Netherlands,quarter_final,Iran,0.00026,1788.7
Netherlands,quarter_final,Austria,0.0002,1894.3
Netherlands,quarter_final,Belgium,0.0002,1897.7
Netherlands,quarter_final,Cape Verde,0.00016,1634.0
Netherlands,quarter_final,Egypt,0.00012,1718.7
Netherlands,quarter_final,Algeria,0.0001,1784.8
Netherlands,quarter_final,Argentina,8e-05,2165.3
Netherlands,quarter_final,Ghana,6e-05,1527.5
Netherlands,quarter_final,Saudi Arabia,6e-05,1567.9
Netherlands,quarter_final,Canada,4e-05,1835.5
Netherlands,quarter_final,Iraq,4e-05,1583.0
Netherlands,quarter_final,New Zealand,4e-05,1551.7
Netherlands,quarter_final,Switzerland,4e-05,1892.8
Netherlands,quarter_final,Panama,2e-05,1673.3
Netherlands,round_of_16,Switzerland,0.15082,1892.8
Netherlands,round_of_16,South Korea,0.12356,1771.5
Netherlands,round_of_16,Canada,0.104,1835.5
Netherlands,round_of_16,Norway,0.062,1936.7
Netherlands,round_of_16,Ivory Coast,0.03922,1764.0
Netherlands,round_of_16,France,0.03242,2121.4
Netherlands,round_of_16,Senegal,0.01908,1834.5
Netherlands,round_of_16,Mexico,0.01426,1973.7
Netherlands,round_of_16,South Africa,0.00764,1499.3
Netherlands,round_of_16,Czechia,0.00518,1700.3
Netherlands,round_of_16,Ecuador,0.00318,1869.7
Netherlands,round_of_16,Bosnia and Herzegovina,0.00128,1574.5
Netherlands,round_of_16,Germany,0.00104,1997.8
Netherlands,round_of_16,Curacao,0.00078,1421.3
Netherlands,round_of_16,Iraq,0.0005,1583.0
Netherlands,round_of_16,Australia,0.00012,1806.2
Netherlands,round_of_16,Paraguay,0.0001,1826.8
Netherlands,round_of_16,Brazil,4e-05,2020.0
Netherlands,round_of_16,Turkey,4e-05,1824.0
Netherlands,round_of_16,Egypt,2e-05,1718.7
Netherlands,round_of_16,Scotland,2e-05,1773.8
Netherlands,round_of_32,Morocco,0.53502,1896.5
Netherlands,round_of_32,Brazil,0.35666,2020.0
Netherlands,round_of_32,Scotland,0.10576,1773.8
Netherlands,round_of_32,France,0.0019,2121.4
Netherlands,round_of_32,Norway,0.00052,1936.7
Netherlands,round_of_32,Germany,4e-05,1997.8
Netherlands,round_of_32,Senegal,4e-05,1834.5
Netherlands,round_of_32,United States,4e-05,1866.7
Netherlands,round_of_32,Mexico,2e-05,1973.7
Netherlands,semi_final,Spain,0.0569,2156.2
Netherlands,semi_final,Argentina,0.02672,2165.3
Netherlands,semi_final,United States,0.01498,1866.7
Netherlands,semi_final,Portugal,0.01362,1995.2
Netherlands,semi_final,Colombia,0.01256,2005.8
Netherlands,semi_final,Austria,0.00912,1894.3
Netherlands,semi_final,Belgium,0.0079,1897.7
Netherlands,semi_final,Croatia,0.00598,1867.1
Netherlands,semi_final,Uruguay,0.00224,1840.2
Netherlands,semi_final,Iran,0.00218,1788.7
Netherlands,semi_final,Algeria,0.0019,1784.8
Netherlands,semi_final,Egypt,0.00166,1718.7
Netherlands,semi_final,Switzerland,0.00162,1892.8
Netherlands,semi_final,Senegal,0.00144,1834.5
Netherlands,semi_final,England,0.00138,2076.8
Netherlands,semi_final,Canada,0.00134,1835.5
Netherlands,semi_final,Norway,0.00118,1936.7
Netherlands,semi_final,Australia,0.001,1806.2
Netherlands,semi_final,Ecuador,0.0008,1869.7
Netherlands,semi_final,Paraguay,0.0008,1826.8
Netherlands,semi_final,South Korea,0.00064,1771.5
Netherlands,semi_final,DR Congo,0.00044,1680.2
Netherlands,semi_final,France,0.0004,2121.4
Netherlands,semi_final,Czechia,0.00038,1700.3
Netherlands,semi_final,Bosnia and Herzegovina,0.0003,1574.5
Netherlands,semi_final,Panama,0.00018,1673.3
Netherlands,semi_final,Ivory Coast,0.00014,1764.0
Netherlands,semi_final,Uzbekistan,0.00014,1673.2
Netherlands,semi_final,New Zealand,0.0001,1551.7
Netherlands,semi_final,Iraq,8e-05,1583.0
Netherlands,semi_final,Jordan,8e-05,1612.9
Netherlands,semi_final,Ghana,6e-05,1527.5
Netherlands,semi_final,Cape Verde,4e-05,1634.0
Netherlands,semi_final,Qatar,4e-05,1402.7
Netherlands,semi_final,Saudi Arabia,4e-05,1567.9
Netherlands,semi_final,Sweden,4e-05,1725.7
Netherlands,semi_final,Japan,2e-05,1966.0
Netherlands,semi_final,South Africa,2e-05,1499.3
New Zealand,final,Germany,4e-05,1997.8
New Zealand,final,France,2e-05,2121.4
New Zealand,final,Spain,2e-05,2156.2
New Zealand,quarter_final,Spain,0.00272,2156.2
New Zealand,quarter_final,Argentina,0.00198,2165.3
New Zealand,quarter_final,Portugal,0.00122,1995.2
New Zealand,quarter_final,Colombia,0.00114,2005.8
New Zealand,quarter_final,Austria,0.00068,1894.3
New Zealand,quarter_final,Croatia,0.00036,1867.1
New Zealand,quarter_final,Canada,0.00034,1835.5
New Zealand,quarter_final,Switzerland,0.00032,1892.8
New Zealand,quarter_final,Belgium,0.0003,1897.7
New Zealand,quarter_final,Australia,0.00016,1806.2
New Zealand,quarter_final,Iran,0.00016,1788.7
New Zealand,quarter_final,Paraguay,0.00016,1826.8
New Zealand,quarter_final,Senegal,8e-05,1834.5
New Zealand,quarter_final,Uruguay,8e-05,1840.2
New Zealand,quarter_final,Egypt,6e-05,1718.7
New Zealand,quarter_final,Algeria,4e-05,1784.8
New Zealand,quarter_final,DR Congo,4e-05,1680.2
New Zealand,quarter_final,England,4e-05,2076.8
New Zealand,quarter_final,Netherlands,4e-05,1988.0
New Zealand,quarter_final,Norway,4e-05,1936.7
New Zealand,quarter_final,Panama,4e-05,1673.3
New Zealand,quarter_final,Cape Verde,2e-05,1634.0
New Zealand,quarter_final,Ecuador,2e-05,1869.7
New Zealand,quarter_final,Morocco,2e-05,1896.5
New Zealand,quarter_final,Saudi Arabia,2e-05,1567.9
New Zealand,quarter_final,South Korea,2e-05,1771.5
New Zealand,quarter_final,Uzbekistan,2e-05,1673.2
New Zealand,round_of_16,Argentina,0.02512,2165.3
New Zealand,round_of_16,United States,0.01646,1866.7
New Zealand,round_of_16,Colombia,0.01156,2005.8
New Zealand,round_of_16,Portugal,0.0048,1995.2
New Zealand,round_of_16,Austria,0.00422,1894.3
New Zealand,round_of_16,Bosnia and Herzegovina,0.00228,1574.5
New Zealand,round_of_16,Senegal,0.0014,1834.5
New Zealand,round_of_16,Cape Verde,0.00132,1634.0
New Zealand,round_of_16,Spain,0.00116,2156.2
New Zealand,round_of_16,Croatia,0.00094,1867.1
New Zealand,round_of_16,Norway,0.0008,1936.7
New Zealand,round_of_16,Ghana,0.00072,1527.5
New Zealand,round_of_16,Ecuador,0.0007,1869.7
New Zealand,round_of_16,Algeria,0.00054,1784.8
New Zealand,round_of_16,Saudi Arabia,0.00052,1567.9
New Zealand,round_of_16,Uruguay,0.0005,1840.2
New Zealand,round_of_16,Germany,0.00042,1997.8
New Zealand,round_of_16,Qatar,0.00042,1402.7
New Zealand,round_of_16,DR Congo,0.00038,1680.2
New Zealand,round_of_16,Panama,0.00036,1673.3
New Zealand,round_of_16,France,0.00018,2121.4
New Zealand,round_of_16,Paraguay,0.00018,1826.8
New Zealand,round_of_16,Iraq,0.0001,1583.0
New Zealand,round_of_16,Ivory Coast,0.0001,1764.0
New Zealand,round_of_16,Turkey,0.0001,1824.0
New Zealand,round_of_16,England,8e-05,2076.8
New Zealand,round_of_16,Switzerland,8e-05,1892.8
New Zealand,round_of_16,Uzbekistan,8e-05,1673.2
New Zealand,round_of_16,Australia,6e-05,1806.2
New Zealand,round_of_16,Jordan,6e-05,1612.9
New Zealand,round_of_16,Sweden,6e-05,1725.7
New Zealand,round_of_16,Brazil,4e-05,2020.0
New Zealand,round_of_16,Japan,4e-05,1966.0
New Zealand,round_of_16,Curacao,2e-05,1421.3
New Zealand,round_of_16,Scotland,2e-05,1773.8
New Zealand,round_of_32,Australia,0.09154,1806.2
New Zealand,round_of_32,Canada,0.06998,1835.5
New Zealand,round_of_32,Paraguay,0.05876,1826.8
New Zealand,round_of_32,Switzerland,0.05264,1892.8
New Zealand,round_of_32,South Korea,0.0109,1771.5
New Zealand,round_of_32,Algeria,0.01008,1784.8
New Zealand,round_of_32,Czechia,0.00984,1700.3
New Zealand,round_of_32,Uruguay,0.0097,1840.2
New Zealand,round_of_32,Senegal,0.00836,1834.5
New Zealand,round_of_32,France,0.00604,2121.4
New Zealand,round_of_32,Austria,0.00566,1894.3
New Zealand,round_of_32,Norway,0.00512,1936.7
New Zealand,round_of_32,Cape Verde,0.0038,1634.0
New Zealand,round_of_32,Jordan,0.00374,1612.9
New Zealand,round_of_32,Ecuador,0.00276,1869.7
New Zealand,round_of_32,Spain,0.0026,2156.2
New Zealand,round_of_32,Iraq,0.00184,1583.0
New Zealand,round_of_32,South Africa,0.0016,1499.3
New Zealand,round_of_32,Saudi Arabia,0.00156,1567.9
New Zealand,round_of_32,United States,0.00146,1866.7
New Zealand,round_of_32,Ivory Coast,0.00112,1764.0
New Zealand,round_of_32,Curacao,0.00032,1421.3
New Zealand,round_of_32,Argentina,0.00014,2165.3
New Zealand,semi_final,France,0.00026,2121.4
New Zealand,semi_final,England,0.0002,2076.8
New Zealand,semi_final,Germany,0.0001,1997.8
New Zealand,semi_final,Netherlands,0.0001,1988.0
New Zealand,semi_final,Brazil,8e-05,2020.0
New Zealand,semi_final,Mexico,6e-05,1973.7
New Zealand,semi_final,Canada,4e-05,1835.5
New Zealand,semi_final,Japan,4e-05,1966.0
New Zealand,semi_final,Morocco,4e-05,1896.5
New Zealand,semi_final,Paraguay,4e-05,1826.8
New Zealand,semi_final,Switzerland,4e-05,1892.8
New Zealand,semi_final,Czechia,2e-05,1700.3
New Zealand,semi_final,Ivory Coast,2e-05,1764.0
New Zealand,semi_final,Norway,2e-05,1936.7
Norway,final,France,0.01166,2121.4
Norway,final,Spain,0.00992,2156.2
Norway,final,Argentina,0.00868,2165.3
Norway,final,England,0.0039,2076.8
Norway,final,Germany,0.00276,1997.8
Norway,final,Colombia,0.00272,2005.8
Norway,final,Netherlands,0.00226,1988.0
Norway,final,Portugal,0.00224,1995.2
Norway,final,Brazil,0.00204,2020.0
Norway,final,Japan,0.00138,1966.0
Norway,final,Mexico,0.00136,1973.7
Norway,final,United States,0.00132,1866.7
Norway,final,Belgium,0.0011,1897.7
Norway,final,Austria,0.001,1894.3
Norway,final,Switzerland,0.00068,1892.8
Norway,final,Morocco,0.00056,1896.5
Norway,final,Croatia,0.00052,1867.1
Norway,final,Canada,0.00042,1835.5
Norway,final,Paraguay,0.00026,1826.8
Norway,final,Senegal,0.00022,1834.5
Norway,final,South Korea,0.00022,1771.5
Norway,final,Uruguay,0.0002,1840.2
Norway,final,Ecuador,0.00018,1869.7
Norway,final,Australia,0.00014,1806.2
Norway,final,Algeria,0.00012,1784.8
Norway,final,Iran,0.00012,1788.7
Norway,final,Ivory Coast,8e-05,1764.0
Norway,final,Scotland,6e-05,1773.8
Norway,final,Turkey,6e-05,1824.0
Norway,final,Cape Verde,2e-05,1634.0
Norway,final,Czechia,2e-05,1700.3
Norway,final,DR Congo,2e-05,1680.2
Norway,final,Egypt,2e-05,1718.7
Norway,final,Sweden,2e-05,1725.7
Norway,final,Uzbekistan,2e-05,1673.2
Norway,quarter_final,England,0.08928,2076.8
Norway,quarter_final,Mexico,0.05168,1973.7
Norway,quarter_final,Netherlands,0.02452,1988.0
Norway,quarter_final,Brazil,0.01674,2020.0
Norway,quarter_final,Spain,0.01654,2156.2
Norway,quarter_final,Morocco,0.0137,1896.5
Norway,quarter_final,Switzerland,0.01316,1892.8
Norway,quarter_final,Japan,0.01244,1966.0
Norway,quarter_final,Argentina,0.01232,2165.3
Norway,quarter_final,Portugal,0.0089,1995.2
Norway,quarter_final,Canada,0.00872,1835.5
Norway,quarter_final,South Korea,0.00866,1771.5
Norway,quarter_final,Scotland,0.0079,1773.8
Norway,quarter_final,Senegal,0.0056,1834.5
Norway,quarter_final,Colombia,0.0054,2005.8
Norway,quarter_final,Austria,0.00344,1894.3
Norway,quarter_final,Croatia,0.00256,1867.1
Norway,quarter_final,Ecuador,0.0025,1869.7
Norway,quarter_final,Uruguay,0.00202,1840.2
Norway,quarter_final,DR Congo,0.00172,1680.2
Norway,quarter_final,Ivory Coast,0.00146,1764.0
Norway,quarter_final,Uzbekistan,0.0012,1673.2
Norway,quarter_final,Australia,0.00116,1806.2
Norway,quarter_final,Belgium,0.0008,1897.7
Norway,quarter_final,Paraguay,0.00066,1826.8
Norway,quarter_final,Sweden,0.00058,1725.7
Norway,quarter_final,Iran,0.0005,1788.7
Norway,quarter_final,Algeria,0.00044,1784.8
Norway,quarter_final,Cape Verde,0.00042,1634.0
Norway,quarter_final,France,0.00038,2121.4
Norway,quarter_final,Egypt,0.0002,1718.7
Norway,quarter_final,South Africa,0.0002,1499.3
Norway,quarter_final,Czechia,0.00018,1700.3
Norway,quarter_final,Saudi Arabia,0.00012,1567.9
Norway,quarter_final,Ghana,0.0001,1527.5
Norway,quarter_final,Iraq,0.0001,1583.0
Norway,quarter_final,Panama,0.0001,1673.3
Norway,quarter_final,Bosnia and Herzegovina,4e-05,1574.5
Norway,quarter_final,Curacao,4e-05,1421.3
Norway,quarter_final,New Zealand,4e-05,1551.7
Norway,quarter_final,Germany,2e-05,1997.8
Norway,quarter_final,Haiti,2e-05,1503.7
Norway,quarter_final,Jordan,2e-05,1612.9
Norway,round_of_16,Brazil,0.14408,2020.0
Norway,round_of_16,Germany,0.1224,1997.8
Norway,round_of_16,Japan,0.1057,1966.0
Norway,round_of_16,Morocco,0.06508,1896.5
Norway,round_of_16,Netherlands,0.062,1988.0
Norway,round_of_16,United States,0.02092,1866.7
Norway,round_of_16,Paraguay,0.02066,1826.8
Norway,round_of_16,Scotland,0.01402,1773.8
Norway,round_of_16,Sweden,0.01316,1725.7
Norway,round_of_16,Mexico,0.01248,1973.7
Norway,round_of_16,Australia,0.01226,1806.2
Norway,round_of_16,Canada,0.00816,1835.5
Norway,round_of_16,Turkey,0.0077,1824.0
Norway,round_of_16,Switzerland,0.00682,1892.8
Norway,round_of_16,Belgium,0.00538,1897.7
Norway,round_of_16,England,0.00428,2076.8
Norway,round_of_16,Iran,0.00398,1788.7
Norway,round_of_16,Egypt,0.00358,1718.7
Norway,round_of_16,Bosnia and Herzegovina,0.00332,1574.5
Norway,round_of_16,Algeria,0.00306,1784.8
Norway,round_of_16,Austria,0.00228,1894.3
Norway,round_of_16,Colombia,0.00228,2005.8
Norway,round_of_16,Uruguay,0.00226,1840.2
Norway,round_of_16,Ecuador,0.00176,1869.7
Norway,round_of_16,South Korea,0.00128,1771.5
Norway,round_of_16,Portugal,0.00112,1995.2
Norway,round_of_16,Spain,0.00104,2156.2
Norway,round_of_16,Ivory Coast,0.00088,1764.0
Norway,round_of_16,Qatar,0.00082,1402.7
Norway,round_of_16,New Zealand,0.0008,1551.7
Norway,round_of_16,Czechia,0.00066,1700.3
Norway,round_of_16,Jordan,0.00066,1612.9
Norway,round_of_16,Cape Verde,0.00048,1634.0
Norway,round_of_16,DR Congo,0.00034,1680.2
Norway,round_of_16,Croatia,0.00026,1867.1
Norway,round_of_16,Uzbekistan,0.00026,1673.2
Norway,round_of_16,Saudi Arabia,0.00018,1567.9
Norway,round_of_16,Ghana,0.00014,1527.5
Norway,round_of_16,Argentina,0.00012,2165.3
Norway,round_of_16,Curacao,6e-05,1421.3
Norway,round_of_16,Panama,6e-05,1673.3
Norway,round_of_16,Haiti,4e-05,1503.7
Norway,round_of_16,South Africa,2e-05,1499.3
Norway,round_of_32,Ivory Coast,0.47204,1764.0
Norway,round_of_32,Sweden,0.18118,1725.7
Norway,round_of_32,England,0.05414,2076.8
Norway,round_of_32,Curacao,0.04404,1421.3
Norway,round_of_32,Japan,0.03928,1966.0
Norway,round_of_32,Colombia,0.03322,2005.8
Norway,round_of_32,Ecuador,0.027,1869.7
Norway,round_of_32,United States,0.02498,1866.7
Norway,round_of_32,Egypt,0.01814,1718.7
Norway,round_of_32,Portugal,0.0178,1995.2
Norway,round_of_32,Belgium,0.017,1897.7
Norway,round_of_32,Iran,0.01132,1788.7
Norway,round_of_32,Mexico,0.01088,1973.7
Norway,round_of_32,Paraguay,0.00694,1826.8
Norway,round_of_32,Australia,0.0055,1806.2
Norway,round_of_32,New Zealand,0.00512,1551.7
Norway,round_of_32,DR Congo,0.00408,1680.2
Norway,round_of_32,Canada,0.00352,1835.5
Norway,round_of_32,Turkey,0.00296,1824.0
Norway,round_of_32,Switzerland,0.0025,1892.8
Norway,round_of_32,Germany,0.0023,1997.8
Norway,round_of_32,Croatia,0.00146,1867.1
Norway,round_of_32,Ghana,0.00122,1527.5
Norway,round_of_32,South Korea,0.00092,1771.5
Norway,round_of_32,Uzbekistan,0.00074,1673.2
Norway,round_of_32,Uruguay,0.00066,1840.2
Norway,round_of_32,Netherlands,0.00052,1988.0
Norway,round_of_32,Cape Verde,0.00046,1634.0
Norway,round_of_32,Panama,0.00042,1673.3
Norway,round_of_32,Spain,0.00038,2156.2
Norway,round_of_32,Saudi Arabia,0.00014,1567.9
Norway,round_of_32,Scotland,0.00012,1773.8
Norway,round_of_32,Brazil,2e-05,2020.0
Norway,round_of_32,Morocco,2e-05,1896.5
Norway,round_of_32,Tunisia,2e-05,1530.8
Norway,semi_final,Argentina,0.04074,2165.3
Norway,semi_final,Spain,0.02256,2156.2
Norway,semi_final,Colombia,0.01464,2005.8
Norway,semi_final,Portugal,0.0098,1995.2
Norway,semi_final,United States,0.00584,1866.7
Norway,semi_final,Austria,0.00576,1894.3
Norway,semi_final,Belgium,0.00534,1897.7
Norway,semi_final,France,0.00402,2121.4
Norway,semi_final,Switzerland,0.00386,1892.8
Norway,semi_final,Canada,0.00348,1835.5
Norway,semi_final,England,0.0025,2076.8
Norway,semi_final,Croatia,0.00222,1867.1
Norway,semi_final,Australia,0.002,1806.2
Norway,semi_final,Iran,0.00178,1788.7
Norway,semi_final,Paraguay,0.0017,1826.8
Norway,semi_final,Brazil,0.00152,2020.0
Norway,semi_final,Senegal,0.00148,1834.5
Norway,semi_final,Germany,0.00142,1997.8
Norway,semi_final,Netherlands,0.00118,1988.0
Norway,semi_final,Egypt,0.00114,1718.7
Norway,semi_final,Japan,0.00112,1966.0
Norway,semi_final,Uruguay,0.001,1840.2
Norway,semi_final,Algeria,0.00082,1784.8
Norway,semi_final,Mexico,0.0008,1973.7
Norway,semi_final,Ecuador,0.00068,1869.7
Norway,semi_final,South Korea,0.00064,1771.5
Norway,semi_final,Morocco,0.00054,1896.5
Norway,semi_final,DR Congo,0.00026,1680.2
Norway,semi_final,Cape Verde,0.00024,1634.0
Norway,semi_final,Ivory Coast,0.0002,1764.0
Norway,semi_final,Sweden,0.00018,1725.7
Norway,semi_final,Panama,0.00014,1673.3
Norway,semi_final,Bosnia and Herzegovina,0.00012,1574.5
Norway,semi_final,Czechia,0.0001,1700.3
Norway,semi_final,Ghana,0.0001,1527.5
Norway,semi_final,Jordan,0.0001,1612.9
Norway,semi_final,Scotland,0.0001,1773.8
Norway,semi_final,Uzbekistan,8e-05,1673.2
Norway,semi_final,Saudi Arabia,6e-05,1567.9
Norway,semi_final,Turkey,4e-05,1824.0
Norway,semi_final,Iraq,2e-05,1583.0
Norway,semi_final,New Zealand,2e-05,1551.7
Panama,final,France,8e-05,2121.4
Panama,final,Spain,8e-05,2156.2
Panama,final,England,6e-05,2076.8
Panama,final,Argentina,2e-05,2165.3
Panama,final,Colombia,2e-05,2005.8
Panama,final,Japan,2e-05,1966.0
Panama,final,Mexico,2e-05,1973.7
Panama,final,Netherlands,2e-05,1988.0
Panama,final,Portugal,2e-05,1995.2
Panama,final,Senegal,2e-05,1834.5
Panama,quarter_final,Argentina,0.00434,2165.3
Panama,quarter_final,Belgium,0.00108,1897.7
Panama,quarter_final,United States,0.00104,1866.7
Panama,quarter_final,Austria,0.00056,1894.3
Panama,quarter_final,Australia,0.00034,1806.2
Panama,quarter_final,Spain,0.00034,2156.2
Panama,quarter_final,Paraguay,0.00026,1826.8
Panama,quarter_final,Iran,0.00022,1788.7
Panama,quarter_final,Algeria,0.00018,1784.8
Panama,quarter_final,Egypt,0.00016,1718.7
Panama,quarter_final,France,0.00012,2121.4
Panama,quarter_final,Ecuador,0.0001,1869.7
Panama,quarter_final,Japan,0.0001,1966.0
Panama,quarter_final,Norway,0.0001,1936.7
Panama,quarter_final,Brazil,8e-05,2020.0
Panama,quarter_final,Cape Verde,8e-05,1634.0
Panama,quarter_final,South Korea,8e-05,1771.5
Panama,quarter_final,Uruguay,8e-05,1840.2
Panama,quarter_final,Ivory Coast,6e-05,1764.0
Panama,quarter_final,Bosnia and Herzegovina,4e-05,1574.5
Panama,quarter_final,New Zealand,4e-05,1551.7
Panama,quarter_final,Senegal,4e-05,1834.5
Panama,quarter_final,Czechia,2e-05,1700.3
Panama,quarter_final,Iraq,2e-05,1583.0
Panama,quarter_final,Jordan,2e-05,1612.9
Panama,quarter_final,Netherlands,2e-05,1988.0
Panama,quarter_final,Saudi Arabia,2e-05,1567.9
Panama,round_of_16,Spain,0.01372,2156.2
Panama,round_of_16,Canada,0.00714,1835.5
Panama,round_of_16,Switzerland,0.0057,1892.8
Panama,round_of_16,Austria,0.00418,1894.3
Panama,round_of_16,Algeria,0.00236,1784.8
Panama,round_of_16,Iran,0.00186,1788.7
Panama,round_of_16,Argentina,0.00156,2165.3
Panama,round_of_16,Egypt,0.00138,1718.7
Panama,round_of_16,Belgium,0.00136,1897.7
Panama,round_of_16,Mexico,0.001,1973.7
Panama,round_of_16,Uruguay,0.00094,1840.2
Panama,round_of_16,New Zealand,0.00036,1551.7
Panama,round_of_16,Ecuador,0.00032,1869.7
Panama,round_of_16,Scotland,0.0003,1773.8
Panama,round_of_16,Senegal,0.00028,1834.5
Panama,round_of_16,Jordan,0.00024,1612.9
Panama,round_of_16,Brazil,8e-05,2020.0
Panama,round_of_16,Cape Verde,8e-05,1634.0
Panama,round_of_16,Ivory Coast,8e-05,1764.0
Panama,round_of_16,Sweden,8e-05,1725.7
Panama,round_of_16,Norway,6e-05,1936.7
Panama,round_of_16,Morocco,4e-05,1896.5
Panama,round_of_16,South Korea,4e-05,1771.5
Panama,round_of_16,France,2e-05,2121.4
Panama,round_of_16,Japan,2e-05,1966.0
Panama,round_of_16,Saudi Arabia,2e-05,1567.9
Panama,round_of_32,Colombia,0.10008,2005.8
Panama,round_of_32,Portugal,0.0688,1995.2
Panama,round_of_32,DR Congo,0.02086,1680.2
Panama,round_of_32,Uzbekistan,0.01006,1673.2
Panama,round_of_32,Senegal,0.00054,1834.5
Panama,round_of_32,Norway,0.00042,1936.7
Panama,round_of_32,Ecuador,0.00012,1869.7
Panama,round_of_32,Iraq,0.00012,1583.0
Panama,round_of_32,Ivory Coast,8e-05,1764.0
Panama,round_of_32,Algeria,4e-05,1784.8
Panama,round_of_32,Austria,4e-05,1894.3
Panama,round_of_32,Spain,4e-05,2156.2
Panama,round_of_32,Curacao,2e-05,1421.3
Panama,round_of_32,France,2e-05,2121.4
Panama,round_of_32,Uruguay,2e-05,1840.2
Panama,semi_final,France,0.00028,2121.4
Panama,semi_final,Netherlands,0.00018,1988.0
Panama,semi_final,Brazil,0.00014,2020.0
Panama,semi_final,England,0.00014,2076.8
Panama,semi_final,Germany,0.00014,1997.8
Panama,semi_final,Mexico,0.00014,1973.7
Panama,semi_final,Norway,0.00014,1936.7
Panama,semi_final,Morocco,8e-05,1896.5
Panama,semi_final,Argentina,6e-05,2165.3
Panama,semi_final,Ivory Coast,6e-05,1764.0
Panama,semi_final,Japan,6e-05,1966.0
Panama,semi_final,Canada,4e-05,1835.5
Panama,semi_final,Portugal,4e-05,1995.2
Panama,semi_final,Scotland,4e-05,1773.8
Panama,semi_final,Colombia,2e-05,2005.8
Panama,semi_final,Croatia,2e-05,1867.1
Panama,semi_final,Senegal,2e-05,1834.5
Panama,semi_final,South Korea,2e-05,1771.5
Panama,semi_final,Spain,2e-05,2156.2
Panama,semi_final,Sweden,2e-05,1725.7
Panama,semi_final,Switzerland,2e-05,1892.8
Paraguay,final,Argentina,0.00228,2165.3
Paraguay,final,Spain,0.00168,2156.2
Paraguay,final,France,0.0015,2121.4
Paraguay,final,England,0.00058,2076.8
Paraguay,final,Portugal,0.00056,1995.2
Paraguay,final,Germany,0.0005,1997.8
Paraguay,final,Brazil,0.00048,2020.0
Paraguay,final,Colombia,0.00046,2005.8
Paraguay,final,Netherlands,0.0004,1988.0
Paraguay,final,Mexico,0.00038,1973.7
Paraguay,final,Japan,0.0003,1966.0
Paraguay,final,Norway,0.00026,1936.7
Paraguay,final,Austria,0.00022,1894.3
Paraguay,final,Belgium,0.0002,1897.7
Paraguay,final,United States,0.00018,1866.7
Paraguay,final,Senegal,0.00014,1834.5
Paraguay,final,Croatia,0.0001,1867.1
Paraguay,final,Morocco,0.0001,1896.5
Paraguay,final,Australia,8e-05,1806.2
Paraguay,final,Switzerland,8e-05,1892.8
Paraguay,final,Canada,6e-05,1835.5
Paraguay,final,Ivory Coast,6e-05,1764.0
Paraguay,final,Algeria,2e-05,1784.8
Paraguay,final,DR Congo,2e-05,1680.2
Paraguay,final,Iran,2e-05,1788.7
Paraguay,final,Scotland,2e-05,1773.8
Paraguay,final,Uruguay,2e-05,1840.2
Paraguay,quarter_final,Colombia,0.01748,2005.8
Paraguay,quarter_final,Switzerland,0.01106,1892.8
Paraguay,quarter_final,Canada,0.00948,1835.5
Paraguay,quarter_final,Netherlands,0.00942,1988.0
Paraguay,quarter_final,Portugal,0.00736,1995.2
Paraguay,quarter_final,Morocco,0.00456,1896.5
Paraguay,quarter_final,Japan,0.00402,1966.0
Paraguay,quarter_final,Brazil,0.00328,2020.0
Paraguay,quarter_final,South Korea,0.003,1771.5
Paraguay,quarter_final,Belgium,0.00206,1897.7
Paraguay,quarter_final,Argentina,0.00174,2165.3
Paraguay,quarter_final,Iran,0.0016,1788.7
Paraguay,quarter_final,Croatia,0.00132,1867.1
Paraguay,quarter_final,Senegal,0.00106,1834.5
Paraguay,quarter_final,Algeria,0.00092,1784.8
Paraguay,quarter_final,Egypt,0.00084,1718.7
Paraguay,quarter_final,Austria,0.00076,1894.3
Paraguay,quarter_final,Mexico,0.00074,1973.7
Paraguay,quarter_final,Norway,0.00066,1936.7
Paraguay,quarter_final,Scotland,0.00054,1773.8
Paraguay,quarter_final,Ecuador,0.00052,1869.7
Paraguay,quarter_final,Australia,0.0005,1806.2
Paraguay,quarter_final,DR Congo,0.00048,1680.2
Paraguay,quarter_final,Spain,0.00046,2156.2
Paraguay,quarter_final,Ghana,0.00042,1527.5
Paraguay,quarter_final,Panama,0.00026,1673.3
Paraguay,quarter_final,France,0.00022,2121.4
Paraguay,quarter_final,England,0.0002,2076.8
Paraguay,quarter_final,Sweden,0.0002,1725.7
Paraguay,quarter_final,Ivory Coast,0.00018,1764.0
Paraguay,quarter_final,Uruguay,0.00018,1840.2
Paraguay,quarter_final,New Zealand,0.00016,1551.7
Paraguay,quarter_final,Jordan,8e-05,1612.9
Paraguay,quarter_final,Czechia,4e-05,1700.3
Paraguay,quarter_final,Uzbekistan,4e-05,1673.2
Paraguay,quarter_final,Cape Verde,2e-05,1634.0
Paraguay,quarter_final,Curacao,2e-05,1421.3
Paraguay,quarter_final,Iraq,2e-05,1583.0
Paraguay,quarter_final,Saudi Arabia,2e-05,1567.9
Paraguay,round_of_16,Argentina,0.16688,2165.3
Paraguay,round_of_16,France,0.07104,2121.4
Paraguay,round_of_16,Austria,0.02354,1894.3
Paraguay,round_of_16,Norway,0.02066,1936.7
Paraguay,round_of_16,Sweden,0.0127,1725.7
Paraguay,round_of_16,Cape Verde,0.01042,1634.0
Paraguay,round_of_16,Spain,0.0087,2156.2
Paraguay,round_of_16,Japan,0.0066,1966.0
Paraguay,round_of_16,Germany,0.00468,1997.8
Paraguay,round_of_16,Saudi Arabia,0.00298,1567.9
Paraguay,round_of_16,Uruguay,0.00256,1840.2
Paraguay,round_of_16,Canada,0.00172,1835.5
Paraguay,round_of_16,Scotland,0.00134,1773.8
Paraguay,round_of_16,Switzerland,0.00126,1892.8
Paraguay,round_of_16,Senegal,0.00098,1834.5
Paraguay,round_of_16,Algeria,0.00094,1784.8
Paraguay,round_of_16,Belgium,0.0008,1897.7
Paraguay,round_of_16,Brazil,0.00078,2020.0
Paraguay,round_of_16,Iran,0.00074,1788.7
Paraguay,round_of_16,Egypt,0.00068,1718.7
Paraguay,round_of_16,Jordan,0.00018,1612.9
Paraguay,round_of_16,New Zealand,0.00018,1551.7
Paraguay,round_of_16,Ecuador,0.0001,1869.7
Paraguay,round_of_16,Netherlands,0.0001,1988.0
Paraguay,round_of_16,Czechia,6e-05,1700.3
Paraguay,round_of_16,Morocco,6e-05,1896.5
Paraguay,round_of_16,South Korea,6e-05,1771.5
Paraguay,round_of_16,Haiti,4e-05,1503.7
Paraguay,round_of_16,Ivory Coast,4e-05,1764.0
Paraguay,round_of_16,Iraq,2e-05,1583.0
Paraguay,round_of_32,Germany,0.36774,1997.8
Paraguay,round_of_32,Belgium,0.1411,1897.7
Paraguay,round_of_32,Iran,0.10414,1788.7
Paraguay,round_of_32,Egypt,0.08158,1718.7
Paraguay,round_of_32,New Zealand,0.05876,1551.7
Paraguay,round_of_32,France,0.02268,2121.4
Paraguay,round_of_32,Colombia,0.01042,2005.8
Paraguay,round_of_32,Norway,0.00694,1936.7
Paraguay,round_of_32,Portugal,0.00398,1995.2
Paraguay,round_of_32,Ivory Coast,0.00144,1764.0
Paraguay,round_of_32,Bosnia and Herzegovina,0.00094,1574.5
Paraguay,round_of_32,DR Congo,0.00052,1680.2
Paraguay,round_of_32,Senegal,0.00042,1834.5
Paraguay,round_of_32,Qatar,0.00032,1402.7
Paraguay,round_of_32,Ecuador,0.0001,1869.7
Paraguay,round_of_32,Uzbekistan,0.0001,1673.2
Paraguay,round_of_32,Switzerland,6e-05,1892.8
Paraguay,round_of_32,Austria,4e-05,1894.3
Paraguay,round_of_32,Jordan,4e-05,1612.9
Paraguay,round_of_32,Algeria,2e-05,1784.8
Paraguay,round_of_32,Iraq,2e-05,1583.0
Paraguay,semi_final,Spain,0.00664,2156.2
Paraguay,semi_final,England,0.00656,2076.8
Paraguay,semi_final,Mexico,0.00304,1973.7
Paraguay,semi_final,Brazil,0.00272,2020.0
Paraguay,semi_final,United States,0.00206,1866.7
Paraguay,semi_final,Norway,0.0017,1936.7
Paraguay,semi_final,France,0.00154,2121.4
Paraguay,semi_final,Portugal,0.00152,1995.2
Paraguay,semi_final,Japan,0.00148,1966.0
Paraguay,semi_final,Colombia,0.0009,2005.8
Paraguay,semi_final,Netherlands,0.0008,1988.0
Paraguay,semi_final,Belgium,0.00076,1897.7
Paraguay,semi_final,Croatia,0.00076,1867.1
Paraguay,semi_final,Austria,0.00068,1894.3
Paraguay,semi_final,Argentina,0.00064,2165.3
Paraguay,semi_final,Morocco,0.00058,1896.5
Paraguay,semi_final,Senegal,0.00044,1834.5
Paraguay,semi_final,Ivory Coast,0.00028,1764.0
Paraguay,semi_final,Algeria,0.00026,1784.8
Paraguay,semi_final,Scotland,0.00022,1773.8
Paraguay,semi_final,Uruguay,0.00022,1840.2
Paraguay,semi_final,Ecuador,0.00018,1869.7
Paraguay,semi_final,DR Congo,0.00016,1680.2
Paraguay,semi_final,Iran,0.00014,1788.7
Paraguay,semi_final,Egypt,0.0001,1718.7
Paraguay,semi_final,Uzbekistan,6e-05,1673.2
Paraguay,semi_final,New Zealand,4e-05,1551.7
Paraguay,semi_final,South Korea,4e-05,1771.5
Paraguay,semi_final,Sweden,4e-05,1725.7
Paraguay,semi_final,Czechia,2e-05,1700.3
Paraguay,semi_final,Germany,2e-05,1997.8
Paraguay,semi_final,Jordan,2e-05,1612.9
Paraguay,semi_final,Switzerland,2e-05,1892.8
Paraguay,semi_final,Turkey,2e-05,1824.0
Portugal,final,Argentina,0.01562,2165.3
Portugal,final,Spain,0.01258,2156.2
Portugal,final,France,0.01096,2121.4
Portugal,final,Colombia,0.00712,2005.8
Portugal,final,England,0.0066,2076.8
Portugal,final,Germany,0.0037,1997.8
Portugal,final,Brazil,0.00334,2020.0
Portugal,final,Netherlands,0.00278,1988.0
Portugal,final,Mexico,0.00264,1973.7
Portugal,final,Norway,0.00224,1936.7
Portugal,final,Japan,0.00208,1966.0
Portugal,final,United States,0.002,1866.7
Portugal,final,Belgium,0.00148,1897.7
Portugal,final,Switzerland,0.00118,1892.8
Portugal,final,Austria,0.00112,1894.3
Portugal,final,Morocco,0.00106,1896.5
Portugal,final,Croatia,0.00094,1867.1
Portugal,final,Canada,0.00092,1835.5
Portugal,final,Senegal,0.00068,1834.5
Portugal,final,Paraguay,0.00056,1826.8
Portugal,final,Australia,0.00036,1806.2
Portugal,final,South Korea,0.00036,1771.5
Portugal,final,Egypt,0.0003,1718.7
Portugal,final,Uruguay,0.0003,1840.2
Portugal,final,Iran,0.00024,1788.7
Portugal,final,Algeria,0.00022,1784.8
Portugal,final,Ecuador,0.0002,1869.7
Portugal,final,Scotland,0.00018,1773.8
Portugal,final,Sweden,0.00014,1725.7
Portugal,final,Ivory Coast,0.00012,1764.0
Portugal,final,Turkey,8e-05,1824.0
Portugal,final,DR Congo,6e-05,1680.2
Portugal,final,Cape Verde,4e-05,1634.0
Portugal,final,Czechia,2e-05,1700.3
Portugal,final,Jordan,2e-05,1612.9
Portugal,final,Panama,2e-05,1673.3
Portugal,quarter_final,Argentina,0.10492,2165.3
Portugal,quarter_final,United States,0.05268,1866.7
Portugal,quarter_final,Belgium,0.02894,1897.7
Portugal,quarter_final,Austria,0.014,1894.3
Portugal,quarter_final,Iran,0.01102,1788.7
Portugal,quarter_final,Australia,0.0108,1806.2
Portugal,quarter_final,Norway,0.0089,1936.7
Portugal,quarter_final,Egypt,0.00808,1718.7
Portugal,quarter_final,Spain,0.00808,2156.2
Portugal,quarter_final,Brazil,0.00746,2020.0
Portugal,quarter_final,Paraguay,0.00736,1826.8
Portugal,quarter_final,Senegal,0.00634,1834.5
Portugal,quarter_final,Uruguay,0.0054,1840.2
Portugal,quarter_final,France,0.00498,2121.4
Portugal,quarter_final,Japan,0.00476,1966.0
Portugal,quarter_final,Algeria,0.00444,1784.8
Portugal,quarter_final,South Korea,0.00356,1771.5
Portugal,quarter_final,Cape Verde,0.00312,1634.0
Portugal,quarter_final,Netherlands,0.00304,1988.0
Portugal,quarter_final,Bosnia and Herzegovina,0.00284,1574.5
Portugal,quarter_final,Morocco,0.00268,1896.5
Portugal,quarter_final,Ivory Coast,0.00252,1764.0
Portugal,quarter_final,Ecuador,0.00244,1869.7
Portugal,quarter_final,Czechia,0.00206,1700.3
Portugal,quarter_final,New Zealand,0.00122,1551.7
Portugal,quarter_final,Jordan,0.00088,1612.9
Portugal,quarter_final,Saudi Arabia,0.00066,1567.9
Portugal,quarter_final,Sweden,0.00044,1725.7
Portugal,quarter_final,Switzerland,0.00042,1892.8
Portugal,quarter_final,Iraq,0.00032,1583.0
Portugal,quarter_final,Qatar,0.0002,1402.7
Portugal,quarter_final,South Africa,0.00014,1499.3
Portugal,quarter_final,Scotland,6e-05,1773.8
Portugal,quarter_final,Curacao,2e-05,1421.3
Portugal,quarter_final,Germany,2e-05,1997.8
Portugal,round_of_16,Spain,0.2118,2156.2
Portugal,round_of_16,Canada,0.07962,1835.5
Portugal,round_of_16,Switzerland,0.06414,1892.8
Portugal,round_of_16,Austria,0.06206,1894.3
Portugal,round_of_16,Mexico,0.03588,1973.7
Portugal,round_of_16,Argentina,0.02606,2165.3
Portugal,round_of_16,Algeria,0.02432,1784.8
Portugal,round_of_16,Iran,0.01968,1788.7
Portugal,round_of_16,Egypt,0.01592,1718.7
Portugal,round_of_16,Uruguay,0.0158,1840.2
Portugal,round_of_16,Belgium,0.01428,1897.7
Portugal,round_of_16,Scotland,0.0073,1773.8
Portugal,round_of_16,New Zealand,0.0048,1551.7
Portugal,round_of_16,Ecuador,0.00466,1869.7
Portugal,round_of_16,Brazil,0.00364,2020.0
Portugal,round_of_16,Jordan,0.0032,1612.9
Portugal,round_of_16,Senegal,0.00278,1834.5
Portugal,round_of_16,Cape Verde,0.0023,1634.0
Portugal,round_of_16,South Korea,0.00156,1771.5
Portugal,round_of_16,Ivory Coast,0.00128,1764.0
Portugal,round_of_16,Norway,0.00112,1936.7
Portugal,round_of_16,Sweden,0.00052,1725.7
Portugal,round_of_16,Morocco,0.00034,1896.5
Portugal,round_of_16,France,0.00024,2121.4
Portugal,round_of_16,Iraq,0.0002,1583.0
Portugal,round_of_16,Japan,0.00016,1966.0
Portugal,round_of_16,Saudi Arabia,0.00012,1567.9
Portugal,round_of_16,Curacao,0.0001,1421.3
Portugal,round_of_16,Haiti,4e-05,1503.7
Portugal,round_of_32,Croatia,0.34468,1867.1
Portugal,round_of_32,Ghana,0.21618,1527.5
Portugal,round_of_32,England,0.14384,2076.8
Portugal,round_of_32,Panama,0.0688,1673.3
Portugal,round_of_32,Senegal,0.04122,1834.5
Portugal,round_of_32,Norway,0.0178,1936.7
Portugal,round_of_32,Ecuador,0.00954,1869.7
Portugal,round_of_32,Iraq,0.00672,1583.0
Portugal,round_of_32,Ivory Coast,0.00436,1764.0
Portugal,round_of_32,Paraguay,0.00398,1826.8
Portugal,round_of_32,Australia,0.00298,1806.2
Portugal,round_of_32,France,0.00166,2121.4
Portugal,round_of_32,Turkey,0.0016,1824.0
Portugal,round_of_32,Algeria,0.0015,1784.8
Portugal,round_of_32,Curacao,0.00136,1421.3
Portugal,round_of_32,Austria,0.00114,1894.3
Portugal,round_of_32,Jordan,0.0008,1612.9
Portugal,round_of_32,Argentina,6e-05,2165.3
Portugal,semi_final,France,0.03188,2121.4
Portugal,semi_final,England,0.02242,2076.8
Portugal,semi_final,Germany,0.01516,1997.8
Portugal,semi_final,Brazil,0.01372,2020.0
Portugal,semi_final,Netherlands,0.01362,1988.0
Portugal,semi_final,Japan,0.0103,1966.0
Portugal,semi_final,Norway,0.0098,1936.7
Portugal,semi_final,Mexico,0.00978,1973.7
Portugal,semi_final,Argentina,0.00884,2165.3
Portugal,semi_final,Morocco,0.00644,1896.5
Portugal,semi_final,Switzerland,0.00544,1892.8
Portugal,semi_final,Colombia,0.00488,2005.8
Portugal,semi_final,Canada,0.00306,1835.5
Portugal,semi_final,South Korea,0.00188,1771.5
Portugal,semi_final,Senegal,0.00166,1834.5
Portugal,semi_final,Paraguay,0.00152,1826.8
Portugal,semi_final,Scotland,0.00126,1773.8
Portugal,semi_final,Ivory Coast,0.00112,1764.0
Portugal,semi_final,Australia,0.00106,1806.2
Portugal,semi_final,Spain,0.00086,2156.2
Portugal,semi_final,Belgium,0.00076,1897.7
Portugal,semi_final,Sweden,0.00076,1725.7
Portugal,semi_final,Austria,0.00056,1894.3
Portugal,semi_final,Ecuador,0.00056,1869.7
Portugal,semi_final,Turkey,0.00042,1824.0
Portugal,semi_final,Croatia,0.00034,1867.1
Portugal,semi_final,Uruguay,0.00032,1840.2
Portugal,semi_final,Iran,0.00024,1788.7
Portugal,semi_final,DR Congo,0.0002,1680.2
Portugal,semi_final,Cape Verde,0.00012,1634.0
Portugal,semi_final,Algeria,0.0001,1784.8
Portugal,semi_final,Czechia,8e-05,1700.3
Portugal,semi_final,Egypt,8e-05,1718.7
Portugal,semi_final,Panama,4e-05,1673.3
Portugal,semi_final,Uzbekistan,4e-05,1673.2
Portugal,semi_final,Iraq,2e-05,1583.0
Portugal,semi_final,Saudi Arabia,2e-05,1567.9
Qatar,quarter_final,Spain,0.00102,2156.2
Qatar,quarter_final,Austria,0.0002,1894.3
Qatar,quarter_final,Portugal,0.0002,1995.2
Qatar,quarter_final,Argentina,0.00012,2165.3
Qatar,quarter_final,Croatia,0.00012,1867.1
Qatar,quarter_final,Colombia,8e-05,2005.8
Qatar,quarter_final,Uruguay,6e-05,1840.2
Qatar,quarter_final,DR Congo,4e-05,1680.2
Qatar,quarter_final,Algeria,2e-05,1784.8
Qatar,quarter_final,Ghana,2e-05,1527.5
Qatar,round_of_16,Belgium,0.0048,1897.7
Qatar,round_of_16,Iran,0.002,1788.7
Qatar,round_of_16,Egypt,0.0019,1718.7
Qatar,round_of_16,Senegal,0.00118,1834.5
Qatar,round_of_16,Algeria,0.00116,1784.8
Qatar,round_of_16,Czechia,0.00092,1700.3
Qatar,round_of_16,South Korea,0.0009,1771.5
Qatar,round_of_16,Uruguay,0.00084,1840.2
Qatar,round_of_16,Norway,0.00082,1936.7
Qatar,round_of_16,Austria,0.00074,1894.3
Qatar,round_of_16,Ecuador,0.00056,1869.7
Qatar,round_of_16,New Zealand,0.00042,1551.7
Qatar,round_of_16,Cape Verde,0.00032,1634.0
Qatar,round_of_16,Jordan,0.00022,1612.9
Qatar,round_of_16,Spain,0.00022,2156.2
Qatar,round_of_16,Iraq,0.00014,1583.0
Qatar,round_of_16,Saudi Arabia,0.00014,1567.9
Qatar,round_of_16,South Africa,0.00012,1499.3
Qatar,round_of_16,Ivory Coast,8e-05,1764.0
Qatar,round_of_16,Argentina,6e-05,2165.3
Qatar,round_of_16,France,4e-05,2121.4
Qatar,round_of_32,United States,0.21704,1866.7
Qatar,round_of_32,Australia,0.00176,1806.2
Qatar,round_of_32,Paraguay,0.00032,1826.8
Qatar,round_of_32,Germany,0.00012,1997.8
Qatar,round_of_32,South Korea,4e-05,1771.5
Qatar,round_of_32,Mexico,2e-05,1973.7
Qatar,semi_final,France,8e-05,2121.4
Qatar,semi_final,Netherlands,4e-05,1988.0
Saudi Arabia,final,Spain,4e-05,2156.2
Saudi Arabia,final,France,2e-05,2121.4
Saudi Arabia,final,Germany,2e-05,1997.8
Saudi Arabia,final,Morocco,2e-05,1896.5
Saudi Arabia,final,Netherlands,2e-05,1988.0
Saudi Arabia,quarter_final,Colombia,0.00134,2005.8
Saudi Arabia,quarter_final,Portugal,0.00066,1995.2
Saudi Arabia,quarter_final,Switzerland,0.0006,1892.8
Saudi Arabia,quarter_final,Canada,0.00054,1835.5
Saudi Arabia,quarter_final,Uruguay,0.00038,1840.2
Saudi Arabia,quarter_final,Croatia,0.00036,1867.1
Saudi Arabia,quarter_final,Austria,0.00014,1894.3
Saudi Arabia,quarter_final,Iran,0.00014,1788.7
Saudi Arabia,quarter_final,Senegal,0.00014,1834.5
Saudi Arabia,quarter_final,Norway,0.00012,1936.7
Saudi Arabia,quarter_final,Argentina,0.0001,2165.3
Saudi Arabia,quarter_final,Brazil,8e-05,2020.0
Saudi Arabia,quarter_final,DR Congo,8e-05,1680.2
Saudi Arabia,quarter_final,Japan,8e-05,1966.0
Saudi Arabia,quarter_final,Belgium,6e-05,1897.7
Saudi Arabia,quarter_final,Egypt,6e-05,1718.7
Saudi Arabia,quarter_final,England,6e-05,2076.8
Saudi Arabia,quarter_final,Netherlands,6e-05,1988.0
Saudi Arabia,quarter_final,Algeria,4e-05,1784.8
Saudi Arabia,quarter_final,Ivory Coast,4e-05,1764.0
Saudi Arabia,quarter_final,Uzbekistan,4e-05,1673.2
Saudi Arabia,quarter_final,New Zealand,2e-05,1551.7
Saudi Arabia,quarter_final,Panama,2e-05,1673.3
Saudi Arabia,quarter_final,Paraguay,2e-05,1826.8
Saudi Arabia,round_of_16,Australia,0.00484,1806.2
Saudi Arabia,round_of_16,United States,0.004,1866.7
Saudi Arabia,round_of_16,Belgium,0.00326,1897.7
Saudi Arabia,round_of_16,Paraguay,0.00298,1826.8
Saudi Arabia,round_of_16,Iran,0.00196,1788.7
Saudi Arabia,round_of_16,England,0.00142,2076.8
Saudi Arabia,round_of_16,Egypt,0.00112,1718.7
Saudi Arabia,round_of_16,Bosnia and Herzegovina,0.00072,1574.5
Saudi Arabia,round_of_16,New Zealand,0.00052,1551.7
Saudi Arabia,round_of_16,Senegal,0.00026,1834.5
Saudi Arabia,round_of_16,Norway,0.00018,1936.7
Saudi Arabia,round_of_16,Austria,0.00014,1894.3
Saudi Arabia,round_of_16,Qatar,0.00014,1402.7
Saudi Arabia,round_of_16,Ecuador,0.00012,1869.7
Saudi Arabia,round_of_16,Portugal,0.00012,1995.2
Saudi Arabia,round_of_16,Algeria,0.0001,1784.8
Saudi Arabia,round_of_16,DR Congo,0.0001,1680.2
Saudi Arabia,round_of_16,Croatia,8e-05,1867.1
Saudi Arabia,round_of_16,Argentina,4e-05,2165.3
Saudi Arabia,round_of_16,Germany,4e-05,1997.8
Saudi Arabia,round_of_16,Iraq,4e-05,1583.0
Saudi Arabia,round_of_16,Jordan,4e-05,1612.9
Saudi Arabia,round_of_16,Brazil,2e-05,2020.0
Saudi Arabia,round_of_16,Colombia,2e-05,2005.8
Saudi Arabia,round_of_16,France,2e-05,2121.4
Saudi Arabia,round_of_16,Ghana,2e-05,1527.5
Saudi Arabia,round_of_16,Ivory Coast,2e-05,1764.0
Saudi Arabia,round_of_16,Mexico,2e-05,1973.7
Saudi Arabia,round_of_16,Panama,2e-05,1673.3
Saudi Arabia,round_of_16,Scotland,2e-05,1773.8
Saudi Arabia,round_of_32,Argentina,0.22704,2165.3
Saudi Arabia,round_of_32,Austria,0.0402,1894.3
Saudi Arabia,round_of_32,Mexico,0.01544,1973.7
Saudi Arabia,round_of_32,Belgium,0.00734,1897.7
Saudi Arabia,round_of_32,Egypt,0.00636,1718.7
Saudi Arabia,round_of_32,Iran,0.0046,1788.7
Saudi Arabia,round_of_32,South Korea,0.00172,1771.5
Saudi Arabia,round_of_32,Algeria,0.0016,1784.8
Saudi Arabia,round_of_32,New Zealand,0.00156,1551.7
Saudi Arabia,round_of_32,France,0.00064,2121.4
Saudi Arabia,round_of_32,England,0.00038,2076.8
Saudi Arabia,round_of_32,Jordan,0.00036,1612.9
Saudi Arabia,round_of_32,Norway,0.00014,1936.7
Saudi Arabia,round_of_32,Croatia,2e-05,1867.1
Saudi Arabia,round_of_32,Ghana,2e-05,1527.5
Saudi Arabia,semi_final,England,0.00018,2076.8
Saudi Arabia,semi_final,Brazil,0.00014,2020.0
Saudi Arabia,semi_final,France,0.00014,2121.4
Saudi Arabia,semi_final,Japan,0.00012,1966.0
Saudi Arabia,semi_final,Mexico,8e-05,1973.7
Saudi Arabia,semi_final,Norway,6e-05,1936.7
Saudi Arabia,semi_final,Germany,4e-05,1997.8
Saudi Arabia,semi_final,Netherlands,4e-05,1988.0
Saudi Arabia,semi_final,Colombia,2e-05,2005.8
Saudi Arabia,semi_final,Ivory Coast,2e-05,1764.0
Saudi Arabia,semi_final,Morocco,2e-05,1896.5
Saudi Arabia,semi_final,Portugal,2e-05,1995.2
Saudi Arabia,semi_final,South Korea,2e-05,1771.5
Saudi Arabia,semi_final,Spain,2e-05,2156.2
Scotland,final,Argentina,0.00088,2165.3
Scotland,final,Spain,0.00078,2156.2
Scotland,final,France,0.00072,2121.4
Scotland,final,England,0.00038,2076.8
Scotland,final,Germany,0.0003,1997.8
Scotland,final,Colombia,0.0002,2005.8
Scotland,final,Netherlands,0.00018,1988.0
Scotland,final,Portugal,0.00018,1995.2
Scotland,final,Brazil,0.00012,2020.0
Scotland,final,Morocco,0.0001,1896.5
Scotland,final,Canada,8e-05,1835.5
Scotland,final,Mexico,8e-05,1973.7
Scotland,final,Austria,6e-05,1894.3
Scotland,final,Croatia,6e-05,1867.1
Scotland,final,Japan,6e-05,1966.0
Scotland,final,Norway,6e-05,1936.7
Scotland,final,Algeria,4e-05,1784.8
Scotland,final,Switzerland,4e-05,1892.8
Scotland,final,United States,4e-05,1866.7
Scotland,final,Belgium,2e-05,1897.7
Scotland,final,Ecuador,2e-05,1869.7
Scotland,final,Paraguay,2e-05,1826.8
Scotland,final,Senegal,2e-05,1834.5
Scotland,final,Uruguay,2e-05,1840.2
Scotland,quarter_final,Brazil,0.01208,2020.0
Scotland,quarter_final,France,0.01208,2121.4
Scotland,quarter_final,Norway,0.0079,1936.7
Scotland,quarter_final,Japan,0.00712,1966.0
Scotland,quarter_final,Netherlands,0.00526,1988.0
Scotland,quarter_final,Germany,0.00468,1997.8
Scotland,quarter_final,Morocco,0.0038,1896.5
Scotland,quarter_final,Ivory Coast,0.00238,1764.0
Scotland,quarter_final,England,0.002,2076.8
Scotland,quarter_final,Switzerland,0.00146,1892.8
Scotland,quarter_final,Mexico,0.00142,1973.7
Scotland,quarter_final,Senegal,0.00142,1834.5
Scotland,quarter_final,Canada,0.00118,1835.5
Scotland,quarter_final,Sweden,0.00082,1725.7
Scotland,quarter_final,Paraguay,0.00054,1826.8
Scotland,quarter_final,South Korea,0.00052,1771.5
Scotland,quarter_final,Australia,0.0004,1806.2
Scotland,quarter_final,Turkey,0.00032,1824.0
Scotland,quarter_final,Ecuador,0.00024,1869.7
Scotland,quarter_final,Uruguay,0.0001,1840.2
Scotland,quarter_final,Colombia,6e-05,2005.8
Scotland,quarter_final,Czechia,6e-05,1700.3
Scotland,quarter_final,Portugal,6e-05,1995.2
Scotland,quarter_final,South Africa,6e-05,1499.3
Scotland,quarter_final,Austria,4e-05,1894.3
Scotland,quarter_final,DR Congo,4e-05,1680.2
Scotland,quarter_final,Iraq,4e-05,1583.0
Scotland,quarter_final,Algeria,2e-05,1784.8
Scotland,quarter_final,Croatia,2e-05,1867.1
Scotland,quarter_final,Curacao,2e-05,1421.3
Scotland,quarter_final,Iran,2e-05,1788.7
Scotland,quarter_final,Spain,2e-05,2156.2
Scotland,round_of_16,England,0.1139,2076.8
Scotland,round_of_16,France,0.02836,2121.4
Scotland,round_of_16,Norway,0.01402,1936.7
Scotland,round_of_16,Switzerland,0.01378,1892.8
Scotland,round_of_16,South Korea,0.01146,1771.5
Scotland,round_of_16,Canada,0.00942,1835.5
Scotland,round_of_16,Senegal,0.00744,1834.5
Scotland,round_of_16,Portugal,0.0073,1995.2
Scotland,round_of_16,DR Congo,0.00514,1680.2
Scotland,round_of_16,Colombia,0.00472,2005.8
Scotland,round_of_16,Uzbekistan,0.00462,1673.2
Scotland,round_of_16,Ivory Coast,0.00344,1764.0
Scotland,round_of_16,Sweden,0.00288,1725.7
Scotland,round_of_16,Croatia,0.00162,1867.1
Scotland,round_of_16,Japan,0.0015,1966.0
Scotland,round_of_16,Mexico,0.0014,1973.7
Scotland,round_of_16,Paraguay,0.00134,1826.8
Scotland,round_of_16,Ghana,0.00084,1527.5
Scotland,round_of_16,Australia,0.00076,1806.2
Scotland,round_of_16,Ecuador,0.00068,1869.7
Scotland,round_of_16,Austria,0.00064,1894.3
Scotland,round_of_16,Turkey,0.0006,1824.0
Scotland,round_of_16,Iraq,0.00054,1583.0
Scotland,round_of_16,South Africa,0.00046,1499.3
Scotland,round_of_16,Czechia,0.00044,1700.3
Scotland,round_of_16,Algeria,0.0004,1784.8
Scotland,round_of_16,Panama,0.0003,1673.3
Scotland,round_of_16,Uruguay,0.00018,1840.2
Scotland,round_of_16,Iran,0.00012,1788.7
Scotland,round_of_16,Bosnia and Herzegovina,0.0001,1574.5
Scotland,round_of_16,Jordan,0.0001,1612.9
Scotland,round_of_16,Belgium,8e-05,1897.7
Scotland,round_of_16,Curacao,6e-05,1421.3
Scotland,round_of_16,Spain,6e-05,2156.2
Scotland,round_of_16,Cape Verde,4e-05,1634.0
Scotland,round_of_16,Egypt,4e-05,1718.7
Scotland,round_of_16,Argentina,2e-05,2165.3
Scotland,round_of_16,Germany,2e-05,1997.8
Scotland,round_of_16,Netherlands,2e-05,1988.0
Scotland,round_of_16,New Zealand,2e-05,1551.7
Scotland,round_of_16,Saudi Arabia,2e-05,1567.9
Scotland,round_of_32,Mexico,0.51948,1973.7
Scotland,round_of_32,Germany,0.1541,1997.8
Scotland,round_of_32,Netherlands,0.10576,1988.0
Scotland,round_of_32,Japan,0.06024,1966.0
Scotland,round_of_32,South Korea,0.02182,1771.5
Scotland,round_of_32,Sweden,0.00988,1725.7
Scotland,round_of_32,Ivory Coast,0.00084,1764.0
Scotland,round_of_32,France,0.00022,2121.4
Scotland,round_of_32,Norway,0.00012,1936.7
Scotland,semi_final,Argentina,0.00518,2165.3
Scotland,semi_final,Spain,0.00336,2156.2
Scotland,semi_final,Colombia,0.00232,2005.8
Scotland,semi_final,Portugal,0.00126,1995.2
Scotland,semi_final,Austria,0.00122,1894.3
Scotland,semi_final,United States,0.0009,1866.7
Scotland,semi_final,Belgium,0.00078,1897.7
Scotland,semi_final,Croatia,0.00044,1867.1
Scotland,semi_final,Australia,0.0003,1806.2
Scotland,semi_final,Iran,0.0003,1788.7
Scotland,semi_final,Algeria,0.00028,1784.8
Scotland,semi_final,Canada,0.00028,1835.5
Scotland,semi_final,Switzerland,0.00028,1892.8
Scotland,semi_final,Uruguay,0.00024,1840.2
Scotland,semi_final,Paraguay,0.00022,1826.8
Scotland,semi_final,Senegal,0.0002,1834.5
Scotland,semi_final,Ecuador,0.0001,1869.7
Scotland,semi_final,Egypt,0.0001,1718.7
Scotland,semi_final,England,0.0001,2076.8
Scotland,semi_final,Norway,0.0001,1936.7
Scotland,semi_final,South Korea,6e-05,1771.5
Scotland,semi_final,France,4e-05,2121.4
Scotland,semi_final,Panama,4e-05,1673.3
Scotland,semi_final,Cape Verde,2e-05,1634.0
Scotland,semi_final,Czechia,2e-05,1700.3
Scotland,semi_final,Ivory Coast,2e-05,1764.0
Scotland,semi_final,Japan,2e-05,1966.0
Scotland,semi_final,Sweden,2e-05,1725.7
Senegal,final,Spain,0.0023,2156.2
Senegal,final,France,0.00218,2121.4
Senegal,final,Argentina,0.00156,2165.3
Senegal,final,Portugal,0.00068,1995.2
Senegal,final,England,0.00062,2076.8
Senegal,final,Germany,0.00058,1997.8
Senegal,final,Brazil,0.00054,2020.0
Senegal,final,Colombia,0.00054,2005.8
Senegal,final,Netherlands,0.00034,1988.0
Senegal,final,Japan,0.00022,1966.0
Senegal,final,Norway,0.00022,1936.7
Senegal,final,Switzerland,0.00022,1892.8
Senegal,final,Austria,0.0002,1894.3
Senegal,final,United States,0.0002,1866.7
Senegal,final,Morocco,0.00018,1896.5
Senegal,final,Belgium,0.00016,1897.7
Senegal,final,Mexico,0.00014,1973.7
Senegal,final,Paraguay,0.00014,1826.8
Senegal,final,Croatia,0.0001,1867.1
Senegal,final,Canada,8e-05,1835.5
Senegal,final,Algeria,4e-05,1784.8
Senegal,final,Iran,4e-05,1788.7
Senegal,final,Sweden,4e-05,1725.7
Senegal,final,Australia,2e-05,1806.2
Senegal,final,DR Congo,2e-05,1680.2
Senegal,final,Ecuador,2e-05,1869.7
Senegal,final,Ivory Coast,2e-05,1764.0
Senegal,final,Panama,2e-05,1673.3
Senegal,final,Scotland,2e-05,1773.8
Senegal,final,Uruguay,2e-05,1840.2
Senegal,quarter_final,Spain,0.0233,2156.2
Senegal,quarter_final,England,0.02248,2076.8
Senegal,quarter_final,Argentina,0.0181,2165.3
Senegal,quarter_final,Mexico,0.01226,1973.7
Senegal,quarter_final,Portugal,0.00634,1995.2
Senegal,quarter_final,Norway,0.0056,1936.7
Senegal,quarter_final,Brazil,0.00554,2020.0
Senegal,quarter_final,Austria,0.00466,1894.3
Senegal,quarter_final,Colombia,0.00368,2005.8
Senegal,quarter_final,France,0.00334,2121.4
Senegal,quarter_final,Japan,0.0031,1966.0
Senegal,quarter_final,Croatia,0.0027,1867.1
Senegal,quarter_final,Netherlands,0.0022,1988.0
Senegal,quarter_final,Morocco,0.00172,1896.5
Senegal,quarter_final,Australia,0.00166,1806.2
Senegal,quarter_final,Scotland,0.00142,1773.8
Senegal,quarter_final,Belgium,0.00134,1897.7
Senegal,quarter_final,Ivory Coast,0.00112,1764.0
Senegal,quarter_final,Uruguay,0.00112,1840.2
Senegal,quarter_final,Paraguay,0.00106,1826.8
Senegal,quarter_final,DR Congo,0.00098,1680.2
Senegal,quarter_final,Iran,0.0008,1788.7
Senegal,quarter_final,Ecuador,0.00074,1869.7
Senegal,quarter_final,Uzbekistan,0.00044,1673.2
Senegal,quarter_final,South Korea,0.00042,1771.5
Senegal,quarter_final,Switzerland,0.00042,1892.8
Senegal,quarter_final,Algeria,0.0004,1784.8
Senegal,quarter_final,Egypt,0.00034,1718.7
Senegal,quarter_final,Cape Verde,0.00022,1634.0
Senegal,quarter_final,Sweden,0.00016,1725.7
Senegal,quarter_final,Canada,0.00014,1835.5
Senegal,quarter_final,Saudi Arabia,0.00014,1567.9
Senegal,quarter_final,Ghana,0.0001,1527.5
Senegal,quarter_final,New Zealand,8e-05,1551.7
Senegal,quarter_final,Panama,4e-05,1673.3
Senegal,quarter_final,Germany,2e-05,1997.8
Senegal,quarter_final,Jordan,2e-05,1612.9
Senegal,quarter_final,United States,2e-05,1866.7
Senegal,round_of_16,Brazil,0.04668,2020.0
Senegal,round_of_16,United States,0.04028,1866.7
Senegal,round_of_16,Japan,0.03564,1966.0
Senegal,round_of_16,Mexico,0.02192,1973.7
Senegal,round_of_16,Morocco,0.02136,1896.5
Senegal,round_of_16,Netherlands,0.01908,1988.0
Senegal,round_of_16,Canada,0.01342,1835.5
Senegal,round_of_16,Switzerland,0.0123,1892.8
Senegal,round_of_16,Belgium,0.00994,1897.7
Senegal,round_of_16,Scotland,0.00744,1773.8
Senegal,round_of_16,England,0.00718,2076.8
Senegal,round_of_16,Egypt,0.0071,1718.7
Senegal,round_of_16,Iran,0.00676,1788.7
Senegal,round_of_16,Bosnia and Herzegovina,0.00594,1574.5
Senegal,round_of_16,Algeria,0.00536,1784.8
Senegal,round_of_16,Germany,0.00482,1997.8
Senegal,round_of_16,Colombia,0.00426,2005.8
Senegal,round_of_16,Sweden,0.00414,1725.7
Senegal,round_of_16,Austria,0.00362,1894.3
Senegal,round_of_16,Uruguay,0.00362,1840.2
Senegal,round_of_16,Ecuador,0.00292,1869.7
Senegal,round_of_16,Portugal,0.00278,1995.2
Senegal,round_of_16,South Korea,0.002,1771.5
Senegal,round_of_16,Spain,0.00164,2156.2
Senegal,round_of_16,New Zealand,0.0014,1551.7
Senegal,round_of_16,Jordan,0.0012,1612.9
Senegal,round_of_16,Qatar,0.00118,1402.7
Senegal,round_of_16,Czechia,0.00108,1700.3
Senegal,round_of_16,Paraguay,0.00098,1826.8
Senegal,round_of_16,Ivory Coast,0.00096,1764.0
Senegal,round_of_16,Croatia,0.0009,1867.1
Senegal,round_of_16,DR Congo,0.00084,1680.2
Senegal,round_of_16,Australia,0.00068,1806.2
Senegal,round_of_16,Cape Verde,0.00064,1634.0
Senegal,round_of_16,Uzbekistan,0.0005,1673.2
Senegal,round_of_16,Ghana,0.00036,1527.5
Senegal,round_of_16,Panama,0.00028,1673.3
Senegal,round_of_16,Saudi Arabia,0.00026,1567.9
Senegal,round_of_16,Turkey,0.00026,1824.0
Senegal,round_of_16,Argentina,0.00014,2165.3
Senegal,round_of_16,South Africa,0.00012,1499.3
Senegal,round_of_16,Curacao,0.0001,1421.3
Senegal,round_of_16,Haiti,4e-05,1503.7
Senegal,round_of_32,Ivory Coast,0.17466,1764.0
Senegal,round_of_32,England,0.12934,2076.8
Senegal,round_of_32,Colombia,0.07834,2005.8
Senegal,round_of_32,United States,0.05584,1866.7
Senegal,round_of_32,Portugal,0.04122,1995.2
Senegal,round_of_32,Belgium,0.03386,1897.7
Senegal,round_of_32,Egypt,0.03338,1718.7
Senegal,round_of_32,Mexico,0.02386,1973.7
Senegal,round_of_32,Iran,0.0188,1788.7
Senegal,round_of_32,Curacao,0.01782,1421.3
Senegal,round_of_32,Ecuador,0.01014,1869.7
Senegal,round_of_32,Canada,0.00864,1835.5
Senegal,round_of_32,New Zealand,0.00836,1551.7
Senegal,round_of_32,DR Congo,0.00822,1680.2
Senegal,round_of_32,Sweden,0.00822,1725.7
Senegal,round_of_32,Switzerland,0.00638,1892.8
Senegal,round_of_32,Croatia,0.0034,1867.1
Senegal,round_of_32,South Korea,0.00272,1771.5
Senegal,round_of_32,Ghana,0.00254,1527.5
Senegal,round_of_32,Japan,0.0018,1966.0
Senegal,round_of_32,Uzbekistan,0.0015,1673.2
Senegal,round_of_32,Australia,0.0009,1806.2
Senegal,round_of_32,Germany,0.0009,1997.8
Senegal,round_of_32,Panama,0.00054,1673.3
Senegal,round_of_32,Paraguay,0.00042,1826.8
Senegal,round_of_32,Turkey,0.00016,1824.0
Senegal,round_of_32,Uruguay,8e-05,1840.2
Senegal,round_of_32,Cape Verde,4e-05,1634.0
Senegal,round_of_32,Netherlands,4e-05,1988.0
Senegal,round_of_32,Spain,4e-05,2156.2
Senegal,semi_final,Argentina,0.00944,2165.3
Senegal,semi_final,France,0.0038,2121.4
Senegal,semi_final,Colombia,0.00336,2005.8
Senegal,semi_final,England,0.002,2076.8
Senegal,semi_final,Germany,0.0019,1997.8
Senegal,semi_final,Portugal,0.00166,1995.2
Senegal,semi_final,Norway,0.00148,1936.7
Senegal,semi_final,Netherlands,0.00144,1988.0
Senegal,semi_final,Switzerland,0.00144,1892.8
Senegal,semi_final,Japan,0.00124,1966.0
Senegal,semi_final,Brazil,0.00118,2020.0
Senegal,semi_final,Mexico,0.00116,1973.7
Senegal,semi_final,Spain,0.00104,2156.2
Senegal,semi_final,Canada,0.00102,1835.5
Senegal,semi_final,Austria,0.00084,1894.3
Senegal,semi_final,Belgium,0.00068,1897.7
Senegal,semi_final,Morocco,0.00066,1896.5
Senegal,semi_final,Australia,0.00054,1806.2
Senegal,semi_final,Paraguay,0.00044,1826.8
Senegal,semi_final,Iran,0.00034,1788.7
Senegal,semi_final,South Korea,0.00026,1771.5
Senegal,semi_final,Scotland,0.0002,1773.8
Senegal,semi_final,Croatia,0.00016,1867.1
Senegal,semi_final,Uruguay,0.00014,1840.2
Senegal,semi_final,Algeria,0.00012,1784.8
Senegal,semi_final,Egypt,0.00012,1718.7
Senegal,semi_final,Ivory Coast,0.0001,1764.0
Senegal,semi_final,United States,8e-05,1866.7
Senegal,semi_final,Cape Verde,6e-05,1634.0
Senegal,semi_final,Ecuador,6e-05,1869.7
Senegal,semi_final,Turkey,6e-05,1824.0
Senegal,semi_final,Jordan,4e-05,1612.9
Senegal,semi_final,Sweden,4e-05,1725.7
Senegal,semi_final,Czechia,2e-05,1700.3
Senegal,semi_final,DR Congo,2e-05,1680.2
Senegal,semi_final,Ghana,2e-05,1527.5
Senegal,semi_final,Panama,2e-05,1673.3
Senegal,semi_final,Uzbekistan,2e-05,1673.2
South Africa,quarter_final,France,0.0007,2121.4
South Africa,quarter_final,Germany,0.00064,1997.8
South Africa,quarter_final,Spain,0.0004,2156.2
South Africa,quarter_final,Norway,0.0002,1936.7
South Africa,quarter_final,Portugal,0.00014,1995.2
South Africa,quarter_final,Austria,8e-05,1894.3
South Africa,quarter_final,Japan,8e-05,1966.0
South Africa,quarter_final,Colombia,6e-05,2005.8
South Africa,quarter_final,Scotland,6e-05,1773.8
South Africa,quarter_final,Australia,4e-05,1806.2
South Africa,quarter_final,Croatia,4e-05,1867.1
South Africa,quarter_final,Sweden,4e-05,1725.7
South Africa,quarter_final,Algeria,2e-05,1784.8
South Africa,quarter_final,Argentina,2e-05,2165.3
South Africa,quarter_final,DR Congo,2e-05,1680.2
South Africa,quarter_final,England,2e-05,2076.8
South Africa,quarter_final,Turkey,2e-05,1824.0
South Africa,round_of_16,Netherlands,0.00764,1988.0
South Africa,round_of_16,Morocco,0.00472,1896.5
South Africa,round_of_16,United States,0.0033,1866.7
South Africa,round_of_16,Japan,0.00324,1966.0
South Africa,round_of_16,Brazil,0.00268,2020.0
South Africa,round_of_16,Bosnia and Herzegovina,0.00046,1574.5
South Africa,round_of_16,Scotland,0.00046,1773.8
South Africa,round_of_16,Sweden,0.00034,1725.7
South Africa,round_of_16,Algeria,0.00018,1784.8
South Africa,round_of_16,Qatar,0.00012,1402.7
South Africa,round_of_16,Senegal,0.00012,1834.5
South Africa,round_of_16,Ecuador,0.0001,1869.7
South Africa,round_of_16,Austria,6e-05,1894.3
South Africa,round_of_16,Canada,2e-05,1835.5
South Africa,round_of_16,Iraq,2e-05,1583.0
South Africa,round_of_16,Jordan,2e-05,1612.9
South Africa,round_of_16,Norway,2e-05,1936.7
South Africa,round_of_16,Switzerland,2e-05,1892.8
South Africa,round_of_32,Switzerland,0.07354,1892.8
South Africa,round_of_32,Canada,0.05544,1835.5
South Africa,round_of_32,Belgium,0.00826,1897.7
South Africa,round_of_32,Egypt,0.00666,1718.7
South Africa,round_of_32,Iran,0.00476,1788.7
South Africa,round_of_32,New Zealand,0.0016,1551.7
South Africa,round_of_32,Bosnia and Herzegovina,0.00146,1574.5
South Africa,round_of_32,Germany,0.00052,1997.8
South Africa,semi_final,Spain,8e-05,2156.2
South Africa,semi_final,France,2e-05,2121.4
South Africa,semi_final,Netherlands,2e-05,1988.0
South Korea,final,Argentina,0.00208,2165.3
South Korea,final,England,0.00102,2076.8
South Korea,final,Colombia,0.00062,2005.8
South Korea,final,France,0.0005,2121.4
South Korea,final,Mexico,0.00048,1973.7
South Korea,final,Portugal,0.00036,1995.2
South Korea,final,Spain,0.00034,2156.2
South Korea,final,Brazil,0.00032,2020.0
South Korea,final,Norway,0.00022,1936.7
South Korea,final,Belgium,0.00012,1897.7
South Korea,final,Netherlands,0.0001,1988.0
South Korea,final,Canada,8e-05,1835.5
South Korea,final,Japan,8e-05,1966.0
South Korea,final,Switzerland,8e-05,1892.8
South Korea,final,Austria,6e-05,1894.3
South Korea,final,Morocco,6e-05,1896.5
South Korea,final,Australia,4e-05,1806.2
South Korea,final,Ecuador,4e-05,1869.7
South Korea,final,Egypt,4e-05,1718.7
South Korea,final,Germany,4e-05,1997.8
South Korea,final,United States,4e-05,1866.7
South Korea,final,Croatia,2e-05,1867.1
South Korea,final,DR Congo,2e-05,1680.2
South Korea,final,Iran,2e-05,1788.7
South Korea,final,Ivory Coast,2e-05,1764.0
South Korea,final,Uruguay,2e-05,1840.2
South Korea,quarter_final,France,0.03974,2121.4
South Korea,quarter_final,Germany,0.0278,1997.8
South Korea,quarter_final,Spain,0.0129,2156.2
South Korea,quarter_final,Norway,0.00866,1936.7
South Korea,quarter_final,Japan,0.00386,1966.0
South Korea,quarter_final,Portugal,0.00356,1995.2
South Korea,quarter_final,Paraguay,0.003,1826.8
South Korea,quarter_final,Sweden,0.00282,1725.7
South Korea,quarter_final,Brazil,0.00236,2020.0
South Korea,quarter_final,Croatia,0.00214,1867.1
South Korea,quarter_final,Austria,0.00208,1894.3
South Korea,quarter_final,Colombia,0.00196,2005.8
South Korea,quarter_final,Australia,0.0016,1806.2
South Korea,quarter_final,Argentina,0.00154,2165.3
South Korea,quarter_final,Turkey,0.00116,1824.0
South Korea,quarter_final,Netherlands,0.00074,1988.0
South Korea,quarter_final,Morocco,0.0007,1896.5
South Korea,quarter_final,Scotland,0.00052,1773.8
South Korea,quarter_final,Algeria,0.00044,1784.8
South Korea,quarter_final,Senegal,0.00042,1834.5
South Korea,quarter_final,Ivory Coast,0.00036,1764.0
South Korea,quarter_final,DR Congo,0.00034,1680.2
South Korea,quarter_final,Uruguay,0.00034,1840.2
South Korea,quarter_final,England,0.00026,2076.8
South Korea,quarter_final,Uzbekistan,0.00016,1673.2
South Korea,quarter_final,Panama,8e-05,1673.3
South Korea,quarter_final,Belgium,6e-05,1897.7
South Korea,quarter_final,Ghana,6e-05,1527.5
South Korea,quarter_final,Iran,6e-05,1788.7
South Korea,quarter_final,Ecuador,4e-05,1869.7
South Korea,quarter_final,Egypt,4e-05,1718.7
South Korea,quarter_final,Cape Verde,2e-05,1634.0
South Korea,quarter_final,New Zealand,2e-05,1551.7
South Korea,round_of_16,Netherlands,0.12356,1988.0
South Korea,round_of_16,Morocco,0.07356,1896.5
South Korea,round_of_16,Japan,0.04932,1966.0
South Korea,round_of_16,United States,0.04624,1866.7
South Korea,round_of_16,Brazil,0.04228,2020.0
South Korea,round_of_16,England,0.0207,2076.8
South Korea,round_of_16,Scotland,0.01146,1773.8
South Korea,round_of_16,Bosnia and Herzegovina,0.00562,1574.5
South Korea,round_of_16,Sweden,0.0037,1725.7
South Korea,round_of_16,Senegal,0.002,1834.5
South Korea,round_of_16,Austria,0.00158,1894.3
South Korea,round_of_16,Portugal,0.00156,1995.2
South Korea,round_of_16,Algeria,0.00152,1784.8
South Korea,round_of_16,Norway,0.00128,1936.7
South Korea,round_of_16,Ecuador,0.00098,1869.7
South Korea,round_of_16,Colombia,0.00096,2005.8
South Korea,round_of_16,DR Congo,0.00092,1680.2
South Korea,round_of_16,Qatar,0.0009,1402.7
South Korea,round_of_16,Uzbekistan,0.00062,1673.2
South Korea,round_of_16,France,0.00046,2121.4
South Korea,round_of_16,Jordan,0.00042,1612.9
South Korea,round_of_16,Ivory Coast,0.00036,1764.0
South Korea,round_of_16,Croatia,0.00034,1867.1
South Korea,round_of_16,Switzerland,0.00032,1892.8
South Korea,round_of_16,Australia,0.00022,1806.2
South Korea,round_of_16,Iraq,0.00022,1583.0
South Korea,round_of_16,Ghana,0.00016,1527.5
South Korea,round_of_16,Paraguay,6e-05,1826.8
South Korea,round_of_16,Argentina,4e-05,2165.3
South Korea,round_of_16,Curacao,4e-05,1421.3
South Korea,round_of_16,Panama,4e-05,1673.3
South Korea,round_of_16,Spain,2e-05,2156.2
South Korea,round_of_16,Uruguay,2e-05,1840.2
South Korea,round_of_32,Switzerland,0.43256,1892.8
South Korea,round_of_32,Canada,0.32656,1835.5
South Korea,round_of_32,Belgium,0.04906,1897.7
South Korea,round_of_32,Egypt,0.03946,1718.7
South Korea,round_of_32,Iran,0.03132,1788.7
South Korea,round_of_32,Scotland,0.02182,1773.8
South Korea,round_of_32,New Zealand,0.0109,1551.7
South Korea,round_of_32,Bosnia and Herzegovina,0.00894,1574.5
South Korea,round_of_32,Uruguay,0.00818,1840.2
South Korea,round_of_32,Ecuador,0.00584,1869.7
South Korea,round_of_32,Brazil,0.0045,2020.0
South Korea,round_of_32,Cape Verde,0.00408,1634.0
South Korea,round_of_32,Spain,0.00294,2156.2
South Korea,round_of_32,Senegal,0.00272,1834.5
South Korea,round_of_32,Ivory Coast,0.00254,1764.0
South Korea,round_of_32,Germany,0.00194,1997.8
South Korea,round_of_32,Saudi Arabia,0.00172,1567.9
South Korea,round_of_32,Sweden,0.00102,1725.7
South Korea,round_of_32,Norway,0.00092,1936.7
South Korea,round_of_32,Curacao,0.0008,1421.3
South Korea,round_of_32,Morocco,0.00048,1896.5
South Korea,round_of_32,Haiti,0.00042,1503.7
South Korea,round_of_32,Iraq,0.00038,1583.0
South Korea,round_of_32,Japan,0.00032,1966.0
South Korea,round_of_32,France,0.0001,2121.4
South Korea,round_of_32,Qatar,4e-05,1402.7
South Korea,semi_final,Spain,0.0083,2156.2
South Korea,semi_final,United States,0.00244,1866.7
South Korea,semi_final,Argentina,0.00196,2165.3
South Korea,semi_final,Portugal,0.00188,1995.2
South Korea,semi_final,France,0.00174,2121.4
South Korea,semi_final,Colombia,0.00148,2005.8
South Korea,semi_final,Austria,0.0012,1894.3
South Korea,semi_final,Croatia,0.00086,1867.1
South Korea,semi_final,Belgium,0.00082,1897.7
South Korea,semi_final,Germany,0.0008,1997.8
South Korea,semi_final,Netherlands,0.00064,1988.0
South Korea,semi_final,Norway,0.00064,1936.7
South Korea,semi_final,Switzerland,0.0005,1892.8
South Korea,semi_final,Brazil,0.00044,2020.0
South Korea,semi_final,Morocco,0.00044,1896.5
South Korea,semi_final,Uruguay,0.0004,1840.2
South Korea,semi_final,Algeria,0.00038,1784.8
South Korea,semi_final,Iran,0.00034,1788.7
South Korea,semi_final,Japan,0.00028,1966.0
South Korea,semi_final,Senegal,0.00026,1834.5
South Korea,semi_final,Ecuador,0.00024,1869.7
South Korea,semi_final,Egypt,0.00022,1718.7
South Korea,semi_final,Canada,0.00016,1835.5
South Korea,semi_final,England,0.0001,2076.8
South Korea,semi_final,DR Congo,8e-05,1680.2
South Korea,semi_final,Australia,6e-05,1806.2
South Korea,semi_final,Scotland,6e-05,1773.8
South Korea,semi_final,Czechia,4e-05,1700.3
South Korea,semi_final,Ivory Coast,4e-05,1764.0
South Korea,semi_final,Paraguay,4e-05,1826.8
South Korea,semi_final,Cape Verde,2e-05,1634.0
South Korea,semi_final,Jordan,2e-05,1612.9
South Korea,semi_final,Panama,2e-05,1673.3
South Korea,semi_final,Saudi Arabia,2e-05,1567.9
South Korea,semi_final,Sweden,2e-05,1725.7
South Korea,semi_final,Uzbekistan,2e-05,1673.2
Spain,final,Argentina,0.10522,2165.3
Spain,final,England,0.04684,2076.8
Spain,final,Colombia,0.02378,2005.8
Spain,final,France,0.02018,2121.4
Spain,final,Brazil,0.01848,2020.0
Spain,final,Mexico,0.01644,1973.7
Spain,final,Portugal,0.01258,1995.2
Spain,final,Norway,0.00992,1936.7
Spain,final,Japan,0.00846,1966.0
Spain,final,Netherlands,0.00616,1988.0
Spain,final,Belgium,0.00508,1897.7
Spain,final,Switzerland,0.0046,1892.8
Spain,final,Austria,0.00412,1894.3
Spain,final,Morocco,0.00368,1896.5
Spain,final,Canada,0.00316,1835.5
Spain,final,Germany,0.00262,1997.8
Spain,final,Senegal,0.0023,1834.5
Spain,final,Australia,0.00192,1806.2
Spain,final,Paraguay,0.00168,1826.8
Spain,final,Croatia,0.00154,1867.1
Spain,final,United States,0.00136,1866.7
Spain,final,Ecuador,0.00114,1869.7
Spain,final,Ivory Coast,0.00112,1764.0
Spain,final,Iran,0.00108,1788.7
Spain,final,Uruguay,0.00106,1840.2
Spain,final,Scotland,0.00078,1773.8
Spain,final,Algeria,0.00056,1784.8
Spain,final,Egypt,0.00036,1718.7
Spain,final,South Korea,0.00034,1771.5
Spain,final,DR Congo,0.0002,1680.2
Spain,final,Sweden,0.0002,1725.7
Spain,final,Cape Verde,0.0001,1634.0
Spain,final,Panama,8e-05,1673.3
Spain,final,Uzbekistan,6e-05,1673.2
Spain,final,Czechia,4e-05,1700.3
Spain,final,Saudi Arabia,4e-05,1567.9
Spain,final,Turkey,4e-05,1824.0
Spain,final,Ghana,2e-05,1527.5
Spain,final,Iraq,2e-05,1583.0
Spain,final,New Zealand,2e-05,1551.7
Spain,quarter_final,United States,0.21572,1866.7
Spain,quarter_final,Belgium,0.0785,1897.7
Spain,quarter_final,Iran,0.02984,1788.7
Spain,quarter_final,Egypt,0.02606,1718.7
Spain,quarter_final,Austria,0.02352,1894.3
Spain,quarter_final,Senegal,0.0233,1834.5
Spain,quarter_final,Algeria,0.02184,1784.8
Spain,quarter_final,Uruguay,0.02104,1840.2
Spain,quarter_final,Norway,0.01654,1936.7
Spain,quarter_final,Colombia,0.01348,2005.8
Spain,quarter_final,Ecuador,0.01336,1869.7
Spain,quarter_final,South Korea,0.0129,1771.5
Spain,quarter_final,Bosnia and Herzegovina,0.0126,1574.5
Spain,quarter_final,Czechia,0.00864,1700.3
Spain,quarter_final,Portugal,0.00808,1995.2
Spain,quarter_final,Switzerland,0.006,1892.8
Spain,quarter_final,Canada,0.00438,1835.5
Spain,quarter_final,Ivory Coast,0.0042,1764.0
Spain,quarter_final,Croatia,0.00366,1867.1
Spain,quarter_final,France,0.00356,2121.4
Spain,quarter_final,Argentina,0.00326,2165.3
Spain,quarter_final,Jordan,0.00284,1612.9
Spain,quarter_final,New Zealand,0.00272,1551.7
Spain,quarter_final,Brazil,0.00268,2020.0
Spain,quarter_final,Japan,0.00212,1966.0
Spain,quarter_final,Cape Verde,0.0018,1634.0
Spain,quarter_final,Australia,0.00154,1806.2
Spain,quarter_final,Netherlands,0.00152,1988.0
Spain,quarter_final,Iraq,0.00104,1583.0
Spain,quarter_final,Qatar,0.00102,1402.7
Spain,quarter_final,Morocco,0.00096,1896.5
Spain,quarter_final,DR Congo,0.0008,1680.2
Spain,quarter_final,Sweden,0.00076,1725.7
Spain,quarter_final,Paraguay,0.00046,1826.8
Spain,quarter_final,South Africa,0.0004,1499.3
Spain,quarter_final,England,0.00038,2076.8
Spain,quarter_final,Panama,0.00034,1673.3
Spain,quarter_final,Ghana,0.00024,1527.5
Spain,quarter_final,Turkey,0.00014,1824.0
Spain,quarter_final,Uzbekistan,0.00014,1673.2
Spain,quarter_final,Curacao,6e-05,1421.3
Spain,quarter_final,Mexico,2e-05,1973.7
Spain,quarter_final,Scotland,2e-05,1773.8
Spain,round_of_16,Portugal,0.2118,1995.2
Spain,round_of_16,Croatia,0.20174,1867.1
Spain,round_of_16,Colombia,0.1286,2005.8
Spain,round_of_16,DR Congo,0.04898,1680.2
Spain,round_of_16,England,0.03086,2076.8
Spain,round_of_16,Uzbekistan,0.02482,1673.2
Spain,round_of_16,Ghana,0.02226,1527.5
Spain,round_of_16,United States,0.0175,1866.7
Spain,round_of_16,Panama,0.01372,1673.3
Spain,round_of_16,Australia,0.01272,1806.2
Spain,round_of_16,Paraguay,0.0087,1826.8
Spain,round_of_16,Belgium,0.00808,1897.7
Spain,round_of_16,Iran,0.0047,1788.7
Spain,round_of_16,Egypt,0.00308,1718.7
Spain,round_of_16,Bosnia and Herzegovina,0.00186,1574.5
Spain,round_of_16,Senegal,0.00164,1834.5
Spain,round_of_16,New Zealand,0.00116,1551.7
Spain,round_of_16,Norway,0.00104,1936.7
Spain,round_of_16,Algeria,0.00086,1784.8
Spain,round_of_16,Germany,0.00074,1997.8
Spain,round_of_16,Austria,0.00062,1894.3
Spain,round_of_16,Ecuador,0.00046,1869.7
Spain,round_of_16,France,0.00024,2121.4
Spain,round_of_16,Ivory Coast,0.00024,1764.0
Spain,round_of_16,Mexico,0.00022,1973.7
Spain,round_of_16,Qatar,0.00022,1402.7
Spain,round_of_16,Iraq,0.0002,1583.0
Spain,round_of_16,Jordan,0.00018,1612.9
Spain,round_of_16,Switzerland,8e-05,1892.8
Spain,round_of_16,Scotland,6e-05,1773.8
Spain,round_of_16,Brazil,4e-05,2020.0
Spain,round_of_16,Argentina,2e-05,2165.3
Spain,round_of_16,Canada,2e-05,1835.5
Spain,round_of_16,Curacao,2e-05,1421.3
Spain,round_of_16,Japan,2e-05,1966.0
Spain,round_of_16,South Korea,2e-05,1771.5
Spain,round_of_16,Sweden,2e-05,1725.7
Spain,round_of_16,Turkey,2e-05,1824.0
Spain,round_of_32,Austria,0.56518,1894.3
Spain,round_of_32,Argentina,0.18916,2165.3
Spain,round_of_32,Algeria,0.17494,1784.8
Spain,round_of_32,Mexico,0.02332,1973.7
Spain,round_of_32,Jordan,0.01474,1612.9
Spain,round_of_32,Belgium,0.01072,1897.7
Spain,round_of_32,Egypt,0.00846,1718.7
Spain,round_of_32,Iran,0.0058,1788.7
Spain,round_of_32,South Korea,0.00294,1771.5
Spain,round_of_32,New Zealand,0.0026,1551.7
Spain,round_of_32,France,0.001,2121.4
Spain,round_of_32,England,0.00066,2076.8
Spain,round_of_32,Norway,0.00038,1936.7
Spain,round_of_32,Panama,4e-05,1673.3
Spain,round_of_32,Senegal,4e-05,1834.5
Spain,round_of_32,Croatia,2e-05,1867.1
Spain,semi_final,France,0.13938,2121.4
Spain,semi_final,Germany,0.08212,1997.8
Spain,semi_final,Netherlands,0.0569,1988.0
Spain,semi_final,Japan,0.0292,1966.0
Spain,semi_final,Brazil,0.0265,2020.0
Spain,semi_final,Switzerland,0.02272,1892.8
Spain,semi_final,Norway,0.02256,1936.7
Spain,semi_final,Morocco,0.02176,1896.5
Spain,semi_final,Canada,0.01128,1835.5
Spain,semi_final,South Korea,0.0083,1771.5
Spain,semi_final,England,0.00738,2076.8
Spain,semi_final,Mexico,0.00668,1973.7
Spain,semi_final,Paraguay,0.00664,1826.8
Spain,semi_final,Argentina,0.00452,2165.3
Spain,semi_final,Sweden,0.00346,1725.7
Spain,semi_final,Scotland,0.00336,1773.8
Spain,semi_final,Australia,0.00318,1806.2
Spain,semi_final,Turkey,0.00266,1824.0
Spain,semi_final,Colombia,0.0016,2005.8
Spain,semi_final,Senegal,0.00104,1834.5
Spain,semi_final,Portugal,0.00086,1995.2
Spain,semi_final,Belgium,0.0005,1897.7
Spain,semi_final,Ivory Coast,0.00044,1764.0
Spain,semi_final,Uruguay,0.0004,1840.2
Spain,semi_final,Iran,0.00024,1788.7
Spain,semi_final,Croatia,0.00022,1867.1
Spain,semi_final,Ecuador,0.00022,1869.7
Spain,semi_final,Austria,0.00018,1894.3
Spain,semi_final,Czechia,0.00018,1700.3
Spain,semi_final,Egypt,0.00016,1718.7
Spain,semi_final,United States,0.00012,1866.7
Spain,semi_final,DR Congo,8e-05,1680.2
Spain,semi_final,South Africa,8e-05,1499.3
Spain,semi_final,Uzbekistan,4e-05,1673.2
Spain,semi_final,Algeria,2e-05,1784.8
Spain,semi_final,Panama,2e-05,1673.3
Spain,semi_final,Saudi Arabia,2e-05,1567.9
Sweden,final,Argentina,0.00078,2165.3
Sweden,final,England,0.00028,2076.8
Sweden,final,France,0.0002,2121.4
Sweden,final,Spain,0.0002,2156.2
Sweden,final,Colombia,0.00018,2005.8
Sweden,final,Portugal,0.00014,1995.2
Sweden,final,Mexico,0.0001,1973.7
Sweden,final,Morocco,8e-05,1896.5
Sweden,final,Netherlands,8e-05,1988.0
Sweden,final,Brazil,6e-05,2020.0
Sweden,final,Japan,4e-05,1966.0
Sweden,final,Senegal,4e-05,1834.5
Sweden,final,Austria,2e-05,1894.3
Sweden,final,Belgium,2e-05,1897.7
Sweden,final,Croatia,2e-05,1867.1
Sweden,final,Ecuador,2e-05,1869.7
Sweden,final,Norway,2e-05,1936.7
Sweden,final,Switzerland,2e-05,1892.8
Sweden,quarter_final,Netherlands,0.00788,1988.0
Sweden,quarter_final,England,0.00534,2076.8
Sweden,quarter_final,Morocco,0.00434,1896.5
Sweden,quarter_final,Japan,0.00396,1966.0
Sweden,quarter_final,Switzerland,0.00386,1892.8
Sweden,quarter_final,Brazil,0.0035,2020.0
Sweden,quarter_final,Mexico,0.00336,1973.7
Sweden,quarter_final,South Korea,0.00282,1771.5
Sweden,quarter_final,Canada,0.00174,1835.5
Sweden,quarter_final,France,0.00156,2121.4
Sweden,quarter_final,Germany,0.0012,1997.8
Sweden,quarter_final,Scotland,0.00082,1773.8
Sweden,quarter_final,Spain,0.00076,2156.2
Sweden,quarter_final,Norway,0.00058,1936.7
Sweden,quarter_final,Portugal,0.00044,1995.2
Sweden,quarter_final,Colombia,0.00038,2005.8
Sweden,quarter_final,Argentina,0.00036,2165.3
Sweden,quarter_final,Croatia,0.00022,1867.1
Sweden,quarter_final,Austria,0.0002,1894.3
Sweden,quarter_final,Paraguay,0.0002,1826.8
Sweden,quarter_final,Uruguay,0.0002,1840.2
Sweden,quarter_final,Senegal,0.00016,1834.5
Sweden,quarter_final,Ecuador,0.00012,1869.7
Sweden,quarter_final,DR Congo,0.0001,1680.2
Sweden,quarter_final,Czechia,8e-05,1700.3
Sweden,quarter_final,Turkey,6e-05,1824.0
Sweden,quarter_final,Australia,4e-05,1806.2
Sweden,quarter_final,Ivory Coast,4e-05,1764.0
Sweden,quarter_final,South Africa,4e-05,1499.3
Sweden,quarter_final,Belgium,2e-05,1897.7
Sweden,quarter_final,Bosnia and Herzegovina,2e-05,1574.5
Sweden,quarter_final,Ghana,2e-05,1527.5
Sweden,quarter_final,Iraq,2e-05,1583.0
Sweden,quarter_final,Uzbekistan,2e-05,1673.2
Sweden,round_of_16,Germany,0.0764,1997.8
Sweden,round_of_16,Norway,0.01316,1936.7
Sweden,round_of_16,Paraguay,0.0127,1826.8
Sweden,round_of_16,France,0.00934,2121.4
Sweden,round_of_16,Ivory Coast,0.00852,1764.0
Sweden,round_of_16,Australia,0.00826,1806.2
Sweden,round_of_16,Turkey,0.00514,1824.0
Sweden,round_of_16,Senegal,0.00414,1834.5
Sweden,round_of_16,South Korea,0.0037,1771.5
Sweden,round_of_16,Switzerland,0.00342,1892.8
Sweden,round_of_16,Scotland,0.00288,1773.8
Sweden,round_of_16,Canada,0.00262,1835.5
Sweden,round_of_16,Brazil,0.0018,2020.0
Sweden,round_of_16,Colombia,0.00116,2005.8
Sweden,round_of_16,England,0.00098,2076.8
Sweden,round_of_16,Belgium,0.0008,1897.7
Sweden,round_of_16,Czechia,0.00078,1700.3
Sweden,round_of_16,Ecuador,0.00074,1869.7
Sweden,round_of_16,Egypt,0.0006,1718.7
Sweden,round_of_16,Portugal,0.00052,1995.2
Sweden,round_of_16,Iran,0.00046,1788.7
Sweden,round_of_16,South Africa,0.00034,1499.3
Sweden,round_of_16,Mexico,0.0003,1973.7
Sweden,round_of_16,Morocco,0.00018,1896.5
Sweden,round_of_16,Curacao,0.00014,1421.3
Sweden,round_of_16,Iraq,0.00014,1583.0
Sweden,round_of_16,Croatia,0.0001,1867.1
Sweden,round_of_16,Panama,8e-05,1673.3
Sweden,round_of_16,DR Congo,6e-05,1680.2
Sweden,round_of_16,Ghana,6e-05,1527.5
Sweden,round_of_16,New Zealand,6e-05,1551.7
Sweden,round_of_16,Uruguay,6e-05,1840.2
Sweden,round_of_16,Uzbekistan,4e-05,1673.2
Sweden,round_of_16,Cape Verde,2e-05,1634.0
Sweden,round_of_16,Spain,2e-05,2156.2
Sweden,round_of_32,France,0.53232,2121.4
Sweden,round_of_32,Norway,0.18118,1936.7
Sweden,round_of_32,Brazil,0.08906,2020.0
Sweden,round_of_32,Morocco,0.06844,1896.5
Sweden,round_of_32,Germany,0.01884,1997.8
Sweden,round_of_32,Scotland,0.00988,1773.8
Sweden,round_of_32,United States,0.00956,1866.7
Sweden,round_of_32,Senegal,0.00822,1834.5
Sweden,round_of_32,Mexico,0.00446,1973.7
Sweden,round_of_32,Canada,0.00354,1835.5
Sweden,round_of_32,Switzerland,0.00276,1892.8
Sweden,round_of_32,South Korea,0.00102,1771.5
Sweden,round_of_32,Iraq,0.00056,1583.0
Sweden,round_of_32,Ivory Coast,0.00026,1764.0
Sweden,round_of_32,Australia,0.00014,1806.2
Sweden,semi_final,Spain,0.00346,2156.2
Sweden,semi_final,Argentina,0.00174,2165.3
Sweden,semi_final,United States,0.00108,1866.7
Sweden,semi_final,Colombia,0.00082,2005.8
Sweden,semi_final,Portugal,0.00076,1995.2
Sweden,semi_final,Austria,0.00056,1894.3
Sweden,semi_final,Belgium,0.00038,1897.7
Sweden,semi_final,Croatia,0.00026,1867.1
Sweden,semi_final,Uruguay,0.00022,1840.2
Sweden,semi_final,Norway,0.00018,1936.7
Sweden,semi_final,Algeria,0.00014,1784.8
Sweden,semi_final,France,0.00012,2121.4
Sweden,semi_final,Iran,0.00012,1788.7
Sweden,semi_final,England,0.0001,2076.8
Sweden,semi_final,Egypt,8e-05,1718.7
Sweden,semi_final,Australia,6e-05,1806.2
Sweden,semi_final,Canada,6e-05,1835.5
Sweden,semi_final,Czechia,4e-05,1700.3
Sweden,semi_final,Ecuador,4e-05,1869.7
Sweden,semi_final,Mexico,4e-05,1973.7
Sweden,semi_final,Netherlands,4e-05,1988.0
Sweden,semi_final,Paraguay,4e-05,1826.8
Sweden,semi_final,Senegal,4e-05,1834.5
Sweden,semi_final,Switzerland,4e-05,1892.8
Sweden,semi_final,Cape Verde,2e-05,1634.0
Sweden,semi_final,DR Congo,2e-05,1680.2
Sweden,semi_final,Germany,2e-05,1997.8
Sweden,semi_final,Japan,2e-05,1966.0
Sweden,semi_final,Morocco,2e-05,1896.5
Sweden,semi_final,Panama,2e-05,1673.3
Sweden,semi_final,Scotland,2e-05,1773.8
Sweden,semi_final,South Korea,2e-05,1771.5
Switzerland,final,Argentina,0.00688,2165.3
Switzerland,final,Spain,0.0046,2156.2
Switzerland,final,France,0.00432,2121.4
Switzerland,final,England,0.0032,2076.8
Switzerland,final,Colombia,0.00174,2005.8
Switzerland,final,Brazil,0.00152,2020.0
Switzerland,final,Mexico,0.00138,1973.7
Switzerland,final,Netherlands,0.00136,1988.0
Switzerland,final,Germany,0.0013,1997.8
Switzerland,final,Portugal,0.00118,1995.2
Switzerland,final,Japan,0.00092,1966.0
Switzerland,final,Norway,0.00068,1936.7
Switzerland,final,Austria,0.00056,1894.3
Switzerland,final,Morocco,0.00054,1896.5
Switzerland,final,United States,0.00052,1866.7
Switzerland,final,Belgium,0.00046,1897.7
Switzerland,final,Canada,0.00046,1835.5
Switzerland,final,Croatia,0.00024,1867.1
Switzerland,final,Senegal,0.00022,1834.5
Switzerland,final,Australia,0.00018,1806.2
Switzerland,final,Ecuador,0.00012,1869.7
Switzerland,final,Iran,0.00012,1788.7
Switzerland,final,Paraguay,8e-05,1826.8
Switzerland,final,South Korea,8e-05,1771.5
Switzerland,final,Uruguay,8e-05,1840.2
Switzerland,final,Algeria,6e-05,1784.8
Switzerland,final,Egypt,6e-05,1718.7
Switzerland,final,Ivory Coast,6e-05,1764.0
Switzerland,final,Scotland,4e-05,1773.8
Switzerland,final,Turkey,4e-05,1824.0
Switzerland,final,Uzbekistan,4e-05,1673.2
Switzerland,final,Bosnia and Herzegovina,2e-05,1574.5
Switzerland,final,Czechia,2e-05,1700.3
Switzerland,final,Sweden,2e-05,1725.7
Switzerland,quarter_final,Argentina,0.08158,2165.3
Switzerland,quarter_final,France,0.06654,2121.4
Switzerland,quarter_final,Germany,0.05038,1997.8
Switzerland,quarter_final,Norway,0.01316,1936.7
Switzerland,quarter_final,Australia,0.01126,1806.2
Switzerland,quarter_final,Paraguay,0.01106,1826.8
Switzerland,quarter_final,Austria,0.00822,1894.3
Switzerland,quarter_final,Belgium,0.00748,1897.7
Switzerland,quarter_final,Spain,0.006,2156.2
Switzerland,quarter_final,Japan,0.0045,1966.0
Switzerland,quarter_final,Sweden,0.00386,1725.7
Switzerland,quarter_final,Iran,0.00292,1788.7
Switzerland,quarter_final,Turkey,0.00204,1824.0
Switzerland,quarter_final,Brazil,0.00186,2020.0
Switzerland,quarter_final,Cape Verde,0.00162,1634.0
Switzerland,quarter_final,Scotland,0.00146,1773.8
Switzerland,quarter_final,Egypt,0.0014,1718.7
Switzerland,quarter_final,Uruguay,0.00114,1840.2
Switzerland,quarter_final,Saudi Arabia,0.0006,1567.9
Switzerland,quarter_final,Portugal,0.00042,1995.2
Switzerland,quarter_final,Senegal,0.00042,1834.5
Switzerland,quarter_final,New Zealand,0.00032,1551.7
Switzerland,quarter_final,Algeria,0.0002,1784.8
Switzerland,quarter_final,Colombia,0.00018,2005.8
Switzerland,quarter_final,Morocco,0.00018,1896.5
Switzerland,quarter_final,Croatia,0.00014,1867.1
Switzerland,quarter_final,Ivory Coast,0.0001,1764.0
Switzerland,quarter_final,United States,8e-05,1866.7
Switzerland,quarter_final,England,4e-05,2076.8
Switzerland,quarter_final,Jordan,4e-05,1612.9
Switzerland,quarter_final,Netherlands,4e-05,1988.0
Switzerland,quarter_final,Czechia,2e-05,1700.3
Switzerland,round_of_16,Netherlands,0.15082,1988.0
Switzerland,round_of_16,Colombia,0.14676,2005.8
Switzerland,round_of_16,Morocco,0.09288,1896.5
Switzerland,round_of_16,Portugal,0.06414,1995.2
Switzerland,round_of_16,Japan,0.0616,1966.0
Switzerland,round_of_16,Brazil,0.05052,2020.0
Switzerland,round_of_16,Croatia,0.01386,1867.1
Switzerland,round_of_16,Scotland,0.01378,1773.8
Switzerland,round_of_16,Senegal,0.0123,1834.5
Switzerland,round_of_16,Ghana,0.00958,1527.5
Switzerland,round_of_16,DR Congo,0.00728,1680.2
Switzerland,round_of_16,Norway,0.00682,1936.7
Switzerland,round_of_16,Panama,0.0057,1673.3
Switzerland,round_of_16,Ecuador,0.00404,1869.7
Switzerland,round_of_16,Sweden,0.00342,1725.7
Switzerland,round_of_16,Belgium,0.00164,1897.7
Switzerland,round_of_16,Uzbekistan,0.0014,1673.2
Switzerland,round_of_16,Paraguay,0.00126,1826.8
Switzerland,round_of_16,Ivory Coast,0.00124,1764.0
Switzerland,round_of_16,France,0.00118,2121.4
Switzerland,round_of_16,Australia,0.00094,1806.2
Switzerland,round_of_16,Egypt,0.00084,1718.7
Switzerland,round_of_16,England,0.00078,2076.8
Switzerland,round_of_16,Iraq,0.00074,1583.0
Switzerland,round_of_16,Algeria,0.00068,1784.8
Switzerland,round_of_16,Turkey,0.00068,1824.0
Switzerland,round_of_16,Austria,0.0006,1894.3
Switzerland,round_of_16,Iran,0.00056,1788.7
Switzerland,round_of_16,South Korea,0.00032,1771.5
Switzerland,round_of_16,Czechia,0.0003,1700.3
Switzerland,round_of_16,Jordan,0.00024,1612.9
Switzerland,round_of_16,Uruguay,0.00022,1840.2
Switzerland,round_of_16,Curacao,0.0001,1421.3
Switzerland,round_of_16,New Zealand,8e-05,1551.7
Switzerland,round_of_16,Spain,8e-05,2156.2
Switzerland,round_of_16,Argentina,2e-05,2165.3
Switzerland,round_of_16,Cape Verde,2e-05,1634.0
Switzerland,round_of_16,South Africa,2e-05,1499.3
Switzerland,round_of_32,South Korea,0.43256,1771.5
Switzerland,round_of_32,Egypt,0.09522,1718.7
Switzerland,round_of_32,Iran,0.08474,1788.7
Switzerland,round_of_32,South Africa,0.07354,1499.3
Switzerland,round_of_32,Algeria,0.06054,1784.8
Switzerland,round_of_32,New Zealand,0.05264,1551.7
Switzerland,round_of_32,Belgium,0.05092,1897.7
Switzerland,round_of_32,Mexico,0.0331,1973.7
Switzerland,round_of_32,Austria,0.03092,1894.3
Switzerland,round_of_32,Czechia,0.0244,1700.3
Switzerland,round_of_32,Jordan,0.02238,1612.9
Switzerland,round_of_32,United States,0.01064,1866.7
Switzerland,round_of_32,Ecuador,0.00876,1869.7
Switzerland,round_of_32,Senegal,0.00638,1834.5
Switzerland,round_of_32,Ivory Coast,0.00332,1764.0
Switzerland,round_of_32,Sweden,0.00276,1725.7
Switzerland,round_of_32,Norway,0.0025,1936.7
Switzerland,round_of_32,Argentina,0.00134,2165.3
Switzerland,round_of_32,Iraq,0.0013,1583.0
Switzerland,round_of_32,Curacao,0.00106,1421.3
Switzerland,round_of_32,Japan,0.00066,1966.0
Switzerland,round_of_32,France,0.00018,2121.4
Switzerland,round_of_32,Australia,6e-05,1806.2
Switzerland,round_of_32,Paraguay,6e-05,1826.8
Switzerland,round_of_32,Germany,2e-05,1997.8
Switzerland,semi_final,Spain,0.02272,2156.2
Switzerland,semi_final,England,0.01292,2076.8
Switzerland,semi_final,United States,0.0065,1866.7
Switzerland,semi_final,Portugal,0.00544,1995.2
Switzerland,semi_final,Brazil,0.00512,2020.0
Switzerland,semi_final,Mexico,0.00494,1973.7
Switzerland,semi_final,Norway,0.00386,1936.7
Switzerland,semi_final,France,0.0036,2121.4
Switzerland,semi_final,Colombia,0.00358,2005.8
Switzerland,semi_final,Belgium,0.00302,1897.7
Switzerland,semi_final,Argentina,0.00292,2165.3
Switzerland,semi_final,Japan,0.0027,1966.0
Switzerland,semi_final,Austria,0.00242,1894.3
Switzerland,semi_final,Croatia,0.00234,1867.1
Switzerland,semi_final,Netherlands,0.00162,1988.0
Switzerland,semi_final,Senegal,0.00144,1834.5
Switzerland,semi_final,Morocco,0.00114,1896.5
Switzerland,semi_final,Uruguay,0.00088,1840.2
Switzerland,semi_final,Algeria,0.00084,1784.8
Switzerland,semi_final,Ecuador,0.00068,1869.7
Switzerland,semi_final,Ivory Coast,0.00056,1764.0
Switzerland,semi_final,Iran,0.00054,1788.7
Switzerland,semi_final,South Korea,0.0005,1771.5
Switzerland,semi_final,Egypt,0.00036,1718.7
Switzerland,semi_final,Scotland,0.00028,1773.8
Switzerland,semi_final,DR Congo,0.00022,1680.2
Switzerland,semi_final,Germany,0.0002,1997.8
Switzerland,semi_final,Bosnia and Herzegovina,0.0001,1574.5
Switzerland,semi_final,Uzbekistan,0.0001,1673.2
Switzerland,semi_final,Australia,8e-05,1806.2
Switzerland,semi_final,Czechia,8e-05,1700.3
Switzerland,semi_final,New Zealand,4e-05,1551.7
Switzerland,semi_final,Sweden,4e-05,1725.7
Switzerland,semi_final,Ghana,2e-05,1527.5
Switzerland,semi_final,Iraq,2e-05,1583.0
Switzerland,semi_final,Jordan,2e-05,1612.9
Switzerland,semi_final,Panama,2e-05,1673.3
Switzerland,semi_final,Paraguay,2e-05,1826.8
Tunisia,round_of_32,France,4e-05,2121.4
Tunisia,round_of_32,Norway,2e-05,1936.7
Turkey,final,Argentina,0.00054,2165.3
Turkey,final,England,0.00024,2076.8
Turkey,final,France,0.00012,2121.4
Turkey,final,Brazil,8e-05,2020.0
Turkey,final,Colombia,8e-05,2005.8
Turkey,final,Portugal,8e-05,1995.2
Turkey,final,Norway,6e-05,1936.7
Turkey,final,Belgium,4e-05,1897.7
Turkey,final,Mexico,4e-05,1973.7
Turkey,final,Morocco,4e-05,1896.5
Turkey,final,Spain,4e-05,2156.2
Turkey,final,Switzerland,4e-05,1892.8
Turkey,final,Croatia,2e-05,1867.1
Turkey,final,Ghana,2e-05,1527.5
Turkey,final,Ivory Coast,2e-05,1764.0
Turkey,final,Japan,2e-05,1966.0
Turkey,final,Netherlands,2e-05,1988.0
Turkey,final,United States,2e-05,1866.7
Turkey,quarter_final,Netherlands,0.00356,1988.0
Turkey,quarter_final,Switzerland,0.00204,1892.8
Turkey,quarter_final,Morocco,0.00198,1896.5
Turkey,quarter_final,Japan,0.00154,1966.0
Turkey,quarter_final,Canada,0.0012,1835.5
Turkey,quarter_final,South Korea,0.00116,1771.5
Turkey,quarter_final,Brazil,0.00098,2020.0
Turkey,quarter_final,Argentina,0.00062,2165.3
Turkey,quarter_final,Scotland,0.00032,1773.8
Turkey,quarter_final,Mexico,0.00018,1973.7
Turkey,quarter_final,Spain,0.00014,2156.2
Turkey,quarter_final,Austria,0.0001,1894.3
Turkey,quarter_final,Iran,8e-05,1788.7
Turkey,quarter_final,Belgium,6e-05,1897.7
Turkey,quarter_final,Sweden,6e-05,1725.7
Turkey,quarter_final,Australia,4e-05,1806.2
Turkey,quarter_final,Bosnia and Herzegovina,2e-05,1574.5
Turkey,quarter_final,Cape Verde,2e-05,1634.0
Turkey,quarter_final,Czechia,2e-05,1700.3
Turkey,quarter_final,South Africa,2e-05,1499.3
Turkey,quarter_final,United States,2e-05,1866.7
Turkey,quarter_final,Uruguay,2e-05,1840.2
Turkey,round_of_16,France,0.02648,2121.4
Turkey,round_of_16,Norway,0.0077,1936.7
Turkey,round_of_16,Sweden,0.00514,1725.7
Turkey,round_of_16,Japan,0.0023,1966.0
Turkey,round_of_16,Germany,0.0022,1997.8
Turkey,round_of_16,Switzerland,0.00068,1892.8
Turkey,round_of_16,Canada,0.00064,1835.5
Turkey,round_of_16,Scotland,0.0006,1773.8
Turkey,round_of_16,Brazil,0.00036,2020.0
Turkey,round_of_16,Iran,0.00032,1788.7
Turkey,round_of_16,Senegal,0.00026,1834.5
Turkey,round_of_16,Belgium,0.00024,1897.7
Turkey,round_of_16,Egypt,0.00022,1718.7
Turkey,round_of_16,New Zealand,0.0001,1551.7
Turkey,round_of_16,Algeria,6e-05,1784.8
Turkey,round_of_16,Uruguay,6e-05,1840.2
Turkey,round_of_16,Netherlands,4e-05,1988.0
Turkey,round_of_16,Austria,2e-05,1894.3
Turkey,round_of_16,Ecuador,2e-05,1869.7
Turkey,round_of_16,Iraq,2e-05,1583.0
Turkey,round_of_16,Jordan,2e-05,1612.9
Turkey,round_of_16,Morocco,2e-05,1896.5
Turkey,round_of_16,Spain,2e-05,2156.2
Turkey,round_of_32,Germany,0.14104,1997.8
Turkey,round_of_32,France,0.00964,2121.4
Turkey,round_of_32,Colombia,0.00466,2005.8
Turkey,round_of_32,Norway,0.00296,1936.7
Turkey,round_of_32,Portugal,0.0016,1995.2
Turkey,round_of_32,Ivory Coast,0.00066,1764.0
Turkey,round_of_32,DR Congo,0.00018,1680.2
Turkey,round_of_32,Senegal,0.00016,1834.5
Turkey,round_of_32,Uzbekistan,4e-05,1673.2
Turkey,round_of_32,Iraq,2e-05,1583.0
Turkey,semi_final,Spain,0.00266,2156.2
Turkey,semi_final,United States,0.00058,1866.7
Turkey,semi_final,Portugal,0.00042,1995.2
Turkey,semi_final,Colombia,0.00032,2005.8
Turkey,semi_final,Austria,0.00026,1894.3
Turkey,semi_final,Belgium,0.00026,1897.7
Turkey,semi_final,Croatia,0.00022,1867.1
Turkey,semi_final,England,0.00018,2076.8
Turkey,semi_final,Argentina,0.00012,2165.3
Turkey,semi_final,Algeria,6e-05,1784.8
Turkey,semi_final,Senegal,6e-05,1834.5
Turkey,semi_final,Ecuador,4e-05,1869.7
Turkey,semi_final,Mexico,4e-05,1973.7
Turkey,semi_final,Norway,4e-05,1936.7
Turkey,semi_final,Uruguay,4e-05,1840.2
Turkey,semi_final,Australia,2e-05,1806.2
Turkey,semi_final,Bosnia and Herzegovina,2e-05,1574.5
Turkey,semi_final,Brazil,2e-05,2020.0
Turkey,semi_final,Czechia,2e-05,1700.3
Turkey,semi_final,DR Congo,2e-05,1680.2
Turkey,semi_final,Egypt,2e-05,1718.7
Turkey,semi_final,Ivory Coast,2e-05,1764.0
Turkey,semi_final,Japan,2e-05,1966.0
Turkey,semi_final,Morocco,2e-05,1896.5
Turkey,semi_final,Paraguay,2e-05,1826.8
United States,final,Argentina,0.01504,2165.3
United States,final,England,0.00682,2076.8
United States,final,Colombia,0.0033,2005.8
United States,final,France,0.00268,2121.4
United States,final,Brazil,0.00234,2020.0
United States,final,Mexico,0.00228,1973.7
United States,final,Portugal,0.002,1995.2
United States,final,Spain,0.00136,2156.2
United States,final,Norway,0.00132,1936.7
United States,final,Japan,0.00114,1966.0
United States,final,Netherlands,0.00084,1988.0
United States,final,Canada,0.00072,1835.5
United States,final,Belgium,0.0007,1897.7
United States,final,Austria,0.00066,1894.3
United States,final,Switzerland,0.00052,1892.8
United States,final,Australia,0.00042,1806.2
United States,final,Morocco,0.00028,1896.5
United States,final,Ecuador,0.0002,1869.7
United States,final,Senegal,0.0002,1834.5
United States,final,Iran,0.00018,1788.7
United States,final,Ivory Coast,0.00018,1764.0
United States,final,Paraguay,0.00018,1826.8
United States,final,Croatia,0.0001,1867.1
United States,final,Uruguay,0.0001,1840.2
United States,final,Egypt,8e-05,1718.7
United States,final,Scotland,4e-05,1773.8
United States,final,South Korea,4e-05,1771.5
United States,final,Cape Verde,2e-05,1634.0
United States,final,DR Congo,2e-05,1680.2
United States,final,Turkey,2e-05,1824.0
United States,quarter_final,Spain,0.21572,2156.2
United States,quarter_final,Portugal,0.05268,1995.2
United States,quarter_final,Croatia,0.0349,1867.1
United States,quarter_final,Austria,0.03476,1894.3
United States,quarter_final,Colombia,0.03152,2005.8
United States,quarter_final,Argentina,0.0255,2165.3
United States,quarter_final,Uruguay,0.00814,1840.2
United States,quarter_final,Algeria,0.00526,1784.8
United States,quarter_final,England,0.00502,2076.8
United States,quarter_final,DR Congo,0.00422,1680.2
United States,quarter_final,Uzbekistan,0.00194,1673.2
United States,quarter_final,Panama,0.00104,1673.3
United States,quarter_final,Ghana,0.00066,1527.5
United States,quarter_final,Cape Verde,0.0005,1634.0
United States,quarter_final,Jordan,0.0001,1612.9
United States,quarter_final,Canada,8e-05,1835.5
United States,quarter_final,Switzerland,8e-05,1892.8
United States,quarter_final,Egypt,4e-05,1718.7
United States,quarter_final,Iran,4e-05,1788.7
United States,quarter_final,Belgium,2e-05,1897.7
United States,quarter_final,Ivory Coast,2e-05,1764.0
United States,quarter_final,Senegal,2e-05,1834.5
United States,quarter_final,Turkey,2e-05,1824.0
United States,round_of_16,Belgium,0.1942,1897.7
United States,round_of_16,Egypt,0.0965,1718.7
United States,round_of_16,Iran,0.09436,1788.7
United States,round_of_16,Algeria,0.05342,1784.8
United States,round_of_16,Uruguay,0.048,1840.2
United States,round_of_16,South Korea,0.04624,1771.5
United States,round_of_16,Senegal,0.04028,1834.5
United States,round_of_16,Czechia,0.03786,1700.3
United States,round_of_16,Austria,0.0375,1894.3
United States,round_of_16,Norway,0.02092,1936.7
United States,round_of_16,Ecuador,0.0177,1869.7
United States,round_of_16,Spain,0.0175,2156.2
United States,round_of_16,New Zealand,0.01646,1551.7
United States,round_of_16,Jordan,0.01264,1612.9
United States,round_of_16,Cape Verde,0.01084,1634.0
United States,round_of_16,Ivory Coast,0.00632,1764.0
United States,round_of_16,Argentina,0.00626,2165.3
United States,round_of_16,Iraq,0.00446,1583.0
United States,round_of_16,Saudi Arabia,0.004,1567.9
United States,round_of_16,South Africa,0.0033,1499.3
United States,round_of_16,France,0.00268,2121.4
United States,round_of_16,Curacao,0.0007,1421.3
United States,round_of_32,Bosnia and Herzegovina,0.5295,1574.5
United States,round_of_32,Qatar,0.21704,1402.7
United States,round_of_32,Senegal,0.05584,1834.5
United States,round_of_32,Ecuador,0.03626,1869.7
United States,round_of_32,Algeria,0.03562,1784.8
United States,round_of_32,Norway,0.02498,1936.7
United States,round_of_32,Austria,0.01836,1894.3
United States,round_of_32,Ivory Coast,0.0157,1764.0
United States,round_of_32,Jordan,0.01508,1612.9
United States,round_of_32,Iraq,0.01312,1583.0
United States,round_of_32,Switzerland,0.01064,1892.8
United States,round_of_32,Sweden,0.00956,1725.7
United States,round_of_32,Curacao,0.00374,1421.3
United States,round_of_32,Belgium,0.00296,1897.7
United States,round_of_32,Iran,0.00266,1788.7
United States,round_of_32,France,0.00214,2121.4
United States,round_of_32,Egypt,0.00198,1718.7
United States,round_of_32,Japan,0.00188,1966.0
United States,round_of_32,New Zealand,0.00146,1551.7
United States,round_of_32,Canada,0.00076,1835.5
United States,round_of_32,Argentina,0.00068,2165.3
United States,round_of_32,Netherlands,4e-05,1988.0
United States,semi_final,France,0.0386,2121.4
United States,semi_final,Germany,0.0237,1997.8
United States,semi_final,Netherlands,0.01498,1988.0
United States,semi_final,Japan,0.00782,1966.0
United States,semi_final,Morocco,0.00674,1896.5
United States,semi_final,Switzerland,0.0065,1892.8
United States,semi_final,Brazil,0.00644,2020.0
United States,semi_final,Norway,0.00584,1936.7
United States,semi_final,Canada,0.00306,1835.5
United States,semi_final,South Korea,0.00244,1771.5
United States,semi_final,Paraguay,0.00206,1826.8
United States,semi_final,Sweden,0.00108,1725.7
United States,semi_final,Mexico,0.00104,1973.7
United States,semi_final,Australia,0.00092,1806.2
United States,semi_final,Scotland,0.0009,1773.8
United States,semi_final,Turkey,0.00058,1824.0
United States,semi_final,Belgium,0.00016,1897.7
United States,semi_final,Spain,0.00012,2156.2
United States,semi_final,England,0.0001,2076.8
United States,semi_final,Senegal,8e-05,1834.5
United States,semi_final,Czechia,4e-05,1700.3
United States,semi_final,Iran,4e-05,1788.7
United States,semi_final,Bosnia and Herzegovina,2e-05,1574.5
United States,semi_final,DR Congo,2e-05,1680.2
United States,semi_final,Uruguay,2e-05,1840.2
United States,semi_final,Uzbekistan,2e-05,1673.2
Uruguay,final,Argentina,0.0016,2165.3
Uruguay,final,Spain,0.00106,2156.2
Uruguay,final,England,0.00082,2076.8
Uruguay,final,France,0.00074,2121.4
Uruguay,final,Colombia,0.00056,2005.8
Uruguay,final,Brazil,0.00046,2020.0
Uruguay,final,Portugal,0.0003,1995.2
Uruguay,final,Mexico,0.00028,1973.7
Uruguay,final,Japan,0.00026,1966.0
Uruguay,final,Norway,0.0002,1936.7
Uruguay,final,Germany,0.00016,1997.8
Uruguay,final,Netherlands,0.00016,1988.0
Uruguay,final,Austria,0.00014,1894.3
Uruguay,final,Morocco,0.00014,1896.5
Uruguay,final,Belgium,0.0001,1897.7
Uruguay,final,United States,0.0001,1866.7
Uruguay,final,Australia,8e-05,1806.2
Uruguay,final,Switzerland,8e-05,1892.8
Uruguay,final,Canada,6e-05,1835.5
Uruguay,final,Croatia,6e-05,1867.1
Uruguay,final,Algeria,2e-05,1784.8
Uruguay,final,Iran,2e-05,1788.7
Uruguay,final,Paraguay,2e-05,1826.8
Uruguay,final,Scotland,2e-05,1773.8
Uruguay,final,Senegal,2e-05,1834.5
Uruguay,final,South Korea,2e-05,1771.5
Uruguay,quarter_final,Spain,0.02104,2156.2
Uruguay,quarter_final,United States,0.00814,1866.7
Uruguay,quarter_final,Portugal,0.0054,1995.2
Uruguay,quarter_final,Colombia,0.00526,2005.8
Uruguay,quarter_final,Austria,0.00342,1894.3
Uruguay,quarter_final,Belgium,0.0033,1897.7
Uruguay,quarter_final,Argentina,0.00238,2165.3
Uruguay,quarter_final,Croatia,0.00228,1867.1
Uruguay,quarter_final,Norway,0.00202,1936.7
Uruguay,quarter_final,Brazil,0.00184,2020.0
Uruguay,quarter_final,France,0.00146,2121.4
Uruguay,quarter_final,Japan,0.00136,1966.0
Uruguay,quarter_final,Iran,0.00122,1788.7
Uruguay,quarter_final,Switzerland,0.00114,1892.8
Uruguay,quarter_final,Senegal,0.00112,1834.5
Uruguay,quarter_final,Egypt,0.001,1718.7
Uruguay,quarter_final,Canada,0.00094,1835.5
Uruguay,quarter_final,Algeria,0.00084,1784.8
Uruguay,quarter_final,Morocco,0.00082,1896.5
Uruguay,quarter_final,Netherlands,0.00078,1988.0
Uruguay,quarter_final,Ivory Coast,0.00076,1764.0
Uruguay,quarter_final,England,0.00056,2076.8
Uruguay,quarter_final,Bosnia and Herzegovina,0.00052,1574.5
Uruguay,quarter_final,Saudi Arabia,0.00038,1567.9
Uruguay,quarter_final,Czechia,0.00034,1700.3
Uruguay,quarter_final,South Korea,0.00034,1771.5
Uruguay,quarter_final,DR Congo,0.00024,1680.2
Uruguay,quarter_final,Ecuador,0.00024,1869.7
Uruguay,quarter_final,Uzbekistan,0.00022,1673.2
Uruguay,quarter_final,Cape Verde,0.0002,1634.0
Uruguay,quarter_final,Sweden,0.0002,1725.7
Uruguay,quarter_final,Paraguay,0.00018,1826.8
Uruguay,quarter_final,Australia,0.0001,1806.2
Uruguay,quarter_final,Ghana,0.0001,1527.5
Uruguay,quarter_final,Scotland,0.0001,1773.8
Uruguay,quarter_final,Jordan,8e-05,1612.9
Uruguay,quarter_final,New Zealand,8e-05,1551.7
Uruguay,quarter_final,Panama,8e-05,1673.3
Uruguay,quarter_final,Qatar,6e-05,1402.7
Uruguay,quarter_final,Curacao,2e-05,1421.3
Uruguay,quarter_final,Iraq,2e-05,1583.0
Uruguay,quarter_final,Turkey,2e-05,1824.0
Uruguay,round_of_16,United States,0.048,1866.7
Uruguay,round_of_16,England,0.02156,2076.8
Uruguay,round_of_16,Portugal,0.0158,1995.2
Uruguay,round_of_16,Croatia,0.01344,1867.1
Uruguay,round_of_16,Colombia,0.0084,2005.8
Uruguay,round_of_16,Bosnia and Herzegovina,0.0051,1574.5
Uruguay,round_of_16,Australia,0.00486,1806.2
Uruguay,round_of_16,DR Congo,0.00428,1680.2
Uruguay,round_of_16,Senegal,0.00362,1834.5
Uruguay,round_of_16,Belgium,0.00306,1897.7
Uruguay,round_of_16,Algeria,0.00288,1784.8
Uruguay,round_of_16,Paraguay,0.00256,1826.8
Uruguay,round_of_16,Norway,0.00226,1936.7
Uruguay,round_of_16,Uzbekistan,0.00216,1673.2
Uruguay,round_of_16,Austria,0.00192,1894.3
Uruguay,round_of_16,Ghana,0.00184,1527.5
Uruguay,round_of_16,Ecuador,0.0017,1869.7
Uruguay,round_of_16,Iran,0.0017,1788.7
Uruguay,round_of_16,Egypt,0.00144,1718.7
Uruguay,round_of_16,Panama,0.00094,1673.3
Uruguay,round_of_16,Qatar,0.00084,1402.7
Uruguay,round_of_16,Jordan,0.00082,1612.9
Uruguay,round_of_16,Germany,0.00058,1997.8
Uruguay,round_of_16,New Zealand,0.0005,1551.7
Uruguay,round_of_16,Ivory Coast,0.00048,1764.0
Uruguay,round_of_16,Mexico,0.00036,1973.7
Uruguay,round_of_16,Iraq,0.00028,1583.0
Uruguay,round_of_16,Switzerland,0.00022,1892.8
Uruguay,round_of_16,France,0.0002,2121.4
Uruguay,round_of_16,Scotland,0.00018,1773.8
Uruguay,round_of_16,Argentina,8e-05,2165.3
Uruguay,round_of_16,Sweden,6e-05,1725.7
Uruguay,round_of_16,Turkey,6e-05,1824.0
Uruguay,round_of_16,Brazil,4e-05,2020.0
Uruguay,round_of_16,Canada,2e-05,1835.5
Uruguay,round_of_16,Japan,2e-05,1966.0
Uruguay,round_of_16,South Korea,2e-05,1771.5
Uruguay,round_of_32,Austria,0.07512,1894.3
Uruguay,round_of_32,Argentina,0.0716,2165.3
Uruguay,round_of_32,Mexico,0.06244,1973.7
Uruguay,round_of_32,Egypt,0.04264,1718.7
Uruguay,round_of_32,Belgium,0.04192,1897.7
Uruguay,round_of_32,Iran,0.0249,1788.7
Uruguay,round_of_32,Algeria,0.02034,1784.8
Uruguay,round_of_32,New Zealand,0.0097,1551.7
Uruguay,round_of_32,South Korea,0.00818,1771.5
Uruguay,round_of_32,France,0.003,2121.4
Uruguay,round_of_32,England,0.00254,2076.8
Uruguay,round_of_32,Jordan,0.0018,1612.9
Uruguay,round_of_32,Norway,0.00066,1936.7
Uruguay,round_of_32,Croatia,0.0001,1867.1
Uruguay,round_of_32,Senegal,8e-05,1834.5
Uruguay,round_of_32,Ghana,4e-05,1527.5
Uruguay,round_of_32,Panama,2e-05,1673.3
Uruguay,semi_final,France,0.00544,2121.4
Uruguay,semi_final,Germany,0.00348,1997.8
Uruguay,semi_final,Netherlands,0.00224,1988.0
Uruguay,semi_final,Japan,0.0017,1966.0
Uruguay,semi_final,Argentina,0.0016,2165.3
Uruguay,semi_final,Brazil,0.00142,2020.0
Uruguay,semi_final,Morocco,0.00134,1896.5
Uruguay,semi_final,Norway,0.001,1936.7
Uruguay,semi_final,England,0.00092,2076.8
Uruguay,semi_final,Switzerland,0.00088,1892.8
Uruguay,semi_final,Mexico,0.00052,1973.7
Uruguay,semi_final,Colombia,0.0005,2005.8
Uruguay,semi_final,Canada,0.00042,1835.5
Uruguay,semi_final,South Korea,0.0004,1771.5
Uruguay,semi_final,Spain,0.0004,2156.2
Uruguay,semi_final,Portugal,0.00032,1995.2
Uruguay,semi_final,Scotland,0.00024,1773.8
Uruguay,semi_final,Paraguay,0.00022,1826.8
Uruguay,semi_final,Sweden,0.00022,1725.7
Uruguay,semi_final,Belgium,0.00014,1897.7
Uruguay,semi_final,Senegal,0.00014,1834.5
Uruguay,semi_final,Australia,0.00012,1806.2
Uruguay,semi_final,Austria,0.0001,1894.3
Uruguay,semi_final,Ivory Coast,6e-05,1764.0
Uruguay,semi_final,Croatia,4e-05,1867.1
Uruguay,semi_final,Turkey,4e-05,1824.0
Uruguay,semi_final,Algeria,2e-05,1784.8
Uruguay,semi_final,Ecuador,2e-05,1869.7
Uruguay,semi_final,Iran,2e-05,1788.7
Uruguay,semi_final,United States,2e-05,1866.7
Uzbekistan,final,Argentina,0.0001,2165.3
Uzbekistan,final,Colombia,6e-05,2005.8
Uzbekistan,final,Spain,6e-05,2156.2
Uzbekistan,final,Brazil,4e-05,2020.0
Uzbekistan,final,France,4e-05,2121.4
Uzbekistan,final,Netherlands,4e-05,1988.0
Uzbekistan,final,Switzerland,4e-05,1892.8
Uzbekistan,final,Australia,2e-05,1806.2
Uzbekistan,final,Canada,2e-05,1835.5
Uzbekistan,final,Germany,2e-05,1997.8
Uzbekistan,final,Mexico,2e-05,1973.7
Uzbekistan,final,Norway,2e-05,1936.7
Uzbekistan,quarter_final,United States,0.00194,1866.7
Uzbekistan,quarter_final,Brazil,0.00148,2020.0
Uzbekistan,quarter_final,Argentina,0.0012,2165.3
Uzbekistan,quarter_final,Norway,0.0012,1936.7
Uzbekistan,quarter_final,Belgium,0.001,1897.7
Uzbekistan,quarter_final,Japan,0.00098,1966.0
Uzbekistan,quarter_final,France,0.00092,2121.4
Uzbekistan,quarter_final,Morocco,0.0005,1896.5
Uzbekistan,quarter_final,Netherlands,0.0005,1988.0
Uzbekistan,quarter_final,Senegal,0.00044,1834.5
Uzbekistan,quarter_final,Egypt,0.00034,1718.7
Uzbekistan,quarter_final,Ivory Coast,0.0003,1764.0
Uzbekistan,quarter_final,Austria,0.00028,1894.3
Uzbekistan,quarter_final,Ecuador,0.00022,1869.7
Uzbekistan,quarter_final,Iran,0.00022,1788.7
Uzbekistan,quarter_final,Uruguay,0.00022,1840.2
Uzbekistan,quarter_final,South Korea,0.00016,1771.5
Uzbekistan,quarter_final,Bosnia and Herzegovina,0.00014,1574.5
Uzbekistan,quarter_final,Spain,0.00014,2156.2
Uzbekistan,quarter_final,Algeria,0.00012,1784.8
Uzbekistan,quarter_final,Australia,0.0001,1806.2
Uzbekistan,quarter_final,Cape Verde,6e-05,1634.0
Uzbekistan,quarter_final,Czechia,6e-05,1700.3
Uzbekistan,quarter_final,Paraguay,4e-05,1826.8
Uzbekistan,quarter_final,Saudi Arabia,4e-05,1567.9
Uzbekistan,quarter_final,Germany,2e-05,1997.8
Uzbekistan,quarter_final,Iraq,2e-05,1583.0
Uzbekistan,quarter_final,New Zealand,2e-05,1551.7
Uzbekistan,quarter_final,Sweden,2e-05,1725.7
Uzbekistan,round_of_16,Spain,0.02482,2156.2
Uzbekistan,round_of_16,Mexico,0.01834,1973.7
Uzbekistan,round_of_16,Austria,0.00644,1894.3
Uzbekistan,round_of_16,Scotland,0.00462,1773.8
Uzbekistan,round_of_16,Argentina,0.00274,2165.3
Uzbekistan,round_of_16,Uruguay,0.00216,1840.2
Uzbekistan,round_of_16,Canada,0.0019,1835.5
Uzbekistan,round_of_16,Brazil,0.00172,2020.0
Uzbekistan,round_of_16,Algeria,0.00164,1784.8
Uzbekistan,round_of_16,Switzerland,0.0014,1892.8
Uzbekistan,round_of_16,Ecuador,0.00116,1869.7
Uzbekistan,round_of_16,South Korea,0.00062,1771.5
Uzbekistan,round_of_16,Senegal,0.0005,1834.5
Uzbekistan,round_of_16,Egypt,0.00048,1718.7
Uzbekistan,round_of_16,Cape Verde,0.0004,1634.0
Uzbekistan,round_of_16,Belgium,0.00034,1897.7
Uzbekistan,round_of_16,Iran,0.00034,1788.7
Uzbekistan,round_of_16,Ivory Coast,0.00028,1764.0
Uzbekistan,round_of_16,Norway,0.00026,1936.7
Uzbekistan,round_of_16,Morocco,0.00018,1896.5
Uzbekistan,round_of_16,Jordan,0.00012,1612.9
Uzbekistan,round_of_16,New Zealand,8e-05,1551.7
Uzbekistan,round_of_16,France,4e-05,2121.4
Uzbekistan,round_of_16,Iraq,4e-05,1583.0
Uzbekistan,round_of_16,Sweden,4e-05,1725.7
Uzbekistan,round_of_16,Curacao,2e-05,1421.3
Uzbekistan,round_of_16,Haiti,2e-05,1503.7
Uzbekistan,round_of_32,England,0.22536,2076.8
Uzbekistan,round_of_32,Croatia,0.07268,1867.1
Uzbekistan,round_of_32,Ghana,0.0288,1527.5
Uzbekistan,round_of_32,Panama,0.01006,1673.3
Uzbekistan,round_of_32,Senegal,0.0015,1834.5
Uzbekistan,round_of_32,Norway,0.00074,1936.7
Uzbekistan,round_of_32,Ecuador,0.00044,1869.7
Uzbekistan,round_of_32,Iraq,0.00036,1583.0
Uzbekistan,round_of_32,Ivory Coast,0.00018,1764.0
Uzbekistan,round_of_32,Paraguay,0.0001,1826.8
Uzbekistan,round_of_32,Australia,8e-05,1806.2
Uzbekistan,round_of_32,Curacao,6e-05,1421.3
Uzbekistan,round_of_32,Austria,4e-05,1894.3
Uzbekistan,round_of_32,Turkey,4e-05,1824.0
Uzbekistan,round_of_32,Algeria,2e-05,1784.8
Uzbekistan,round_of_32,France,2e-05,2121.4
Uzbekistan,semi_final,Argentina,0.00066,2165.3
Uzbekistan,semi_final,France,0.0005,2121.4
Uzbekistan,semi_final,Germany,0.00032,1997.8
Uzbekistan,semi_final,Colombia,0.00022,2005.8
Uzbekistan,semi_final,Japan,0.00016,1966.0
Uzbekistan,semi_final,Netherlands,0.00014,1988.0
Uzbekistan,semi_final,England,0.0001,2076.8
Uzbekistan,semi_final,Morocco,0.0001,1896.5
Uzbekistan,semi_final,Switzerland,0.0001,1892.8
Uzbekistan,semi_final,Norway,8e-05,1936.7
Uzbekistan,semi_final,Australia,6e-05,1806.2
Uzbekistan,semi_final,Paraguay,6e-05,1826.8
Uzbekistan,semi_final,Austria,4e-05,1894.3
Uzbekistan,semi_final,Brazil,4e-05,2020.0
Uzbekistan,semi_final,Canada,4e-05,1835.5
Uzbekistan,semi_final,Mexico,4e-05,1973.7
Uzbekistan,semi_final,Portugal,4e-05,1995.2
Uzbekistan,semi_final,Spain,4e-05,2156.2
Uzbekistan,semi_final,Belgium,2e-05,1897.7
Uzbekistan,semi_final,DR Congo,2e-05,1680.2
Uzbekistan,semi_final,Egypt,2e-05,1718.7
Uzbekistan,semi_final,Iran,2e-05,1788.7
Uzbekistan,semi_final,Senegal,2e-05,1834.5
Uzbekistan,semi_final,South Korea,2e-05,1771.5
Uzbekistan,semi_final,United States,2e-05,1866.7
